# Blender 4.1.1
# www.blender.org
mtllib Dizzie.mtl
o Head
v -0.275000 0.771917 0.250000
v -0.275000 1.271917 0.250000
v -0.275000 0.771917 -0.250000
v -0.275000 1.271917 -0.250000
v 0.275000 0.771917 0.250000
v 0.275000 1.271917 0.250000
v 0.275000 0.771917 -0.250000
v 0.275000 1.271917 -0.250000
v -0.315113 0.735451 -0.148325
v -0.335262 0.717134 0.000000
v -0.315113 0.735451 0.148325
v -0.315113 0.873592 0.286466
v -0.335262 1.021917 0.304784
v -0.315113 1.170242 0.286466
v -0.315113 1.308384 0.148325
v -0.335262 1.326701 0.000000
v -0.315113 1.308384 -0.148325
v -0.315113 1.170242 -0.286466
v -0.335262 1.021917 -0.304784
v -0.315113 0.873592 -0.286466
v 0.163157 0.735451 -0.286466
v -0.000000 0.717134 -0.304784
v -0.163158 0.735451 -0.286466
v -0.163158 1.308384 -0.286466
v -0.000000 1.326701 -0.304784
v 0.163157 1.308384 -0.286466
v 0.315113 1.170242 -0.286466
v 0.335262 1.021917 -0.304784
v 0.315113 0.873592 -0.286466
v 0.315113 0.735451 0.148325
v 0.335262 0.717134 -0.000000
v 0.315113 0.735451 -0.148325
v 0.315113 1.308384 -0.148325
v 0.335262 1.326701 -0.000000
v 0.315113 1.308384 0.148325
v 0.315113 1.170242 0.286466
v 0.335262 1.021917 0.304784
v 0.315113 0.873592 0.286466
v -0.163157 0.735451 0.286466
v 0.000000 0.717134 0.304784
v 0.163158 0.735451 0.286466
v 0.163158 1.308384 0.286466
v 0.000000 1.326701 0.304784
v -0.163157 1.308384 0.286466
v -0.400944 0.863839 0.158079
v -0.430006 1.021917 0.166570
v -0.400944 1.179996 0.158079
v -0.430006 0.855347 0.000000
v -0.461728 1.021917 0.000000
v -0.430006 1.188488 0.000000
v -0.400944 0.863839 -0.158078
v -0.430006 1.021917 -0.166570
v -0.400944 1.179996 -0.158078
v -0.173886 0.863839 -0.364495
v -0.183227 1.021917 -0.390914
v -0.173886 1.179996 -0.364495
v -0.000000 0.855347 -0.390914
v -0.000000 1.021917 -0.419753
v -0.000000 1.188488 -0.390914
v 0.173886 0.863839 -0.364495
v 0.183227 1.021917 -0.390914
v 0.173886 1.179996 -0.364495
v 0.400944 0.863839 -0.158079
v 0.430006 1.021917 -0.166570
v 0.400944 1.179996 -0.158079
v 0.430006 0.855347 -0.000000
v 0.461728 1.021917 -0.000000
v 0.430006 1.188488 -0.000000
v 0.400944 0.863839 0.158078
v 0.430006 1.021917 0.166570
v 0.400944 1.179996 0.158078
v 0.173886 0.863839 0.364495
v 0.183227 1.021917 0.390914
v 0.173886 1.179996 0.364495
v 0.000000 0.855347 0.390914
v 0.000000 1.021917 0.419753
v 0.000000 1.188488 0.390914
v -0.173886 0.863839 0.364495
v -0.183227 1.021917 0.390914
v -0.173886 1.179996 0.364495
v -0.173886 0.657423 -0.158079
v -0.000000 0.631003 -0.166570
v 0.173886 0.657423 -0.158079
v -0.183227 0.631003 0.000000
v -0.000000 0.602164 0.000000
v 0.183227 0.631003 -0.000000
v -0.173886 0.657423 0.158079
v 0.000000 0.631003 0.166570
v 0.173886 0.657423 0.158079
v 0.173886 1.386412 -0.158079
v -0.000000 1.412832 -0.166570
v -0.173886 1.386412 -0.158078
v 0.183227 1.412832 -0.000000
v -0.000000 1.441671 0.000000
v -0.183227 1.412832 0.000000
v 0.173886 1.386412 0.158079
v 0.000000 1.412832 0.166570
v -0.173886 1.386412 0.158079
vn -0.9650 -0.1855 0.1855
vn -0.9650 0.1855 0.1855
vn -0.9650 -0.1855 -0.1855
vn -0.9650 0.1855 -0.1855
vn -0.7182 -0.4920 0.4920
vn -0.8115 -0.1790 0.5562
vn -0.8115 0.1790 0.5562
vn -0.7182 0.4920 0.4920
vn -0.8115 0.5562 0.1790
vn -0.8115 0.5562 -0.1790
vn -0.7182 0.4920 -0.4920
vn -0.8115 0.1790 -0.5562
vn -0.8115 -0.1790 -0.5562
vn -0.7182 -0.4920 -0.4920
vn -0.8115 -0.5562 -0.1790
vn -0.8115 -0.5562 0.1790
vn -0.1546 -0.1701 -0.9732
vn -0.1546 0.1701 -0.9732
vn 0.1546 -0.1701 -0.9732
vn 0.1546 0.1701 -0.9732
vn -0.4332 -0.4765 -0.7651
vn -0.4855 -0.1719 -0.8572
vn -0.4855 0.1719 -0.8572
vn -0.4332 0.4765 -0.7651
vn -0.1529 0.5226 -0.8387
vn 0.1529 0.5226 -0.8387
vn 0.4332 0.4765 -0.7651
vn 0.4855 0.1719 -0.8572
vn 0.4855 -0.1719 -0.8572
vn 0.4332 -0.4765 -0.7651
vn 0.1529 -0.5226 -0.8387
vn -0.1529 -0.5226 -0.8387
vn 0.9650 -0.1855 -0.1855
vn 0.9650 0.1855 -0.1855
vn 0.9650 -0.1855 0.1855
vn 0.9650 0.1855 0.1855
vn 0.7182 -0.4920 -0.4920
vn 0.8115 -0.1790 -0.5562
vn 0.8115 0.1790 -0.5562
vn 0.7182 0.4920 -0.4920
vn 0.8115 0.5562 -0.1790
vn 0.8115 0.5562 0.1790
vn 0.7182 0.4920 0.4920
vn 0.8115 0.1790 0.5562
vn 0.8115 -0.1790 0.5562
vn 0.7182 -0.4920 0.4920
vn 0.8115 -0.5562 0.1790
vn 0.8115 -0.5562 -0.1790
vn 0.1546 -0.1701 0.9732
vn 0.1546 0.1701 0.9732
vn -0.1546 -0.1701 0.9732
vn -0.1546 0.1701 0.9732
vn 0.4332 -0.4765 0.7651
vn 0.4855 -0.1719 0.8572
vn 0.4855 0.1719 0.8572
vn 0.4332 0.4765 0.7651
vn 0.1529 0.5226 0.8387
vn -0.1529 0.5226 0.8387
vn -0.4332 0.4765 0.7651
vn -0.4855 0.1719 0.8572
vn -0.4855 -0.1719 0.8572
vn -0.4332 -0.4765 0.7651
vn -0.1529 -0.5226 0.8387
vn 0.1529 -0.5226 0.8387
vn -0.1546 -0.9732 -0.1701
vn 0.1546 -0.9732 -0.1701
vn -0.1546 -0.9732 0.1701
vn 0.1546 -0.9732 0.1701
vn -0.4332 -0.7651 -0.4765
vn -0.1529 -0.8387 -0.5226
vn 0.1529 -0.8387 -0.5226
vn 0.4332 -0.7651 -0.4765
vn 0.4855 -0.8572 -0.1719
vn 0.4855 -0.8572 0.1719
vn 0.4332 -0.7651 0.4765
vn 0.1529 -0.8387 0.5226
vn -0.1529 -0.8387 0.5226
vn -0.4332 -0.7651 0.4765
vn -0.4855 -0.8572 0.1719
vn -0.4855 -0.8572 -0.1719
vn 0.1546 0.9732 -0.1701
vn -0.1546 0.9732 -0.1701
vn 0.1546 0.9732 0.1701
vn -0.1546 0.9732 0.1701
vn 0.4332 0.7651 -0.4765
vn 0.1529 0.8387 -0.5226
vn -0.1529 0.8387 -0.5226
vn -0.4332 0.7651 -0.4765
vn -0.4855 0.8572 -0.1719
vn -0.4855 0.8572 0.1719
vn -0.4332 0.7651 0.4765
vn -0.1529 0.8387 0.5226
vn 0.1529 0.8387 0.5226
vn 0.4332 0.7651 0.4765
vn 0.4855 0.8572 0.1719
vn 0.4855 0.8572 -0.1719
vt 0.437500 0.062500
vt 0.500000 0.062500
vt 0.500000 0.125000
vt 0.437500 0.125000
vt 0.562500 0.062500
vt 0.562500 0.125000
vt 0.500000 0.187500
vt 0.437500 0.187500
vt 0.562500 0.187500
vt 0.375000 0.000000
vt 0.437500 0.000000
vt 0.375000 0.062500
vt 0.500000 0.000000
vt 0.562500 0.000000
vt 0.625000 0.000000
vt 0.625000 0.062500
vt 0.625000 0.125000
vt 0.625000 0.187500
vt 0.625000 0.250000
vt 0.562500 0.250000
vt 0.500000 0.250000
vt 0.437500 0.250000
vt 0.375000 0.187500
vt 0.375000 0.250000
vt 0.375000 0.125000
vt 0.437500 0.312500
vt 0.500000 0.312500
vt 0.500000 0.375000
vt 0.437500 0.375000
vt 0.562500 0.312500
vt 0.562500 0.375000
vt 0.500000 0.437500
vt 0.437500 0.437500
vt 0.562500 0.437500
vt 0.375000 0.312500
vt 0.625000 0.312500
vt 0.625000 0.375000
vt 0.625000 0.437500
vt 0.625000 0.500000
vt 0.562500 0.500000
vt 0.500000 0.500000
vt 0.437500 0.500000
vt 0.375000 0.437500
vt 0.375000 0.500000
vt 0.375000 0.375000
vt 0.437500 0.562500
vt 0.500000 0.562500
vt 0.500000 0.625000
vt 0.437500 0.625000
vt 0.562500 0.562500
vt 0.562500 0.625000
vt 0.500000 0.687500
vt 0.437500 0.687500
vt 0.562500 0.687500
vt 0.375000 0.562500
vt 0.625000 0.562500
vt 0.625000 0.625000
vt 0.625000 0.687500
vt 0.625000 0.750000
vt 0.562500 0.750000
vt 0.500000 0.750000
vt 0.437500 0.750000
vt 0.375000 0.687500
vt 0.375000 0.750000
vt 0.375000 0.625000
vt 0.437500 0.812500
vt 0.500000 0.812500
vt 0.500000 0.875000
vt 0.437500 0.875000
vt 0.562500 0.812500
vt 0.562500 0.875000
vt 0.500000 0.937500
vt 0.437500 0.937500
vt 0.562500 0.937500
vt 0.375000 0.812500
vt 0.625000 0.812500
vt 0.625000 0.875000
vt 0.625000 0.937500
vt 0.625000 1.000000
vt 0.562500 1.000000
vt 0.500000 1.000000
vt 0.437500 1.000000
vt 0.375000 0.937500
vt 0.375000 1.000000
vt 0.375000 0.875000
vt 0.187500 0.562500
vt 0.250000 0.562500
vt 0.250000 0.625000
vt 0.187500 0.625000
vt 0.312500 0.562500
vt 0.312500 0.625000
vt 0.250000 0.687500
vt 0.187500 0.687500
vt 0.312500 0.687500
vt 0.125000 0.500000
vt 0.187500 0.500000
vt 0.125000 0.562500
vt 0.250000 0.500000
vt 0.312500 0.500000
vt 0.312500 0.750000
vt 0.250000 0.750000
vt 0.187500 0.750000
vt 0.125000 0.687500
vt 0.125000 0.750000
vt 0.125000 0.625000
vt 0.687500 0.562500
vt 0.750000 0.562500
vt 0.750000 0.625000
vt 0.687500 0.625000
vt 0.812500 0.562500
vt 0.812500 0.625000
vt 0.750000 0.687500
vt 0.687500 0.687500
vt 0.812500 0.687500
vt 0.687500 0.500000
vt 0.750000 0.500000
vt 0.812500 0.500000
vt 0.875000 0.500000
vt 0.875000 0.562500
vt 0.875000 0.625000
vt 0.875000 0.687500
vt 0.875000 0.750000
vt 0.812500 0.750000
vt 0.750000 0.750000
vt 0.687500 0.750000
s 0
usemtl 
f 45/1/1 46/2/1 49/3/1 48/4/1
f 46/2/2 47/5/2 50/6/2 49/3/2
f 48/4/3 49/3/3 52/7/3 51/8/3
f 49/3/4 50/6/4 53/9/4 52/7/4
f 1/10/5 12/11/5 45/1/5 11/12/5
f 12/11/6 13/13/6 46/2/6 45/1/6
f 13/13/7 14/14/7 47/5/7 46/2/7
f 14/14/8 2/15/8 15/16/8 47/5/8
f 47/5/9 15/16/9 16/17/9 50/6/9
f 50/6/10 16/17/10 17/18/10 53/9/10
f 53/9/11 17/18/11 4/19/11 18/20/11
f 52/7/12 53/9/12 18/20/12 19/21/12
f 51/8/13 52/7/13 19/21/13 20/22/13
f 9/23/14 51/8/14 20/22/14 3/24/14
f 10/25/15 48/4/15 51/8/15 9/23/15
f 11/12/16 45/1/16 48/4/16 10/25/16
f 54/26/17 55/27/17 58/28/17 57/29/17
f 55/27/18 56/30/18 59/31/18 58/28/18
f 57/29/19 58/28/19 61/32/19 60/33/19
f 58/28/20 59/31/20 62/34/20 61/32/20
f 3/24/21 20/22/21 54/26/21 23/35/21
f 20/22/22 19/21/22 55/27/22 54/26/22
f 19/21/23 18/20/23 56/30/23 55/27/23
f 18/20/24 4/19/24 24/36/24 56/30/24
f 56/30/25 24/36/25 25/37/25 59/31/25
f 59/31/26 25/37/26 26/38/26 62/34/26
f 62/34/27 26/38/27 8/39/27 27/40/27
f 61/32/28 62/34/28 27/40/28 28/41/28
f 60/33/29 61/32/29 28/41/29 29/42/29
f 21/43/30 60/33/30 29/42/30 7/44/30
f 22/45/31 57/29/31 60/33/31 21/43/31
f 23/35/32 54/26/32 57/29/32 22/45/32
f 63/46/33 64/47/33 67/48/33 66/49/33
f 64/47/34 65/50/34 68/51/34 67/48/34
f 66/49/35 67/48/35 70/52/35 69/53/35
f 67/48/36 68/51/36 71/54/36 70/52/36
f 7/44/37 29/42/37 63/46/37 32/55/37
f 29/42/38 28/41/38 64/47/38 63/46/38
f 28/41/39 27/40/39 65/50/39 64/47/39
f 27/40/40 8/39/40 33/56/40 65/50/40
f 65/50/41 33/56/41 34/57/41 68/51/41
f 68/51/42 34/57/42 35/58/42 71/54/42
f 71/54/43 35/58/43 6/59/43 36/60/43
f 70/52/44 71/54/44 36/60/44 37/61/44
f 69/53/45 70/52/45 37/61/45 38/62/45
f 30/63/46 69/53/46 38/62/46 5/64/46
f 31/65/47 66/49/47 69/53/47 30/63/47
f 32/55/48 63/46/48 66/49/48 31/65/48
f 72/66/49 73/67/49 76/68/49 75/69/49
f 73/67/50 74/70/50 77/71/50 76/68/50
f 75/69/51 76/68/51 79/72/51 78/73/51
f 76/68/52 77/71/52 80/74/52 79/72/52
f 5/64/53 38/62/53 72/66/53 41/75/53
f 38/62/54 37/61/54 73/67/54 72/66/54
f 37/61/55 36/60/55 74/70/55 73/67/55
f 36/60/56 6/59/56 42/76/56 74/70/56
f 74/70/57 42/76/57 43/77/57 77/71/57
f 77/71/58 43/77/58 44/78/58 80/74/58
f 80/74/59 44/78/59 2/79/59 14/80/59
f 79/72/60 80/74/60 14/80/60 13/81/60
f 78/73/61 79/72/61 13/81/61 12/82/61
f 39/83/62 78/73/62 12/82/62 1/84/62
f 40/85/63 75/69/63 78/73/63 39/83/63
f 41/75/64 72/66/64 75/69/64 40/85/64
f 81/86/65 82/87/65 85/88/65 84/89/65
f 82/87/66 83/90/66 86/91/66 85/88/66
f 84/89/67 85/88/67 88/92/67 87/93/67
f 85/88/68 86/91/68 89/94/68 88/92/68
f 3/95/69 23/96/69 81/86/69 9/97/69
f 23/96/70 22/98/70 82/87/70 81/86/70
f 22/98/71 21/99/71 83/90/71 82/87/71
f 21/99/72 7/44/72 32/55/72 83/90/72
f 83/90/73 32/55/73 31/65/73 86/91/73
f 86/91/74 31/65/74 30/63/74 89/94/74
f 89/94/75 30/63/75 5/64/75 41/100/75
f 88/92/76 89/94/76 41/100/76 40/101/76
f 87/93/77 88/92/77 40/101/77 39/102/77
f 11/103/78 87/93/78 39/102/78 1/104/78
f 10/105/79 84/89/79 87/93/79 11/103/79
f 9/97/80 81/86/80 84/89/80 10/105/80
f 90/106/81 91/107/81 94/108/81 93/109/81
f 91/107/82 92/110/82 95/111/82 94/108/82
f 93/109/83 94/108/83 97/112/83 96/113/83
f 94/108/84 95/111/84 98/114/84 97/112/84
f 8/39/85 26/115/85 90/106/85 33/56/85
f 26/115/86 25/116/86 91/107/86 90/106/86
f 25/116/87 24/117/87 92/110/87 91/107/87
f 24/117/88 4/118/88 17/119/88 92/110/88
f 92/110/89 17/119/89 16/120/89 95/111/89
f 95/111/90 16/120/90 15/121/90 98/114/90
f 98/114/91 15/121/91 2/122/91 44/123/91
f 97/112/92 98/114/92 44/123/92 43/124/92
f 96/113/93 97/112/93 43/124/93 42/125/93
f 35/58/94 96/113/94 42/125/94 6/59/94
f 34/57/95 93/109/95 96/113/95 35/58/95
f 33/56/96 90/106/96 93/109/96 34/57/96
o Torso
v -0.233742 -1.043426 0.213154
v -0.175880 0.269680 0.166908
v -0.233742 -1.043426 -0.160889
v -0.175880 0.269680 -0.114643
v 0.234254 -1.043426 0.213154
v 0.176392 0.269680 0.166908
v 0.234254 -1.043426 -0.160889
v 0.176392 0.269680 -0.114643
v -0.076680 0.470725 0.087622
v -0.076680 0.470725 -0.035357
v 0.077191 0.470725 -0.035357
v 0.077191 0.470725 0.087622
v -0.151812 0.403624 0.147671
v -0.151812 0.403624 -0.095406
v 0.152323 0.403624 -0.095406
v 0.152323 0.403624 0.147671
v -0.042819 0.682568 0.060559
v -0.042819 0.682568 -0.008294
v 0.043330 0.682568 -0.008294
v 0.043330 0.682568 0.060559
v -0.224819 -0.364439 0.206022
v -0.224819 -0.364439 -0.153757
v 0.225330 -0.364439 -0.153757
v 0.225330 -0.364439 0.206022
v -0.273162 -1.078530 -0.085660
v -0.293381 -1.096164 0.026132
v -0.273162 -1.078530 0.137925
v -0.204178 -0.165199 0.189525
v -0.190156 0.011305 0.178317
v -0.181230 0.158467 0.171184
v -0.225419 0.269680 0.103119
v -0.241931 0.269680 0.026132
v -0.225419 0.269680 -0.050854
v -0.250374 -0.576432 -0.174181
v -0.266236 -0.777681 -0.186859
v -0.258419 -0.942411 -0.180611
v 0.140129 -1.078530 -0.192395
v 0.000256 -1.096164 -0.208554
v -0.139618 -1.078530 -0.192395
v -0.096069 0.269680 -0.154236
v 0.000256 0.269680 -0.167434
v 0.096580 0.269680 -0.154236
v 0.250885 -0.576432 -0.174181
v 0.266748 -0.777681 -0.186859
v 0.258930 -0.942411 -0.180611
v 0.273674 -1.078530 0.137925
v 0.293892 -1.096164 0.026132
v 0.273674 -1.078530 -0.085660
v 0.225930 0.269680 -0.050854
v 0.242443 0.269680 0.026132
v 0.225930 0.269680 0.103119
v 0.250885 -0.576432 0.226446
v 0.266748 -0.777681 0.239124
v 0.258930 -0.942411 0.232876
v -0.139618 -1.078530 0.244660
v 0.000256 -1.096164 0.260819
v 0.140129 -1.078530 0.244660
v 0.096580 0.269680 0.206501
v 0.000256 0.269680 0.219699
v -0.096069 0.269680 0.206501
v -0.194581 0.403624 0.092599
v -0.208837 0.403624 0.026132
v -0.194581 0.403624 -0.040334
v -0.082906 0.403624 -0.129589
v 0.000256 0.403624 -0.140983
v 0.083417 0.403624 -0.129589
v 0.195092 0.403624 -0.040334
v 0.209348 0.403624 0.026132
v 0.195092 0.403624 0.092599
v 0.083417 0.403624 0.181854
v 0.000256 0.403624 0.193248
v -0.082906 0.403624 0.181854
v -0.172460 0.341162 0.164174
v -0.168823 0.380424 0.161268
v -0.162698 0.397800 0.156372
v -0.162698 0.397800 -0.104107
v -0.168823 0.380424 -0.109003
v -0.172460 0.341162 -0.111910
v 0.172972 0.341162 0.164174
v 0.169335 0.380424 0.161268
v 0.163209 0.397800 0.156372
v 0.163209 0.397800 -0.104107
v 0.169335 0.380424 -0.109003
v 0.172972 0.341162 -0.111910
v -0.098318 0.470725 0.059760
v -0.105530 0.470725 0.026132
v -0.098318 0.470725 -0.007495
v -0.041818 0.470725 -0.052651
v 0.000256 0.470725 -0.058416
v 0.042330 0.470725 -0.052651
v 0.098829 0.470725 -0.007495
v 0.106041 0.470725 0.026132
v 0.098829 0.470725 0.059760
v 0.042330 0.470725 0.104916
v 0.000256 0.470725 0.110681
v -0.041818 0.470725 0.104916
v -0.134854 0.407491 0.134118
v -0.114353 0.416034 0.117733
v -0.093799 0.435148 0.101305
v -0.093799 0.435148 -0.049040
v -0.114353 0.416035 -0.065468
v -0.134854 0.407491 -0.081853
v 0.094310 0.435148 -0.049040
v 0.114864 0.416035 -0.065468
v 0.135365 0.407491 -0.081853
v 0.094310 0.435148 0.101305
v 0.114864 0.416035 0.117733
v 0.135365 0.407491 0.134118
v -0.049051 0.695767 0.046550
v -0.052178 0.702397 0.026132
v -0.049051 0.695767 0.005715
v -0.025290 0.695767 -0.013276
v 0.000256 0.702397 -0.015775
v 0.025802 0.695767 -0.013276
v 0.049563 0.695767 0.005715
v 0.052689 0.702397 0.026132
v 0.049563 0.695767 0.046550
v 0.025802 0.695767 0.065541
v 0.000256 0.702397 0.068040
v -0.025290 0.695767 0.065541
v 0.065828 0.525314 -0.026276
v 0.057870 0.588082 -0.019915
v 0.050318 0.645267 -0.013880
v 0.050318 0.645267 0.066145
v 0.057870 0.588082 0.072180
v 0.065828 0.525314 0.078541
v -0.065317 0.525313 0.078541
v -0.057358 0.588082 0.072180
v -0.049807 0.645267 0.066145
v -0.049807 0.645267 -0.013880
v -0.057358 0.588082 -0.019915
v -0.065317 0.525314 -0.026276
v -0.258419 -0.942411 0.232876
v -0.266236 -0.777681 0.239124
v -0.250374 -0.576432 0.226446
v -0.181230 0.158467 -0.118919
v -0.190156 0.011305 -0.126052
v -0.204178 -0.165199 -0.137260
v 0.181741 0.158467 -0.118919
v 0.190667 0.011305 -0.126052
v 0.204690 -0.165199 -0.137260
v 0.181741 0.158467 0.171184
v 0.190667 0.011305 0.178317
v 0.204690 -0.165199 0.189525
v 0.123343 -0.364439 0.256616
v 0.000256 -0.364439 0.273480
v -0.122832 -0.364439 0.256616
v 0.288632 -0.364439 -0.072245
v 0.309733 -0.364439 0.026132
v 0.288632 -0.364439 0.124509
v -0.122832 -0.364439 -0.204351
v 0.000256 -0.364439 -0.221215
v 0.123343 -0.364439 -0.204351
v -0.288121 -0.364439 0.124509
v -0.309222 -0.364439 0.026132
v -0.288121 -0.364439 -0.072245
v -0.261675 -0.165199 0.115488
v -0.243709 0.011305 0.109359
v -0.232273 0.158467 0.105457
v -0.280841 -0.165199 0.026132
v -0.261560 0.011305 0.026132
v -0.249287 0.158467 0.026132
v -0.261675 -0.165199 -0.063223
v -0.243709 0.011305 -0.057094
v -0.232273 0.158467 -0.053192
v -0.111544 -0.165199 -0.183214
v -0.103876 0.011305 -0.168854
v -0.098994 0.158467 -0.159714
v 0.000256 -0.165199 -0.198532
v 0.000256 0.011305 -0.183122
v 0.000256 0.158467 -0.173313
v 0.112055 -0.165199 -0.183214
v 0.104387 0.011305 -0.168854
v 0.099506 0.158467 -0.159714
v 0.262187 -0.165199 -0.063223
v 0.244220 0.011305 -0.057094
v 0.232784 0.158467 -0.053192
v 0.281352 -0.165199 0.026132
v 0.262071 0.011305 0.026132
v 0.249798 0.158467 0.026132
v 0.262187 -0.165199 0.115488
v 0.244220 0.011305 0.109358
v 0.232784 0.158467 0.105457
v 0.112055 -0.165199 0.235479
v 0.104387 0.011305 0.221119
v 0.099506 0.158467 0.211979
v 0.000256 -0.165199 0.250797
v 0.000256 0.011305 0.235387
v 0.000256 0.158467 0.225578
v -0.111544 -0.165199 0.235479
v -0.103876 0.011305 0.221119
v -0.098994 0.158467 0.211979
v -0.154482 -1.153646 -0.097541
v 0.000256 -1.179079 -0.105868
v 0.154994 -1.153646 -0.097541
v -0.164902 -1.179079 0.026132
v 0.000256 -1.206841 0.026132
v 0.165413 -1.179079 0.026132
v -0.154482 -1.153646 0.149806
v 0.000256 -1.179079 0.158133
v 0.154994 -1.153646 0.149806
v -0.221037 0.341162 -0.049359
v -0.237229 0.341162 0.026132
v -0.221037 0.341162 0.101624
v -0.216377 0.380424 -0.047770
v -0.232228 0.380424 0.026132
v -0.216377 0.380424 0.100034
v -0.208528 0.397800 -0.045092
v -0.223805 0.397800 0.026132
v -0.208528 0.397800 0.097357
v 0.084274 0.525436 0.054793
v 0.090423 0.525558 0.026132
v 0.084274 0.525436 -0.002528
v 0.074098 0.589060 0.051309
v 0.079516 0.590037 0.026132
v 0.074098 0.589060 0.000955
v 0.063926 0.648919 0.048215
v 0.068522 0.652115 0.026132
v 0.063926 0.648919 0.004050
v -0.094198 0.341162 0.202999
v 0.000256 0.341162 0.215940
v 0.094710 0.341162 0.202999
v -0.092209 0.380424 0.199274
v 0.000256 0.380424 0.211943
v 0.092721 0.380424 0.199274
v -0.088860 0.397800 0.193002
v 0.000256 0.397800 0.205212
v 0.089371 0.397800 0.193002
v 0.094710 0.341162 -0.150734
v 0.000256 0.341162 -0.163675
v -0.094198 0.341162 -0.150734
v 0.092721 0.380424 -0.147010
v 0.000256 0.380424 -0.159678
v -0.092209 0.380424 -0.147010
v 0.089371 0.397800 -0.140737
v 0.000256 0.397800 -0.152947
v -0.088860 0.397800 -0.140737
v 0.221548 0.341162 0.101624
v 0.237740 0.341162 0.026132
v 0.221548 0.341162 -0.049359
v 0.216888 0.380424 0.100034
v 0.232739 0.380424 0.026132
v 0.216888 0.380424 -0.047770
v 0.209040 0.397800 0.097357
v 0.224317 0.397800 0.026132
v 0.209040 0.397800 -0.045092
v -0.120251 0.435148 0.067242
v -0.129069 0.435148 0.026132
v -0.120251 0.435148 -0.014977
v -0.146587 0.416034 0.076226
v -0.157331 0.416034 0.026132
v -0.146587 0.416034 -0.023961
v -0.172853 0.407491 0.085187
v -0.185520 0.407491 0.026132
v -0.172853 0.407491 -0.032922
v -0.051180 0.435148 -0.070182
v 0.000256 0.435148 -0.077229
v 0.051691 0.435148 -0.070182
v -0.062421 0.416034 -0.091230
v 0.000256 0.416034 -0.099818
v 0.062932 0.416034 -0.091230
v -0.073632 0.407491 -0.112224
v 0.000256 0.407491 -0.122347
v 0.074144 0.407491 -0.112224
v 0.120763 0.435148 -0.014977
v 0.129580 0.435148 0.026132
v 0.120763 0.435148 0.067242
v 0.147098 0.416034 -0.023961
v 0.157843 0.416035 0.026132
v 0.147098 0.416034 0.076226
v 0.173365 0.407491 -0.032922
v 0.186031 0.407491 0.026132
v 0.173365 0.407491 0.085187
v 0.051691 0.435148 0.122447
v 0.000256 0.435148 0.129494
v -0.051180 0.435148 0.122447
v 0.062932 0.416034 0.143495
v 0.000256 0.416034 0.152083
v -0.062421 0.416034 0.143495
v 0.074144 0.407491 0.164489
v 0.000256 0.407491 0.174612
v -0.073632 0.407491 0.164489
v 0.027427 0.724009 0.004416
v 0.000256 0.733572 0.003265
v -0.026916 0.724009 0.004416
v 0.028867 0.733572 0.026132
v 0.000256 0.744010 0.026132
v -0.028356 0.733572 0.026132
v 0.027427 0.724009 0.047849
v 0.000256 0.733572 0.049000
v -0.026916 0.724009 0.047849
v -0.083762 0.525436 -0.002528
v -0.089912 0.525558 0.026132
v -0.083762 0.525436 0.054793
v -0.073587 0.589060 0.000955
v -0.079005 0.590037 0.026132
v -0.073587 0.589060 0.051309
v -0.063415 0.648919 0.004050
v -0.068011 0.652115 0.026132
v -0.063415 0.648919 0.048215
v -0.035604 0.525436 0.093283
v 0.000256 0.525558 0.098198
v 0.036115 0.525436 0.093283
v -0.031245 0.589060 0.085151
v 0.000256 0.590037 0.089481
v 0.031757 0.589060 0.085151
v -0.027374 0.648919 0.077021
v 0.000256 0.652115 0.080694
v 0.027885 0.648919 0.077021
v 0.036115 0.525436 -0.041018
v 0.000256 0.525558 -0.045933
v -0.035604 0.525436 -0.041018
v 0.031757 0.589060 -0.032886
v 0.000256 0.590037 -0.037216
v -0.031245 0.589060 -0.032886
v 0.027885 0.648919 -0.024756
v 0.000256 0.652115 -0.028429
v -0.027374 0.648919 -0.024756
v 0.142446 -0.952126 0.291649
v 0.145655 -0.780280 0.300049
v 0.137276 -0.576757 0.282912
v 0.000256 -0.960625 0.312337
v 0.000256 -0.782880 0.320677
v 0.000256 -0.577081 0.301774
v -0.141935 -0.952126 0.291649
v -0.145144 -0.780280 0.300049
v -0.136765 -0.576756 0.282912
v 0.332465 -0.952126 -0.087512
v 0.342976 -0.780280 -0.090077
v 0.321534 -0.576757 -0.083380
v 0.358350 -0.960625 0.026132
v 0.368786 -0.782880 0.026132
v 0.345134 -0.577082 0.026132
v 0.332465 -0.952126 0.139777
v 0.342976 -0.780280 0.142342
v 0.321534 -0.576757 0.135645
v -0.141935 -0.952126 -0.239384
v -0.145144 -0.780280 -0.247784
v -0.136765 -0.576757 -0.230647
v 0.000256 -0.960625 -0.260072
v 0.000256 -0.782880 -0.268413
v 0.000256 -0.577082 -0.249509
v 0.142446 -0.952126 -0.239384
v 0.145655 -0.780280 -0.247784
v 0.137276 -0.576756 -0.230647
v -0.331954 -0.952126 0.139777
v -0.342464 -0.780280 0.142342
v -0.321023 -0.576757 0.135645
v -0.357839 -0.960625 0.026132
v -0.368274 -0.782880 0.026132
v -0.344622 -0.577082 0.026132
v -0.331954 -0.952126 -0.087512
v -0.342464 -0.780280 -0.090077
v -0.321023 -0.576757 -0.083380
vn -0.9722 0.1062 0.2085
vn -0.9745 0.0813 0.2090
vn -0.9722 0.1062 -0.2085
vn -0.9745 0.0813 -0.2090
vn -0.7830 0.1315 0.6080
vn -0.7858 0.1012 0.6102
vn -0.7874 0.0774 0.6115
vn -0.7883 0.0615 0.6122
vn -0.9757 0.0645 0.2093
vn -0.9757 0.0645 -0.2093
vn -0.7883 0.0615 -0.6122
vn -0.7874 0.0774 -0.6115
vn -0.7858 0.1012 -0.6102
vn -0.7830 0.1315 -0.6080
vn -0.9684 0.1379 -0.2077
vn -0.9684 0.1379 0.2077
vn -0.1352 0.0862 -0.9871
vn -0.1354 0.0659 -0.9886
vn 0.1352 0.0862 -0.9871
vn 0.1354 0.0659 -0.9886
vn -0.4412 0.1194 -0.8894
vn -0.4425 0.0918 -0.8920
vn -0.4433 0.0702 -0.8936
vn -0.4437 0.0557 -0.8944
vn -0.1356 0.0523 -0.9894
vn 0.1356 0.0523 -0.9894
vn 0.4437 0.0557 -0.8944
vn 0.4433 0.0702 -0.8936
vn 0.4425 0.0918 -0.8920
vn 0.4412 0.1194 -0.8894
vn 0.1349 0.1121 -0.9845
vn -0.1349 0.1121 -0.9845
vn 0.9722 0.1062 -0.2085
vn 0.9745 0.0813 -0.2090
vn 0.9722 0.1062 0.2085
vn 0.9745 0.0813 0.2090
vn 0.7829 0.1315 -0.6080
vn 0.7858 0.1012 -0.6102
vn 0.7874 0.0774 -0.6115
vn 0.7883 0.0615 -0.6122
vn 0.9757 0.0645 -0.2093
vn 0.9757 0.0645 0.2093
vn 0.7883 0.0615 0.6122
vn 0.7874 0.0774 0.6115
vn 0.7858 0.1012 0.6102
vn 0.7830 0.1315 0.6080
vn 0.9684 0.1379 0.2077
vn 0.9684 0.1379 -0.2077
vn 0.1352 0.0862 0.9871
vn 0.1354 0.0659 0.9886
vn -0.1352 0.0862 0.9871
vn -0.1354 0.0659 0.9886
vn 0.4412 0.1194 0.8894
vn 0.4425 0.0918 0.8920
vn 0.4433 0.0702 0.8936
vn 0.4437 0.0557 0.8944
vn 0.1356 0.0523 0.9894
vn -0.1356 0.0523 0.9894
vn -0.4437 0.0557 0.8944
vn -0.4433 0.0702 0.8936
vn -0.4425 0.0918 0.8920
vn -0.4412 0.1194 0.8894
vn -0.1349 0.1121 0.9845
vn 0.1349 0.1121 0.9845
vn -0.1657 -0.9641 -0.2073
vn 0.1657 -0.9641 -0.2073
vn -0.1657 -0.9641 0.2073
vn 0.1657 -0.9641 0.2073
vn -0.4645 -0.6681 -0.5812
vn -0.1636 -0.7643 -0.6238
vn 0.1636 -0.7643 -0.6238
vn 0.4645 -0.6681 -0.5812
vn 0.5331 -0.8173 -0.2188
vn 0.5331 -0.8173 0.2188
vn 0.4645 -0.6681 0.5812
vn 0.1636 -0.7643 0.6238
vn -0.1636 -0.7643 0.6238
vn -0.4645 -0.6681 0.5812
vn -0.5331 -0.8173 0.2188
vn -0.5331 -0.8173 -0.2188
vn -0.9703 0.1236 -0.2081
vn -0.9703 0.1236 0.2081
vn -0.8835 0.4283 -0.1895
vn -0.8835 0.4283 0.1895
vn -0.7883 0.0611 -0.6122
vn -0.9757 0.0642 -0.2093
vn -0.9757 0.0642 0.2093
vn -0.7883 0.0611 0.6122
vn -0.7843 0.1177 0.6091
vn -0.7199 0.4113 0.5591
vn -0.3046 0.9226 0.2365
vn -0.3615 0.9291 0.0775
vn -0.3615 0.9291 -0.0775
vn -0.3046 0.9226 -0.2365
vn -0.7199 0.4113 -0.5591
vn -0.7843 0.1177 -0.6091
vn 0.9637 0.1643 0.2104
vn 0.9637 0.1643 -0.2104
vn 0.9605 0.1723 0.2187
vn 0.9605 0.1723 -0.2187
vn 0.7629 0.2571 0.5931
vn 0.9417 0.2686 0.2025
vn 0.9417 0.2686 -0.2025
vn 0.7629 0.2571 -0.5931
vn 0.7777 0.1589 -0.6083
vn 0.7723 0.1648 -0.6135
vn 0.7604 0.2448 -0.6015
vn 0.9268 0.2922 -0.2360
vn 0.9268 0.2922 0.2360
vn 0.7604 0.2448 0.6015
vn 0.7723 0.1648 0.6135
vn 0.7777 0.1589 0.6083
vn -0.1351 0.1003 0.9857
vn 0.1351 0.1003 0.9857
vn -0.1267 0.3583 0.9249
vn 0.1267 0.3583 0.9249
vn -0.4437 0.0554 0.8944
vn -0.1356 0.0520 0.9894
vn 0.1356 0.0520 0.9894
vn 0.4437 0.0554 0.8944
vn 0.4419 0.1069 0.8907
vn 0.4113 0.3786 0.8291
vn 0.1861 0.9081 0.3751
vn 0.0599 0.8975 0.4369
vn -0.0599 0.8975 0.4369
vn -0.1861 0.9081 0.3751
vn -0.4113 0.3786 0.8291
vn -0.4419 0.1069 0.8907
vn 0.1351 0.1003 -0.9857
vn -0.1351 0.1003 -0.9857
vn 0.1267 0.3583 -0.9249
vn -0.1267 0.3583 -0.9249
vn 0.4437 0.0554 -0.8944
vn 0.1356 0.0520 -0.9894
vn -0.1356 0.0520 -0.9894
vn -0.4437 0.0554 -0.8944
vn -0.4419 0.1069 -0.8907
vn -0.4113 0.3786 -0.8291
vn -0.1861 0.9081 -0.3751
vn -0.0599 0.8975 -0.4369
vn 0.0599 0.8975 -0.4369
vn 0.1861 0.9081 -0.3751
vn 0.4113 0.3786 -0.8291
vn 0.4419 0.1069 -0.8907
vn 0.9703 0.1236 0.2081
vn 0.9703 0.1236 -0.2081
vn 0.8835 0.4283 0.1895
vn 0.8835 0.4283 -0.1895
vn 0.7883 0.0611 0.6122
vn 0.9757 0.0642 0.2093
vn 0.9757 0.0642 -0.2093
vn 0.7883 0.0611 -0.6122
vn 0.7843 0.1177 -0.6091
vn 0.7199 0.4113 -0.5591
vn 0.3046 0.9226 -0.2365
vn 0.3615 0.9291 -0.0775
vn 0.3615 0.9291 0.0775
vn 0.3046 0.9226 0.2365
vn 0.7199 0.4113 0.5591
vn 0.7843 0.1177 0.6091
vn -0.5562 0.8224 0.1193
vn -0.5562 0.8224 -0.1193
vn -0.2895 0.9552 0.0621
vn -0.2895 0.9552 -0.0621
vn -0.6725 0.5244 0.5222
vn -0.8210 0.5432 0.1761
vn -0.8210 0.5432 -0.1761
vn -0.6725 0.5244 -0.5222
vn -0.4642 0.8091 -0.3605
vn -0.2445 0.9509 -0.1899
vn -0.1385 0.9845 -0.1076
vn -0.1635 0.9859 -0.0351
vn -0.1635 0.9859 0.0351
vn -0.1385 0.9845 0.1076
vn -0.2445 0.9509 0.1899
vn -0.4642 0.8090 0.3605
vn -0.0882 0.7604 -0.6434
vn 0.0882 0.7604 -0.6434
vn -0.0485 0.9339 -0.3542
vn 0.0485 0.9339 -0.3542
vn -0.3880 0.4875 -0.7822
vn -0.1202 0.4641 -0.8776
vn 0.1202 0.4641 -0.8776
vn 0.3880 0.4875 -0.7822
vn 0.2779 0.7804 -0.5602
vn 0.1502 0.9411 -0.3028
vn 0.0857 0.9812 -0.1727
vn 0.0278 0.9788 -0.2031
vn -0.0278 0.9788 -0.2031
vn -0.0857 0.9812 -0.1727
vn -0.1502 0.9411 -0.3028
vn -0.2779 0.7804 -0.5602
vn 0.5562 0.8224 -0.1193
vn 0.5562 0.8224 0.1193
vn 0.2895 0.9552 -0.0621
vn 0.2895 0.9552 0.0621
vn 0.6725 0.5244 -0.5222
vn 0.8210 0.5432 -0.1761
vn 0.8210 0.5432 0.1761
vn 0.6725 0.5244 0.5222
vn 0.4642 0.8091 0.3605
vn 0.2445 0.9509 0.1899
vn 0.1385 0.9845 0.1076
vn 0.1635 0.9859 0.0351
vn 0.1635 0.9859 -0.0351
vn 0.1385 0.9845 -0.1076
vn 0.2445 0.9509 -0.1899
vn 0.4642 0.8090 -0.3605
vn 0.0882 0.7604 0.6434
vn -0.0882 0.7604 0.6434
vn 0.0485 0.9339 0.3542
vn -0.0485 0.9339 0.3542
vn 0.3880 0.4875 0.7822
vn 0.1202 0.4641 0.8776
vn -0.1202 0.4641 0.8776
vn -0.3880 0.4875 0.7822
vn -0.2779 0.7804 0.5602
vn -0.1502 0.9411 0.3028
vn -0.0857 0.9812 0.1727
vn -0.0278 0.9788 0.2031
vn 0.0278 0.9788 0.2031
vn 0.0857 0.9812 0.1727
vn 0.1502 0.9411 0.3028
vn 0.2779 0.7804 0.5602
vn 0.3171 0.8615 -0.3967
vn -0.3171 0.8615 -0.3967
vn 0.3171 0.8615 0.3967
vn -0.3170 0.8615 0.3967
vn 0.5630 0.4321 -0.7045
vn 0.2142 0.5094 -0.8335
vn -0.2142 0.5094 -0.8335
vn -0.5630 0.4321 -0.7045
vn -0.7567 0.5786 -0.3044
vn -0.7567 0.5786 0.3044
vn -0.5630 0.4321 0.7045
vn -0.2142 0.5094 0.8335
vn 0.2142 0.5094 0.8335
vn 0.5630 0.4321 0.7045
vn 0.7567 0.5786 0.3044
vn 0.7567 0.5786 -0.3044
vn -0.9637 0.1643 -0.2104
vn -0.9637 0.1643 0.2104
vn -0.9605 0.1723 -0.2187
vn -0.9605 0.1723 0.2187
vn -0.7629 0.2571 -0.5931
vn -0.9417 0.2686 -0.2025
vn -0.9417 0.2686 0.2025
vn -0.7629 0.2571 0.5931
vn -0.7777 0.1589 0.6083
vn -0.7723 0.1648 0.6135
vn -0.7604 0.2448 0.6015
vn -0.9268 0.2922 0.2360
vn -0.9268 0.2922 -0.2360
vn -0.7604 0.2448 -0.6015
vn -0.7723 0.1648 -0.6135
vn -0.7777 0.1589 -0.6083
vn -0.1369 0.1338 0.9815
vn 0.1369 0.1338 0.9815
vn -0.1425 0.1405 0.9798
vn 0.1425 0.1405 0.9798
vn -0.4324 0.2345 0.8707
vn -0.1328 0.2203 0.9664
vn 0.1328 0.2203 0.9664
vn 0.4324 0.2345 0.8707
vn 0.4423 0.1446 0.8852
vn 0.4474 0.1504 0.8816
vn 0.4396 0.2238 0.8699
vn 0.1558 0.2413 0.9579
vn -0.1558 0.2413 0.9579
vn -0.4396 0.2238 0.8699
vn -0.4474 0.1504 0.8816
vn -0.4423 0.1446 0.8852
vn 0.1369 0.1338 -0.9815
vn -0.1369 0.1338 -0.9815
vn 0.1425 0.1405 -0.9798
vn -0.1425 0.1405 -0.9798
vn 0.4324 0.2345 -0.8707
vn 0.1328 0.2203 -0.9664
vn -0.1328 0.2203 -0.9664
vn -0.4324 0.2345 -0.8707
vn -0.4423 0.1446 -0.8852
vn -0.4474 0.1504 -0.8816
vn -0.4396 0.2238 -0.8699
vn -0.1558 0.2413 -0.9579
vn 0.1558 0.2413 -0.9579
vn 0.4396 0.2238 -0.8699
vn 0.4474 0.1504 -0.8816
vn 0.4423 0.1446 -0.8852
vn 0.1439 -0.0487 0.9884
vn 0.1370 0.0897 0.9865
vn -0.1439 -0.0487 0.9884
vn -0.1370 0.0897 0.9865
vn 0.4291 -0.3008 0.8517
vn 0.4515 -0.0536 0.8907
vn 0.4445 0.0923 0.8910
vn 0.4403 0.1387 0.8871
vn 0.1347 0.1306 0.9822
vn -0.1347 0.1306 0.9822
vn -0.4403 0.1387 0.8871
vn -0.4445 0.0923 0.8910
vn -0.4515 -0.0536 0.8907
vn -0.4291 -0.3008 0.8517
vn -0.1531 -0.3490 0.9245
vn 0.1531 -0.3490 0.9245
vn 0.9733 -0.0599 -0.2218
vn 0.9712 0.1104 -0.2112
vn 0.9733 -0.0599 0.2218
vn 0.9712 0.1104 0.2112
vn 0.7418 -0.3278 -0.5851
vn 0.7820 -0.0588 -0.6206
vn 0.7841 0.1016 -0.6123
vn 0.7804 0.1526 -0.6064
vn 0.9650 0.1605 -0.2073
vn 0.9650 0.1605 0.2073
vn 0.7804 0.1526 0.6064
vn 0.7841 0.1016 0.6123
vn 0.7820 -0.0588 0.6206
vn 0.7418 -0.3278 0.5851
vn 0.8803 -0.4158 0.2282
vn 0.8803 -0.4158 -0.2282
vn -0.1439 -0.0487 -0.9884
vn -0.1370 0.0897 -0.9865
vn 0.1439 -0.0487 -0.9884
vn 0.1370 0.0897 -0.9865
vn -0.4291 -0.3008 -0.8517
vn -0.4515 -0.0536 -0.8907
vn -0.4445 0.0923 -0.8910
vn -0.4403 0.1387 -0.8871
vn -0.1347 0.1306 -0.9822
vn 0.1347 0.1306 -0.9822
vn 0.4403 0.1387 -0.8871
vn 0.4445 0.0923 -0.8910
vn 0.4515 -0.0536 -0.8907
vn 0.4291 -0.3008 -0.8517
vn 0.1531 -0.3490 -0.9245
vn -0.1531 -0.3490 -0.9245
vn -0.9733 -0.0599 0.2218
vn -0.9712 0.1104 0.2112
vn -0.9733 -0.0599 -0.2218
vn -0.9712 0.1104 -0.2112
vn -0.7418 -0.3278 0.5851
vn -0.7820 -0.0588 0.6206
vn -0.7841 0.1016 0.6123
vn -0.7804 0.1526 0.6064
vn -0.9650 0.1605 0.2072
vn -0.9650 0.1605 -0.2072
vn -0.7804 0.1526 -0.6064
vn -0.7841 0.1016 -0.6123
vn -0.7820 -0.0588 -0.6206
vn -0.7418 -0.3278 -0.5851
vn -0.8803 -0.4158 -0.2282
vn -0.8803 -0.4158 0.2282
vt 0.537639 0.062500
vt 0.565993 0.062500
vt 0.565000 0.125000
vt 0.537089 0.125000
vt 0.591834 0.062500
vt 0.589169 0.125000
vt 0.564590 0.187500
vt 0.536876 0.187500
vt 0.588155 0.187500
vt 0.509675 0.000000
vt 0.538507 0.000000
vt 0.507425 0.062500
vt 0.567338 0.000000
vt 0.596169 0.000000
vt 0.625000 0.000000
vt 0.611586 0.062500
vt 0.607381 0.125000
vt 0.605980 0.187500
vt 0.605779 0.250000
vt 0.588010 0.250000
vt 0.564532 0.250000
vt 0.536846 0.250000
vt 0.506484 0.187500
vt 0.506450 0.250000
vt 0.506719 0.125000
vt 0.536846 0.312500
vt 0.564532 0.312500
vt 0.564532 0.375000
vt 0.536846 0.375000
vt 0.588010 0.312500
vt 0.588010 0.375000
vt 0.564532 0.437500
vt 0.536846 0.437500
vt 0.588010 0.437500
vt 0.536846 0.250000
vt 0.506450 0.312500
vt 0.564532 0.250000
vt 0.588010 0.250000
vt 0.605779 0.250000
vt 0.605779 0.312500
vt 0.605779 0.375000
vt 0.605779 0.437500
vt 0.605779 0.500000
vt 0.588010 0.500000
vt 0.564532 0.500000
vt 0.536846 0.500000
vt 0.506450 0.437500
vt 0.506450 0.500000
vt 0.506450 0.375000
vt 0.536846 0.562500
vt 0.564532 0.562500
vt 0.564532 0.625000
vt 0.536846 0.625000
vt 0.588010 0.562500
vt 0.588010 0.625000
vt 0.564532 0.687500
vt 0.536846 0.687500
vt 0.588010 0.687500
vt 0.506450 0.562500
vt 0.605779 0.562500
vt 0.605779 0.625000
vt 0.605779 0.687500
vt 0.605779 0.750000
vt 0.588010 0.750000
vt 0.564532 0.750000
vt 0.536846 0.750000
vt 0.506450 0.687500
vt 0.506450 0.750000
vt 0.506450 0.625000
vt 0.536876 0.812500
vt 0.564591 0.812500
vt 0.565000 0.875000
vt 0.537089 0.875000
vt 0.588155 0.812500
vt 0.589169 0.875000
vt 0.565993 0.937500
vt 0.537639 0.937500
vt 0.591834 0.937500
vt 0.506450 0.750000
vt 0.536846 0.750000
vt 0.506484 0.812500
vt 0.564532 0.750000
vt 0.588010 0.750000
vt 0.605779 0.750000
vt 0.605980 0.812500
vt 0.607381 0.875000
vt 0.611586 0.937500
vt 0.625000 1.000000
vt 0.596169 1.000000
vt 0.567338 1.000000
vt 0.538507 1.000000
vt 0.507425 0.937500
vt 0.509675 1.000000
vt 0.506719 0.875000
vt 0.187362 0.562500
vt 0.248899 0.562500
vt 0.248398 0.625000
vt 0.187300 0.625000
vt 0.308333 0.562500
vt 0.306694 0.625000
vt 0.248899 0.687500
vt 0.187362 0.687500
vt 0.308333 0.687500
vt 0.125000 0.500000
vt 0.187500 0.500000
vt 0.125000 0.562500
vt 0.250000 0.500000
vt 0.312500 0.500000
vt 0.375000 0.500000
vt 0.361761 0.562500
vt 0.358983 0.625000
vt 0.361761 0.687500
vt 0.375000 0.750000
vt 0.312500 0.750000
vt 0.250000 0.750000
vt 0.187500 0.750000
vt 0.125000 0.687500
vt 0.125000 0.750000
vt 0.125000 0.625000
vt 0.617035 0.187500
vt 0.618042 0.125000
vt 0.622998 0.125000
vt 0.622647 0.187500
vt 0.620689 0.062500
vt 0.623849 0.062500
vt 0.624750 0.125000
vt 0.624706 0.187500
vt 0.624856 0.062500
vt 0.605980 0.187500
vt 0.616891 0.250000
vt 0.607381 0.125000
vt 0.611586 0.062500
vt 0.625000 0.000000
vt 0.625000 0.062500
vt 0.625000 0.125000
vt 0.625000 0.187500
vt 0.624700 0.250000
vt 0.625000 0.250000
vt 0.622597 0.250000
vt 0.708601 0.642669
vt 0.705571 0.625000
vt 0.710742 0.625000
vt 0.713428 0.640598
vt 0.708601 0.607331
vt 0.713428 0.609402
vt 0.716039 0.625000
vt 0.718333 0.638733
vt 0.718333 0.611267
vt 0.712265 0.662735
vt 0.701652 0.645636
vt 0.717690 0.657310
vt 0.698114 0.625000
vt 0.701652 0.604364
vt 0.712265 0.587265
vt 0.717690 0.592691
vt 0.721470 0.596470
vt 0.725112 0.600112
vt 0.728538 0.603538
vt 0.725408 0.612267
vt 0.723835 0.625000
vt 0.725408 0.637733
vt 0.725112 0.649888
vt 0.728539 0.646462
vt 0.721470 0.653530
vt 0.620689 0.937500
vt 0.618043 0.875000
vt 0.622998 0.875000
vt 0.623849 0.937500
vt 0.617040 0.812500
vt 0.622683 0.812500
vt 0.624750 0.875000
vt 0.624856 0.937500
vt 0.624782 0.812500
vt 0.611586 0.937500
vt 0.625000 1.000000
vt 0.607381 0.875000
vt 0.605979 0.812500
vt 0.616927 0.750000
vt 0.622882 0.750000
vt 0.625591 0.749892
vt 0.625000 0.750000
vt 0.625000 0.812500
vt 0.625000 0.875000
vt 0.625000 0.937500
vt 0.616896 0.437500
vt 0.616891 0.375000
vt 0.622598 0.375000
vt 0.622633 0.437500
vt 0.616891 0.312500
vt 0.622597 0.312500
vt 0.624700 0.375000
vt 0.624775 0.437500
vt 0.624700 0.312500
vt 0.605779 0.500000
vt 0.605779 0.437500
vt 0.616927 0.500000
vt 0.605779 0.375000
vt 0.605779 0.312500
vt 0.625000 0.312500
vt 0.625000 0.375000
vt 0.625000 0.437500
vt 0.625591 0.500108
vt 0.625000 0.500000
vt 0.622882 0.500000
vt 0.616994 0.687500
vt 0.617034 0.625000
vt 0.623737 0.625000
vt 0.623417 0.687500
vt 0.616994 0.562500
vt 0.623417 0.562500
vt 0.628978 0.625000
vt 0.627905 0.687069
vt 0.627905 0.562931
vt 0.605779 0.687500
vt 0.605779 0.625000
vt 0.605779 0.562500
vt 0.636334 0.567097
vt 0.637566 0.625000
vt 0.636334 0.682903
vt 0.809445 0.650532
vt 0.813663 0.625000
vt 0.830268 0.625000
vt 0.825782 0.658622
vt 0.809445 0.599468
vt 0.825782 0.591378
vt 0.851395 0.625000
vt 0.847999 0.671064
vt 0.847999 0.578936
vt 0.787735 0.662735
vt 0.798348 0.645636
vt 0.796576 0.671576
vt 0.801886 0.625000
vt 0.798348 0.604364
vt 0.787735 0.587265
vt 0.796576 0.578424
vt 0.810587 0.564413
vt 0.832383 0.542617
vt 0.875000 0.500000
vt 0.875000 0.562500
vt 0.875000 0.625000
vt 0.875000 0.687500
vt 0.832383 0.707383
vt 0.875000 0.750000
vt 0.810587 0.685587
vt 0.775533 0.565555
vt 0.750000 0.561337
vt 0.750000 0.544732
vt 0.783622 0.549218
vt 0.724472 0.565555
vt 0.716414 0.549218
vt 0.750000 0.523605
vt 0.796064 0.527001
vt 0.704012 0.527001
vt 0.770636 0.576652
vt 0.750000 0.573114
vt 0.729364 0.576652
vt 0.703460 0.578424
vt 0.689699 0.564413
vt 0.668508 0.542725
vt 0.687500 0.500000
vt 0.750000 0.500000
vt 0.812500 0.500000
vt 0.690657 0.599468
vt 0.686480 0.625000
vt 0.670872 0.625000
vt 0.675038 0.591378
vt 0.690657 0.650533
vt 0.675038 0.658622
vt 0.652883 0.625000
vt 0.655207 0.579367
vt 0.655207 0.670633
vt 0.701652 0.604364
vt 0.698114 0.625000
vt 0.701652 0.645636
vt 0.712265 0.662735
vt 0.703459 0.671576
vt 0.689698 0.685587
vt 0.668508 0.707276
vt 0.636334 0.682903
vt 0.637566 0.625000
vt 0.636334 0.567098
vt 0.724472 0.684445
vt 0.750000 0.688663
vt 0.750000 0.705268
vt 0.716414 0.700782
vt 0.775533 0.684445
vt 0.783622 0.700782
vt 0.750000 0.726395
vt 0.704012 0.722999
vt 0.796064 0.722999
vt 0.729364 0.673348
vt 0.750000 0.676886
vt 0.770636 0.673348
vt 0.812500 0.750000
vt 0.750000 0.750000
vt 0.687500 0.750000
vt 0.736430 0.611430
vt 0.750000 0.610701
vt 0.750000 0.625000
vt 0.735701 0.625000
vt 0.763571 0.611430
vt 0.764300 0.625000
vt 0.750000 0.639299
vt 0.736430 0.638571
vt 0.763570 0.638570
vt 0.737267 0.600408
vt 0.725408 0.612267
vt 0.750000 0.598836
vt 0.762733 0.600408
vt 0.771462 0.603538
vt 0.774592 0.612267
vt 0.776165 0.625000
vt 0.774592 0.637733
vt 0.771462 0.646462
vt 0.762733 0.649592
vt 0.750000 0.651165
vt 0.737267 0.649592
vt 0.725408 0.637733
vt 0.723836 0.625000
vt 0.791399 0.607331
vt 0.794429 0.625000
vt 0.789258 0.625000
vt 0.786572 0.609402
vt 0.791399 0.642669
vt 0.786572 0.640598
vt 0.783962 0.625000
vt 0.781667 0.611267
vt 0.781667 0.638733
vt 0.798348 0.604364
vt 0.782310 0.592690
vt 0.798348 0.645636
vt 0.787735 0.662735
vt 0.782310 0.657310
vt 0.778530 0.653530
vt 0.774888 0.649888
vt 0.774592 0.637733
vt 0.776165 0.625000
vt 0.774592 0.612267
vt 0.774888 0.600112
vt 0.778530 0.596470
vt 0.767669 0.666399
vt 0.750000 0.669429
vt 0.750000 0.664258
vt 0.765598 0.661572
vt 0.732331 0.666399
vt 0.734402 0.661572
vt 0.750000 0.658962
vt 0.763733 0.656667
vt 0.736267 0.656667
vt 0.770636 0.673348
vt 0.750000 0.676886
vt 0.729364 0.673348
vt 0.750000 0.651165
vt 0.762733 0.649592
vt 0.732331 0.583601
vt 0.750000 0.580571
vt 0.750000 0.585742
vt 0.734402 0.588428
vt 0.767669 0.583601
vt 0.765598 0.588428
vt 0.750000 0.591039
vt 0.736267 0.593333
vt 0.763733 0.593333
vt 0.729364 0.576652
vt 0.750000 0.573114
vt 0.408513 0.812500
vt 0.441893 0.812500
vt 0.442002 0.875000
vt 0.408627 0.875000
vt 0.474664 0.812500
vt 0.474839 0.875000
vt 0.442145 0.937500
vt 0.408645 0.937500
vt 0.475283 0.937500
vt 0.407417 0.750000
vt 0.375000 0.812500
vt 0.441534 0.750000
vt 0.474596 0.750000
vt 0.476007 1.000000
vt 0.442338 1.000000
vt 0.408669 1.000000
vt 0.375000 0.937500
vt 0.375000 1.000000
vt 0.375000 0.875000
vt 0.404345 0.562500
vt 0.440783 0.562500
vt 0.440333 0.625000
vt 0.402812 0.625000
vt 0.474502 0.562500
vt 0.474446 0.625000
vt 0.440783 0.687500
vt 0.404345 0.687500
vt 0.474502 0.687500
vt 0.407417 0.500000
vt 0.441534 0.500000
vt 0.474596 0.500000
vt 0.506450 0.500000
vt 0.506450 0.562500
vt 0.506450 0.625000
vt 0.408618 0.312500
vt 0.441935 0.312500
vt 0.441935 0.375000
vt 0.408618 0.375000
vt 0.474646 0.312500
vt 0.474646 0.375000
vt 0.441884 0.437500
vt 0.408512 0.437500
vt 0.474640 0.437500
vt 0.375000 0.250000
vt 0.408618 0.250000
vt 0.375000 0.312500
vt 0.441935 0.250000
vt 0.474646 0.250000
vt 0.506450 0.312500
vt 0.506450 0.375000
vt 0.506450 0.437500
vt 0.375000 0.437500
vt 0.375000 0.375000
vt 0.408645 0.062500
vt 0.442145 0.062500
vt 0.442002 0.125000
vt 0.408627 0.125000
vt 0.475283 0.062500
vt 0.474839 0.125000
vt 0.441943 0.187500
vt 0.408620 0.187500
vt 0.474670 0.187500
vt 0.375000 0.000000
vt 0.408669 0.000000
vt 0.375000 0.062500
vt 0.442338 0.000000
vt 0.476007 0.000000
vt 0.375000 0.187500
vt 0.375000 0.125000
s 0
f 255/126/97 256/127/97 259/128/97 258/129/97
f 256/127/98 257/130/98 260/131/98 259/128/98
f 258/129/99 259/128/99 262/132/99 261/133/99
f 259/128/100 260/131/100 263/134/100 262/132/100
f 119/135/101 126/136/101 255/126/101 252/137/101
f 126/136/102 127/138/102 256/127/102 255/126/102
f 127/138/103 128/139/103 257/130/103 256/127/103
f 128/139/104 100/140/104 129/141/104 257/130/104
f 257/130/105 129/141/105 130/142/105 260/131/105
f 260/131/106 130/142/106 131/143/106 263/134/106
f 263/134/107 131/143/107 102/144/107 234/145/107
f 262/132/108 263/134/108 234/145/108 235/146/108
f 261/133/109 262/132/109 235/146/109 236/147/109
f 254/148/110 261/133/110 236/147/110 120/149/110
f 253/150/111 258/129/111 261/133/111 254/148/111
f 252/137/112 255/126/112 258/129/112 253/150/112
f 264/151/113 265/152/113 268/153/113 267/154/113
f 265/152/114 266/155/114 269/156/114 268/153/114
f 267/154/115 268/153/115 271/157/115 270/158/115
f 268/153/116 269/156/116 272/159/116 271/157/116
f 120/149/117 236/160/117 264/151/117 249/161/117
f 236/160/118 235/162/118 265/152/118 264/151/118
f 235/162/119 234/163/119 266/155/119 265/152/119
f 234/163/120 102/164/120 138/165/120 266/155/120
f 266/155/121 138/165/121 139/166/121 269/156/121
f 269/156/122 139/166/122 140/167/122 272/159/122
f 272/159/123 140/167/123 106/168/123 237/169/123
f 271/157/124 272/159/124 237/169/124 238/170/124
f 270/158/125 271/157/125 238/170/125 239/171/125
f 251/172/126 270/158/126 239/171/126 121/173/126
f 250/174/127 267/154/127 270/158/127 251/172/127
f 249/161/128 264/151/128 267/154/128 250/174/128
f 273/175/129 274/176/129 277/177/129 276/178/129
f 274/176/130 275/179/130 278/180/130 277/177/130
f 276/178/131 277/177/131 280/181/131 279/182/131
f 277/177/132 278/180/132 281/183/132 280/181/132
f 121/173/133 239/171/133 273/175/133 246/184/133
f 239/171/134 238/170/134 274/176/134 273/175/134
f 238/170/135 237/169/135 275/179/135 274/176/135
f 237/169/136 106/168/136 147/185/136 275/179/136
f 275/179/137 147/185/137 148/186/137 278/180/137
f 278/180/138 148/186/138 149/187/138 281/183/138
f 281/183/139 149/187/139 104/188/139 240/189/139
f 280/181/140 281/183/140 240/189/140 241/190/140
f 279/182/141 280/181/141 241/190/141 242/191/141
f 248/192/142 279/182/142 242/191/142 122/193/142
f 247/194/143 276/178/143 279/182/143 248/192/143
f 246/184/144 273/175/144 276/178/144 247/194/144
f 282/195/145 283/196/145 286/197/145 285/198/145
f 283/196/146 284/199/146 287/200/146 286/197/146
f 285/198/147 286/197/147 289/201/147 288/202/147
f 286/197/148 287/200/148 290/203/148 289/201/148
f 122/204/149 242/205/149 282/195/149 243/206/149
f 242/205/150 241/207/150 283/196/150 282/195/150
f 241/207/151 240/208/151 284/199/151 283/196/151
f 240/208/152 104/209/152 156/210/152 284/199/152
f 284/199/153 156/210/153 157/211/153 287/200/153
f 287/200/154 157/211/154 158/212/154 290/203/154
f 290/203/155 158/212/155 100/213/155 128/214/155
f 289/201/156 290/203/156 128/214/156 127/215/156
f 288/202/157 289/201/157 127/215/157 126/216/157
f 245/217/158 288/202/158 126/216/158 119/218/158
f 244/219/159 285/198/159 288/202/159 245/217/159
f 243/206/160 282/195/160 285/198/160 244/219/160
f 291/220/161 292/221/161 295/222/161 294/223/161
f 292/221/162 293/224/162 296/225/162 295/222/162
f 294/223/163 295/222/163 298/226/163 297/227/163
f 295/222/164 296/225/164 299/228/164 298/226/164
f 101/229/165 137/230/165 291/220/165 123/231/165
f 137/230/166 136/232/166 292/221/166 291/220/166
f 136/232/167 135/233/167 293/224/167 292/221/167
f 135/233/168 105/234/168 146/235/168 293/224/168
f 293/224/169 146/235/169 145/236/169 296/225/169
f 296/225/170 145/236/170 144/237/170 299/228/170
f 299/228/171 144/237/171 103/238/171 155/239/171
f 298/226/172 299/228/172 155/239/172 154/240/172
f 297/227/173 298/226/173 154/240/173 153/241/173
f 125/242/174 297/227/174 153/241/174 99/243/174
f 124/244/175 294/223/175 297/227/175 125/242/175
f 123/231/176 291/220/176 294/223/176 124/244/176
f 300/245/177 301/246/177 304/247/177 303/248/177
f 301/246/178 302/249/178 305/250/178 304/247/178
f 303/248/179 304/247/179 307/251/179 306/252/179
f 304/247/180 305/250/180 308/253/180 307/251/180
f 102/164/181 131/254/181 300/245/181 176/255/181
f 131/254/182 130/256/182 301/246/182 300/245/182
f 130/256/183 129/257/183 302/249/183 301/246/183
f 129/257/184 100/140/184 171/258/184 302/249/184
f 302/249/185 171/258/185 172/258/185 305/250/185
f 305/250/186 172/258/186 173/258/186 308/253/186
f 308/253/187 173/258/187 111/258/187 159/259/187
f 307/251/188 308/253/188 159/259/188 160/260/188
f 306/252/189 307/251/189 160/260/189 161/261/189
f 174/262/190 306/252/190 161/261/190 112/263/190
f 175/264/191 303/248/191 306/252/191 174/262/191
f 176/255/192 300/245/192 303/248/192 175/264/192
f 309/265/193 310/266/193 313/267/193 312/268/193
f 310/266/194 311/269/194 314/270/194 313/267/194
f 312/268/195 313/267/195 316/271/195 315/272/195
f 313/267/196 314/270/196 317/273/196 316/271/196
f 110/274/197 191/275/197 309/265/197 224/276/197
f 191/275/198 190/277/198 310/266/198 309/265/198
f 190/277/199 189/278/199 311/269/199 310/266/199
f 189/278/200 109/279/200 219/280/200 311/269/200
f 311/269/201 219/280/201 220/281/201 314/270/201
f 314/270/202 220/281/202 221/282/202 317/273/202
f 317/273/203 221/282/203 117/283/203 213/284/203
f 316/271/204 317/273/204 213/284/204 214/285/204
f 315/272/205 316/271/205 214/285/205 215/286/205
f 222/287/206 315/272/206 215/286/206 118/288/206
f 223/289/207 312/268/207 315/272/207 222/287/207
f 224/276/208 309/265/208 312/268/208 223/289/208
f 318/290/209 319/291/209 322/292/209 321/293/209
f 319/291/210 320/294/210 323/295/210 322/292/210
f 321/293/211 322/292/211 325/296/211 324/297/211
f 322/292/212 323/295/212 326/298/212 325/296/212
f 100/213/213 158/299/213 318/290/213 171/300/213
f 158/299/214 157/301/214 319/291/214 318/290/214
f 157/301/215 156/302/215 320/294/215 319/291/215
f 156/302/216 104/188/216 177/303/216 320/294/216
f 320/294/217 177/303/217 178/304/217 323/295/217
f 323/295/218 178/304/218 179/305/218 326/298/218
f 326/298/219 179/305/219 114/306/219 168/307/219
f 325/296/220 326/298/220 168/307/220 169/308/220
f 324/297/221 325/296/221 169/308/221 170/309/221
f 173/300/222 324/297/222 170/309/222 111/300/222
f 172/300/223 321/293/223 324/297/223 173/300/223
f 171/300/224 318/290/224 321/293/224 172/300/224
f 327/310/225 328/311/225 331/312/225 330/313/225
f 328/311/226 329/314/226 332/315/226 331/312/226
f 330/313/227 331/312/227 334/316/227 333/317/227
f 331/312/228 332/315/228 335/318/228 334/316/228
f 106/319/229 140/320/229 327/310/229 182/321/229
f 140/320/230 139/322/230 328/311/230 327/310/230
f 139/322/231 138/323/231 329/314/231 328/311/231
f 138/323/232 102/164/232 176/255/232 329/314/232
f 329/314/233 176/255/233 175/264/233 332/315/233
f 332/315/234 175/264/234 174/262/234 335/318/234
f 335/318/235 174/262/235 112/263/235 162/324/235
f 334/316/236 335/318/236 162/324/236 163/325/236
f 333/317/237 334/316/237 163/325/237 164/326/237
f 180/327/238 333/317/238 164/326/238 113/328/238
f 181/329/239 330/313/239 333/317/239 180/327/239
f 182/321/240 327/310/240 330/313/240 181/329/240
f 336/330/241 337/331/241 340/332/241 339/333/241
f 337/331/242 338/334/242 341/335/242 340/332/242
f 339/333/243 340/332/243 343/336/243 342/337/243
f 340/332/244 341/335/244 344/338/244 343/336/244
f 104/188/245 149/339/245 336/330/245 177/303/245
f 149/339/246 148/340/246 337/331/246 336/330/246
f 148/340/247 147/341/247 338/334/247 337/331/247
f 147/341/248 106/319/248 182/321/248 338/334/248
f 338/334/249 182/321/249 181/329/249 341/335/249
f 341/335/250 181/329/250 180/327/250 344/338/250
f 344/338/251 180/327/251 113/328/251 165/342/251
f 343/336/252 344/338/252 165/342/252 166/343/252
f 342/337/253 343/336/253 166/343/253 167/344/253
f 179/305/254 342/337/254 167/344/254 114/306/254
f 178/304/255 339/333/255 342/337/255 179/305/255
f 177/303/256 336/330/256 339/333/256 178/304/256
f 345/345/257 346/346/257 349/347/257 348/348/257
f 346/346/258 347/349/258 350/350/258 349/347/258
f 348/348/259 349/347/259 352/351/259 351/352/259
f 349/347/260 350/350/260 353/353/260 352/351/260
f 107/354/261 183/355/261 345/345/261 197/356/261
f 183/355/262 184/357/262 346/346/262 345/345/262
f 184/357/263 185/358/263 347/349/263 346/346/263
f 185/358/264 108/359/264 198/360/264 347/349/264
f 347/349/265 198/360/265 199/361/265 350/350/265
f 350/350/266 199/361/266 200/362/266 353/353/266
f 353/353/267 200/362/267 112/363/267 161/364/267
f 352/351/268 353/353/268 161/364/268 160/365/268
f 351/352/269 352/351/269 160/365/269 159/366/269
f 195/367/270 351/352/270 159/366/270 111/368/270
f 196/369/271 348/348/271 351/352/271 195/367/271
f 197/356/272 345/345/272 348/348/272 196/369/272
f 354/370/273 355/371/273 358/372/273 357/373/273
f 355/371/274 356/374/274 359/375/274 358/372/274
f 357/373/275 358/372/275 361/376/275 360/377/275
f 358/372/276 359/375/276 362/378/276 361/376/276
f 108/359/277 186/379/277 354/370/277 198/360/277
f 186/379/278 187/380/278 355/371/278 354/370/278
f 187/380/279 188/381/279 356/374/279 355/371/279
f 188/381/280 109/279/280 201/382/280 356/374/280
f 356/374/281 201/382/281 202/383/281 359/375/281
f 359/375/282 202/383/282 203/384/282 362/378/282
f 362/378/283 203/384/283 113/328/283 164/385/283
f 361/376/284 362/378/284 164/385/284 163/386/284
f 360/377/285 361/376/285 163/386/285 162/387/285
f 200/362/286 360/377/286 162/387/286 112/363/286
f 199/361/287 357/373/287 360/377/287 200/362/287
f 198/360/288 354/370/288 357/373/288 199/361/288
f 363/388/289 364/389/289 367/390/289 366/391/289
f 364/389/290 365/392/290 368/393/290 367/390/290
f 366/391/291 367/390/291 370/394/291 369/395/291
f 367/390/292 368/393/292 371/396/292 370/394/292
f 109/279/293 189/397/293 363/388/293 201/382/293
f 189/397/294 190/398/294 364/389/294 363/388/294
f 190/398/295 191/399/295 365/392/295 364/389/295
f 191/399/296 110/400/296 204/401/296 365/392/296
f 365/392/297 204/401/297 205/402/297 368/393/297
f 368/393/298 205/402/298 206/403/298 371/396/298
f 371/396/299 206/403/299 114/306/299 167/404/299
f 370/394/300 371/396/300 167/404/300 166/405/300
f 369/395/301 370/394/301 166/405/301 165/406/301
f 203/384/302 369/395/302 165/406/302 113/328/302
f 202/383/303 366/391/303 369/395/303 203/384/303
f 201/382/304 363/388/304 366/391/304 202/383/304
f 372/407/305 373/408/305 376/409/305 375/410/305
f 373/408/306 374/411/306 377/412/306 376/409/306
f 375/410/307 376/409/307 379/413/307 378/414/307
f 376/409/308 377/412/308 380/415/308 379/413/308
f 110/400/309 192/416/309 372/407/309 204/401/309
f 192/416/310 193/417/310 373/408/310 372/407/310
f 193/417/311 194/418/311 374/411/311 373/408/311
f 194/418/312 107/354/312 197/356/312 374/411/312
f 374/411/313 197/356/313 196/369/313 377/412/313
f 377/412/314 196/369/314 195/367/314 380/415/314
f 380/415/315 195/367/315 111/368/315 170/419/315
f 379/413/316 380/415/316 170/419/316 169/420/316
f 378/414/317 379/413/317 169/420/317 168/421/317
f 206/403/318 378/414/318 168/421/318 114/306/318
f 205/402/319 375/410/319 378/414/319 206/403/319
f 204/401/320 372/407/320 375/410/320 205/402/320
f 381/422/321 382/423/321 385/424/321 384/425/321
f 382/423/322 383/426/322 386/427/322 385/424/322
f 384/425/323 385/424/323 388/428/323 387/429/323
f 385/424/324 386/427/324 389/430/324 388/428/324
f 117/283/325 212/431/325 381/422/325 213/432/325
f 212/431/326 211/433/326 382/423/326 381/422/326
f 211/433/327 210/434/327 383/426/327 382/423/327
f 210/434/328 116/435/328 209/436/328 383/426/328
f 383/426/329 209/436/329 208/437/329 386/427/329
f 386/427/330 208/437/330 207/438/330 389/430/330
f 389/430/331 207/438/331 115/439/331 218/440/331
f 388/428/332 389/430/332 218/440/332 217/441/332
f 387/429/333 388/428/333 217/441/333 216/442/333
f 215/443/334 387/429/334 216/442/334 118/288/334
f 214/444/335 384/425/335 387/429/335 215/443/335
f 213/432/336 381/422/336 384/425/336 214/444/336
f 390/445/337 391/446/337 394/447/337 393/448/337
f 391/446/338 392/449/338 395/450/338 394/447/338
f 393/448/339 394/447/339 397/451/339 396/452/339
f 394/447/340 395/450/340 398/453/340 397/451/340
f 108/359/341 185/454/341 390/445/341 230/455/341
f 185/454/342 184/357/342 391/446/342 390/445/342
f 184/357/343 183/456/343 392/449/343 391/446/343
f 183/456/344 107/457/344 225/458/344 392/449/344
f 392/449/345 225/458/345 226/459/345 395/450/345
f 395/450/346 226/459/346 227/460/346 398/453/346
f 398/453/347 227/460/347 115/439/347 207/461/347
f 397/451/348 398/453/348 207/461/348 208/462/348
f 396/452/349 397/451/349 208/462/349 209/463/349
f 228/464/350 396/452/350 209/463/350 116/435/350
f 229/465/351 393/448/351 396/452/351 228/464/351
f 230/455/352 390/445/352 393/448/352 229/465/352
f 399/466/353 400/467/353 403/468/353 402/469/353
f 400/467/354 401/470/354 404/471/354 403/468/354
f 402/469/355 403/468/355 406/472/355 405/473/355
f 403/468/356 404/471/356 407/474/356 406/472/356
f 107/457/357 194/475/357 399/466/357 225/458/357
f 194/475/358 193/476/358 400/467/358 399/466/358
f 193/476/359 192/477/359 401/470/359 400/467/359
f 192/477/360 110/274/360 224/276/360 401/470/360
f 401/470/361 224/276/361 223/289/361 404/471/361
f 404/471/362 223/289/362 222/287/362 407/474/362
f 407/474/363 222/287/363 118/288/363 216/442/363
f 406/472/364 407/474/364 216/442/364 217/478/364
f 405/473/365 406/472/365 217/478/365 218/479/365
f 227/460/366 405/473/366 218/479/366 115/439/366
f 226/459/367 402/469/367 405/473/367 227/460/367
f 225/458/368 399/466/368 402/469/368 226/459/368
f 408/480/369 409/481/369 412/482/369 411/483/369
f 409/481/370 410/484/370 413/485/370 412/482/370
f 411/483/371 412/482/371 415/486/371 414/487/371
f 412/482/372 413/485/372 416/488/372 415/486/372
f 109/279/373 188/489/373 408/480/373 219/280/373
f 188/489/374 187/490/374 409/481/374 408/480/374
f 187/490/375 186/379/375 410/484/375 409/481/375
f 186/379/376 108/359/376 230/455/376 410/484/376
f 410/484/377 230/455/377 229/465/377 413/485/377
f 413/485/378 229/465/378 228/464/378 416/488/378
f 416/488/379 228/464/379 116/435/379 210/434/379
f 415/486/380 416/488/380 210/434/380 211/433/380
f 414/487/381 415/486/381 211/433/381 212/431/381
f 221/282/382 414/487/382 212/431/382 117/283/382
f 220/281/383 411/483/383 414/487/383 221/282/383
f 219/280/384 408/480/384 411/483/384 220/281/384
f 417/491/385 418/492/385 421/493/385 420/494/385
f 418/492/386 419/495/386 422/496/386 421/493/386
f 420/494/387 421/493/387 424/497/387 423/498/387
f 421/493/388 422/496/388 425/499/388 424/497/388
f 103/238/389 152/500/389 417/491/389 155/501/389
f 152/500/390 151/502/390 418/492/390 417/491/390
f 151/502/391 150/503/391 419/495/391 418/492/391
f 150/503/392 122/204/392 243/206/392 419/495/392
f 419/495/393 243/206/393 244/219/393 422/496/393
f 422/496/394 244/219/394 245/217/394 425/499/394
f 425/499/395 245/217/395 119/218/395 233/504/395
f 424/497/396 425/499/396 233/504/396 232/505/396
f 423/498/397 424/497/397 232/505/397 231/506/397
f 153/507/398 423/498/398 231/506/398 99/508/398
f 154/509/399 420/494/399 423/498/399 153/507/399
f 155/501/400 417/491/400 420/494/400 154/509/400
f 426/510/401 427/511/401 430/512/401 429/513/401
f 427/511/402 428/514/402 431/515/402 430/512/402
f 429/513/403 430/512/403 433/516/403 432/517/403
f 430/512/404 431/515/404 434/518/404 433/516/404
f 105/234/405 143/519/405 426/510/405 146/235/405
f 143/519/406 142/520/406 427/511/406 426/510/406
f 142/520/407 141/521/407 428/514/407 427/511/407
f 141/521/408 121/522/408 246/523/408 428/514/408
f 428/514/409 246/523/409 247/524/409 431/515/409
f 431/515/410 247/524/410 248/192/410 434/518/410
f 434/518/411 248/192/411 122/204/411 150/503/411
f 433/516/412 434/518/412 150/503/412 151/502/412
f 432/517/413 433/516/413 151/502/413 152/500/413
f 144/237/414 432/517/414 152/500/414 103/238/414
f 145/236/415 429/513/415 432/517/415 144/237/415
f 146/235/416 426/510/416 429/513/416 145/236/416
f 435/525/417 436/526/417 439/527/417 438/528/417
f 436/526/418 437/529/418 440/530/418 439/527/418
f 438/528/419 439/527/419 442/531/419 441/532/419
f 439/527/420 440/530/420 443/533/420 442/531/420
f 101/534/421 134/535/421 435/525/421 137/536/421
f 134/535/422 133/537/422 436/526/422 435/525/422
f 133/537/423 132/538/423 437/529/423 436/526/423
f 132/538/424 120/149/424 249/539/424 437/529/424
f 437/529/425 249/539/425 250/540/425 440/530/425
f 440/530/426 250/540/426 251/541/426 443/533/426
f 443/533/427 251/541/427 121/522/427 141/521/427
f 442/531/428 443/533/428 141/521/428 142/520/428
f 441/532/429 442/531/429 142/520/429 143/519/429
f 135/542/430 441/532/430 143/519/430 105/234/430
f 136/543/431 438/528/431 441/532/431 135/542/431
f 137/536/432 435/525/432 438/528/432 136/543/432
f 444/544/433 445/545/433 448/546/433 447/547/433
f 445/545/434 446/548/434 449/549/434 448/546/434
f 447/547/435 448/546/435 451/550/435 450/551/435
f 448/546/436 449/549/436 452/552/436 451/550/436
f 99/553/437 231/554/437 444/544/437 125/555/437
f 231/554/438 232/556/438 445/545/438 444/544/438
f 232/556/439 233/557/439 446/548/439 445/545/439
f 233/557/440 119/135/440 252/137/440 446/548/440
f 446/548/441 252/137/441 253/150/441 449/549/441
f 449/549/442 253/150/442 254/148/442 452/552/442
f 452/552/443 254/148/443 120/149/443 132/538/443
f 451/550/444 452/552/444 132/538/444 133/537/444
f 450/551/445 451/550/445 133/537/445 134/535/445
f 123/558/446 450/551/446 134/535/446 101/534/446
f 124/559/447 447/547/447 450/551/447 123/558/447
f 125/555/448 444/544/448 447/547/448 124/559/448
o Arm.R.001
v 0.412408 -1.051021 0.088568
v 0.366509 -0.842899 0.105186
v 0.412408 -1.051021 -0.056525
v 0.366509 -0.842899 -0.073143
v 0.556100 -1.030917 0.088568
v 0.543117 -0.818189 0.105186
v 0.556100 -1.030917 -0.056525
v 0.543117 -0.818189 -0.073143
v 0.326275 -0.493195 0.096575
v 0.326275 -0.493195 -0.064532
v 0.485828 -0.470871 -0.064532
v 0.485828 -0.470871 0.096575
v 0.260210 0.152708 0.072503
v 0.260210 0.152708 -0.040460
v 0.372084 0.168361 -0.040460
v 0.372084 0.168361 0.072503
v 0.403099 -1.063788 -0.027100
v 0.398391 -1.070205 0.016021
v 0.403099 -1.063788 0.059143
v 0.397764 -1.020196 0.098798
v 0.383332 -0.969207 0.106026
v 0.373374 -0.907014 0.107271
v 0.341673 -0.846374 0.064783
v 0.333395 -0.847532 0.016021
v 0.341673 -0.846374 -0.032740
v 0.373374 -0.907013 -0.075228
v 0.383332 -0.969207 -0.073983
v 0.397764 -1.020196 -0.066756
v 0.528533 -1.046238 -0.067513
v 0.486618 -1.057861 -0.073065
v 0.443122 -1.058188 -0.067513
v 0.406521 -0.837301 -0.098220
v 0.454813 -0.830544 -0.106579
v 0.503104 -0.823788 -0.098220
v 0.554112 -0.881726 -0.075228
v 0.561605 -0.944264 -0.073983
v 0.561721 -0.997256 -0.066756
v 0.568556 -1.040638 0.059143
v 0.574844 -1.045517 0.016021
v 0.568556 -1.040638 -0.027100
v 0.567952 -0.814714 -0.032740
v 0.576231 -0.813556 0.016021
v 0.567952 -0.814714 0.064783
v 0.554112 -0.881726 0.107271
v 0.561605 -0.944264 0.106026
v 0.561721 -0.997256 0.098798
v 0.443122 -1.058188 0.099556
v 0.486618 -1.057861 0.105108
v 0.528533 -1.046238 0.099556
v 0.503104 -0.823788 0.130263
v 0.454813 -0.830544 0.138622
v 0.406521 -0.837301 0.130263
v 0.303838 -0.496334 0.060074
v 0.296358 -0.497380 0.016021
v 0.303838 -0.496334 -0.028031
v 0.362423 -0.488137 -0.087188
v 0.406051 -0.482033 -0.094740
v 0.449679 -0.475929 -0.087188
v 0.508265 -0.467732 -0.028031
v 0.515744 -0.466685 0.016021
v 0.508265 -0.467732 0.060074
v 0.449679 -0.475929 0.119231
v 0.406051 -0.482033 0.126783
v 0.362423 -0.488137 0.119231
v 0.532318 -0.758381 -0.070735
v 0.520663 -0.690871 -0.068548
v 0.505913 -0.600191 -0.066505
v 0.505913 -0.600191 0.098548
v 0.520663 -0.690871 0.100591
v 0.532318 -0.758381 0.102778
v 0.360478 -0.782424 0.102778
v 0.353157 -0.714308 0.100591
v 0.342453 -0.623061 0.098548
v 0.342453 -0.623061 -0.066505
v 0.353157 -0.714308 -0.068548
v 0.360478 -0.782424 -0.070735
v 0.246951 0.189861 0.049482
v 0.240311 0.208526 0.016021
v 0.246951 0.189861 -0.017439
v 0.277657 0.194157 -0.048443
v 0.308106 0.218011 -0.052433
v 0.343932 0.203430 -0.048443
v 0.374637 0.207726 -0.017439
v 0.375900 0.227496 0.016021
v 0.374637 0.207726 0.049482
v 0.343932 0.203430 0.080486
v 0.308106 0.218011 0.084476
v 0.277657 0.194157 0.080486
v 0.459084 -0.296473 0.094254
v 0.428023 -0.106684 0.089791
v 0.396382 0.061069 0.081700
v 0.266292 0.042868 0.081700
v 0.281907 -0.127128 0.089791
v 0.304128 -0.318154 0.094254
v 0.304128 -0.318154 -0.062211
v 0.281907 -0.127128 -0.057748
v 0.266292 0.042868 -0.049657
v 0.396382 0.061069 -0.049657
v 0.428023 -0.106684 -0.057748
v 0.459084 -0.296473 -0.062211
v 0.375638 -1.026464 0.061657
v 0.358237 -0.973567 0.065205
v 0.347954 -0.910676 0.065919
v 0.368307 -1.030265 0.016021
v 0.349906 -0.975582 0.016021
v 0.339485 -0.911967 0.016021
v 0.375638 -1.026464 -0.029614
v 0.358237 -0.973567 -0.033162
v 0.347954 -0.910676 -0.033876
v 0.434983 -1.018161 -0.089537
v 0.423876 -0.964383 -0.099440
v 0.414341 -0.901388 -0.100910
v 0.480559 -1.014560 -0.097324
v 0.472702 -0.958401 -0.107971
v 0.463772 -0.894578 -0.109476
v 0.525373 -1.005514 -0.089537
v 0.521294 -0.950753 -0.099440
v 0.513173 -0.887560 -0.100910
v 0.584718 -0.997211 -0.029614
v 0.586933 -0.941569 -0.033162
v 0.579561 -0.878271 -0.033876
v 0.592811 -0.998854 0.016021
v 0.595498 -0.941220 0.016021
v 0.588059 -0.877188 0.016021
v 0.584718 -0.997211 0.061657
v 0.586933 -0.941569 0.065205
v 0.579561 -0.878271 0.065919
v 0.525373 -1.005514 0.121580
v 0.521294 -0.950753 0.131483
v 0.513173 -0.887560 0.132953
v 0.480559 -1.014560 0.129367
v 0.472702 -0.958401 0.140014
v 0.463772 -0.894578 0.141519
v 0.434983 -1.018161 0.121580
v 0.423876 -0.964383 0.131483
v 0.414341 -0.901388 0.132953
v 0.443248 -1.082700 -0.030371
v 0.490333 -1.084417 -0.033025
v 0.535139 -1.069843 -0.030371
v 0.441759 -1.091213 0.016021
v 0.491577 -1.093309 0.016021
v 0.538907 -1.077621 0.016021
v 0.443248 -1.082700 0.062414
v 0.490333 -1.084417 0.065068
v 0.535139 -1.069843 0.062414
v 0.556483 -0.755000 0.063467
v 0.564538 -0.753873 0.016021
v 0.556483 -0.755000 -0.031424
v 0.544219 -0.687576 0.062270
v 0.552071 -0.686477 0.016021
v 0.544219 -0.687576 -0.030227
v 0.528900 -0.596975 0.061153
v 0.536562 -0.595903 0.016021
v 0.528900 -0.596975 -0.029110
v 0.339185 -0.312888 0.116256
v 0.381507 -0.306605 0.123590
v 0.423927 -0.301031 0.116256
v 0.314613 -0.119663 0.110532
v 0.354172 -0.111239 0.117444
v 0.394524 -0.108482 0.110532
v 0.293937 0.057530 0.099438
v 0.328560 0.071819 0.105393
v 0.365775 0.067581 0.099438
v 0.336313 -0.785805 -0.031424
v 0.328258 -0.786932 0.016021
v 0.336313 -0.785805 0.063467
v 0.329601 -0.717603 -0.030227
v 0.321750 -0.718702 0.016021
v 0.329601 -0.717603 0.062270
v 0.319467 -0.626277 -0.029110
v 0.311804 -0.627349 0.016021
v 0.319467 -0.626277 0.061153
v 0.399411 -0.776977 0.127179
v 0.446398 -0.770402 0.135312
v 0.493386 -0.763828 0.127179
v 0.391108 -0.708998 0.124376
v 0.436910 -0.702590 0.132304
v 0.482713 -0.696181 0.124376
v 0.379487 -0.617880 0.121758
v 0.424183 -0.611626 0.129495
v 0.468879 -0.605373 0.121758
v 0.493386 -0.763828 -0.095136
v 0.446398 -0.770402 -0.103269
v 0.399411 -0.776977 -0.095136
v 0.482713 -0.696181 -0.092333
v 0.436910 -0.702590 -0.100261
v 0.391108 -0.708998 -0.092333
v 0.468879 -0.605373 -0.089715
v 0.424183 -0.611626 -0.097452
v 0.379487 -0.617880 -0.089715
v 0.334386 0.285559 -0.019365
v 0.295462 0.308374 -0.021164
v 0.264296 0.275753 -0.019365
v 0.332289 0.313527 0.016021
v 0.291229 0.338630 0.016021
v 0.258636 0.303221 0.016021
v 0.334386 0.285560 0.051408
v 0.295462 0.308374 0.053207
v 0.264296 0.275753 0.051408
v 0.423927 -0.301031 -0.084213
v 0.381507 -0.306605 -0.091547
v 0.339185 -0.312888 -0.084213
v 0.394524 -0.108482 -0.078489
v 0.354172 -0.111239 -0.085401
v 0.314613 -0.119663 -0.078489
v 0.365775 0.067581 -0.067395
v 0.328560 0.071819 -0.073351
v 0.293937 0.057530 -0.067395
v 0.480824 -0.293071 0.058805
v 0.488038 -0.291700 0.016021
v 0.480824 -0.293071 -0.026762
v 0.448168 -0.100977 0.056366
v 0.454616 -0.097186 0.016021
v 0.448168 -0.100977 -0.024323
v 0.412468 0.074114 0.052290
v 0.417070 0.084202 0.016021
v 0.412468 0.074114 -0.020247
v 0.282288 -0.320849 -0.026762
v 0.274975 -0.321511 0.016021
v 0.282288 -0.320849 0.058805
v 0.260970 -0.127168 -0.024323
v 0.253728 -0.125293 0.016021
v 0.260970 -0.127168 0.056366
v 0.247244 0.050997 -0.020247
v 0.240050 0.059435 0.016021
v 0.247244 0.050997 0.052290
vn -0.9327 -0.3161 0.1735
vn -0.9723 -0.1601 0.1702
vn -0.9327 -0.3161 -0.1735
vn -0.9723 -0.1601 -0.1702
vn -0.7025 -0.5240 0.4816
vn -0.7977 -0.2988 0.5239
vn -0.8367 -0.1437 0.5284
vn -0.8467 -0.0735 0.5269
vn -0.9813 -0.0928 0.1689
vn -0.9813 -0.0928 -0.1689
vn -0.8467 -0.0735 -0.5269
vn -0.8368 -0.1437 -0.5284
vn -0.7977 -0.2988 -0.5239
vn -0.7025 -0.5241 -0.4816
vn -0.7869 -0.5918 -0.1749
vn -0.7869 -0.5918 0.1749
vn -0.1463 -0.2061 -0.9675
vn -0.1653 -0.0472 -0.9851
vn 0.1973 -0.1580 -0.9675
vn 0.1719 -0.0000 -0.9851
vn -0.4185 -0.4843 -0.7683
vn -0.4931 -0.2562 -0.8314
vn -0.5197 -0.0993 -0.8486
vn -0.5280 -0.0289 -0.8488
vn -0.1733 0.0202 -0.9847
vn 0.1611 0.0670 -0.9847
vn 0.5157 0.1172 -0.8488
vn 0.5270 0.0471 -0.8486
vn 0.5445 -0.1110 -0.8314
vn 0.5354 -0.3509 -0.7683
vn 0.2393 -0.4482 -0.8613
vn -0.1071 -0.4966 -0.8613
vn 0.9837 -0.0480 -0.1735
vn 0.9789 0.1129 -0.1702
vn 0.9837 -0.0480 0.1735
vn 0.9789 0.1129 0.1702
vn 0.8193 -0.3111 -0.4816
vn 0.8490 -0.0684 -0.5239
vn 0.8441 0.0915 -0.5284
vn 0.8344 0.1617 -0.5269
vn 0.9690 0.1801 -0.1689
vn 0.9690 0.1801 0.1689
vn 0.8344 0.1617 0.5269
vn 0.8441 0.0915 0.5284
vn 0.8490 -0.0684 0.5239
vn 0.8193 -0.3111 0.4816
vn 0.9191 -0.3531 0.1749
vn 0.9191 -0.3531 -0.1749
vn 0.1973 -0.1580 0.9675
vn 0.1719 -0.0000 0.9851
vn -0.1463 -0.2061 0.9675
vn -0.1653 -0.0472 0.9851
vn 0.5354 -0.3509 0.7683
vn 0.5445 -0.1110 0.8314
vn 0.5270 0.0471 0.8486
vn 0.5157 0.1172 0.8488
vn 0.1611 0.0670 0.9847
vn -0.1733 0.0202 0.9847
vn -0.5280 -0.0289 0.8488
vn -0.5197 -0.0993 0.8486
vn -0.4931 -0.2562 0.8314
vn -0.4185 -0.4843 0.7683
vn -0.1071 -0.4966 0.8613
vn 0.2393 -0.4482 0.8613
vn -0.0436 -0.9828 -0.1793
vn 0.3117 -0.9331 -0.1793
vn -0.0436 -0.9828 0.1793
vn 0.3117 -0.9331 0.1793
vn -0.3862 -0.7811 -0.4907
vn -0.0625 -0.8338 -0.5486
vn 0.2889 -0.7846 -0.5486
vn 0.5857 -0.6451 -0.4907
vn 0.6565 -0.7332 -0.1774
vn 0.6565 -0.7332 0.1774
vn 0.5857 -0.6451 0.4907
vn 0.2889 -0.7846 0.5486
vn -0.0625 -0.8338 0.5486
vn -0.3862 -0.7811 0.4907
vn -0.4301 -0.8852 0.1774
vn -0.4301 -0.8852 -0.1774
vn 0.9692 0.1793 0.1688
vn 0.9692 0.1793 -0.1688
vn 0.9715 0.1663 0.1689
vn 0.9715 0.1663 -0.1689
vn 0.8326 0.1715 0.5266
vn 0.9673 0.1895 0.1687
vn 0.9673 0.1895 -0.1687
vn 0.8326 0.1715 -0.5266
vn 0.8345 0.1611 -0.5269
vn 0.8368 0.1480 -0.5271
vn 0.8384 0.1383 -0.5272
vn 0.9731 0.1568 -0.1689
vn 0.9731 0.1568 0.1689
vn 0.8384 0.1383 0.5272
vn 0.8368 0.1480 0.5271
vn 0.8345 0.1611 0.5269
vn -0.1726 0.0070 0.9850
vn 0.1641 0.0541 0.9850
vn -0.1825 0.0397 0.9824
vn 0.1647 0.0882 0.9824
vn -0.5248 -0.0551 0.8495
vn -0.1698 -0.0058 0.9855
vn 0.1649 0.0410 0.9855
vn 0.5197 0.0910 0.8495
vn 0.5186 0.1046 0.8486
vn 0.5172 0.1380 0.8447
vn 0.5050 0.1932 0.8412
vn 0.1743 0.1634 0.9710
vn -0.2125 0.1093 0.9710
vn -0.5386 0.0472 0.8412
vn -0.5352 -0.0093 0.8447
vn -0.5274 -0.0417 0.8486
vn -0.9812 -0.0936 -0.1688
vn -0.9812 -0.0936 0.1688
vn -0.9798 -0.1067 -0.1689
vn -0.9798 -0.1067 0.1689
vn -0.8477 -0.0636 -0.5266
vn -0.9821 -0.0832 -0.1687
vn -0.9821 -0.0832 0.1687
vn -0.8477 -0.0636 0.5266
vn -0.8467 -0.0741 0.5269
vn -0.8453 -0.0874 0.5271
vn -0.8441 -0.0972 0.5272
vn -0.9787 -0.1163 0.1689
vn -0.9787 -0.1163 -0.1689
vn -0.8441 -0.0972 -0.5272
vn -0.8453 -0.0874 -0.5271
vn -0.8467 -0.0741 -0.5269
vn -0.1732 0.0195 0.9847
vn 0.1612 0.0662 0.9847
vn -0.1714 0.0064 0.9852
vn 0.1631 0.0532 0.9852
vn -0.5291 -0.0190 0.8484
vn -0.1745 0.0298 0.9842
vn 0.1597 0.0765 0.9842
vn 0.5139 0.1269 0.8484
vn 0.5157 0.1165 0.8488
vn 0.5178 0.1034 0.8492
vn 0.5193 0.0936 0.8495
vn 0.1645 0.0436 0.9854
vn -0.1701 -0.0032 0.9854
vn -0.5250 -0.0525 0.8495
vn -0.5263 -0.0427 0.8492
vn -0.5279 -0.0295 0.8488
vn 0.1612 0.0662 -0.9847
vn -0.1732 0.0195 -0.9847
vn 0.1631 0.0532 -0.9852
vn -0.1714 0.0064 -0.9852
vn 0.5139 0.1269 -0.8484
vn 0.1597 0.0765 -0.9842
vn -0.1745 0.0298 -0.9842
vn -0.5291 -0.0190 -0.8484
vn -0.5279 -0.0295 -0.8488
vn -0.5263 -0.0427 -0.8492
vn -0.5250 -0.0525 -0.8495
vn -0.1701 -0.0032 -0.9854
vn 0.1645 0.0436 -0.9854
vn 0.5193 0.0936 -0.8495
vn 0.5178 0.1034 -0.8492
vn 0.5157 0.1165 -0.8488
vn 0.4422 0.7180 -0.5375
vn -0.6223 0.5691 -0.5375
vn 0.4423 0.7180 0.5375
vn -0.6223 0.5691 0.5375
vn 0.6469 0.3317 -0.6866
vn 0.2442 0.3481 -0.9051
vn -0.3304 0.2677 -0.9051
vn -0.7131 0.1414 -0.6866
vn -0.9394 0.1825 -0.2901
vn -0.9394 0.1825 0.2901
vn -0.7131 0.1414 0.6866
vn -0.3304 0.2677 0.9051
vn 0.2442 0.3481 0.9051
vn 0.6469 0.3317 0.6866
vn 0.8533 0.4333 0.2901
vn 0.8533 0.4333 -0.2901
vn 0.1641 0.0541 -0.9850
vn -0.1726 0.0070 -0.9850
vn 0.1647 0.0882 -0.9824
vn -0.1825 0.0397 -0.9824
vn 0.5197 0.0910 -0.8495
vn 0.1649 0.0410 -0.9855
vn -0.1698 -0.0058 -0.9855
vn -0.5248 -0.0551 -0.8495
vn -0.5274 -0.0417 -0.8486
vn -0.5352 -0.0093 -0.8447
vn -0.5386 0.0472 -0.8412
vn -0.2125 0.1093 -0.9710
vn 0.1743 0.1634 -0.9710
vn 0.5050 0.1932 -0.8412
vn 0.5172 0.1380 -0.8447
vn 0.5186 0.1046 -0.8486
vn 0.9712 0.1671 0.1700
vn 0.9712 0.1671 -0.1700
vn 0.9640 0.2001 0.1753
vn 0.9640 0.2001 -0.1753
vn 0.8388 0.1356 0.5273
vn 0.9735 0.1542 0.1690
vn 0.9735 0.1542 -0.1690
vn 0.8388 0.1356 -0.5273
vn 0.8360 0.1490 -0.5281
vn 0.8275 0.1814 -0.5313
vn 0.8163 0.2368 -0.5269
vn 0.9426 0.2709 -0.1953
vn 0.9426 0.2709 0.1953
vn 0.8163 0.2368 0.5269
vn 0.8275 0.1814 0.5313
vn 0.8360 0.1490 0.5281
vn -0.9797 -0.1059 -0.1700
vn -0.9797 -0.1059 0.1700
vn -0.9819 -0.0722 -0.1753
vn -0.9819 -0.0722 0.1753
vn -0.8438 -0.0998 -0.5273
vn -0.9784 -0.1189 -0.1690
vn -0.9784 -0.1189 0.1690
vn -0.8438 -0.0998 0.5273
vn -0.8448 -0.0861 0.5281
vn -0.8455 -0.0527 0.5313
vn -0.8499 0.0036 0.5269
vn -0.9807 0.0018 0.1953
vn -0.9807 0.0018 -0.1953
vn -0.8499 0.0036 -0.5269
vn -0.8455 -0.0527 -0.5313
vn -0.8448 -0.0861 -0.5281
vt 0.437188 0.062500
vt 0.497504 0.062500
vt 0.495660 0.125000
vt 0.436957 0.125000
vt 0.553155 0.062500
vt 0.547418 0.125000
vt 0.494900 0.187500
vt 0.436863 0.187500
vt 0.545234 0.187500
vt 0.375000 0.000000
vt 0.437500 0.000000
vt 0.375000 0.062500
vt 0.500000 0.000000
vt 0.562500 0.000000
vt 0.625000 0.000000
vt 0.595920 0.062500
vt 0.586806 0.125000
vt 0.583767 0.187500
vt 0.583333 0.250000
vt 0.544922 0.250000
vt 0.494792 0.250000
vt 0.436849 0.250000
vt 0.375000 0.187500
vt 0.375000 0.250000
vt 0.375000 0.125000
vt 0.436849 0.312500
vt 0.494792 0.312500
vt 0.494792 0.375000
vt 0.436849 0.375000
vt 0.544922 0.312500
vt 0.544922 0.375000
vt 0.494792 0.437500
vt 0.436849 0.437500
vt 0.544922 0.437500
vt 0.375000 0.312500
vt 0.583333 0.312500
vt 0.583333 0.375000
vt 0.583333 0.437500
vt 0.583333 0.500000
vt 0.544922 0.500000
vt 0.494792 0.500000
vt 0.436849 0.500000
vt 0.375000 0.437500
vt 0.375000 0.500000
vt 0.375000 0.375000
vt 0.436849 0.562500
vt 0.494792 0.562500
vt 0.494792 0.625000
vt 0.436849 0.625000
vt 0.544922 0.562500
vt 0.544922 0.625000
vt 0.494792 0.687500
vt 0.436849 0.687500
vt 0.544922 0.687500
vt 0.375000 0.562500
vt 0.583333 0.562500
vt 0.583333 0.625000
vt 0.583333 0.687500
vt 0.583333 0.750000
vt 0.544922 0.750000
vt 0.494792 0.750000
vt 0.436849 0.750000
vt 0.375000 0.687500
vt 0.375000 0.750000
vt 0.375000 0.625000
vt 0.436863 0.812500
vt 0.494900 0.812500
vt 0.495660 0.875000
vt 0.436957 0.875000
vt 0.545234 0.812500
vt 0.547418 0.875000
vt 0.497504 0.937500
vt 0.437188 0.937500
vt 0.553155 0.937500
vt 0.375000 0.812500
vt 0.583767 0.812500
vt 0.586806 0.875000
vt 0.595920 0.937500
vt 0.625000 1.000000
vt 0.562500 1.000000
vt 0.500000 1.000000
vt 0.437500 1.000000
vt 0.375000 0.937500
vt 0.375000 1.000000
vt 0.375000 0.875000
vt 0.187500 0.562500
vt 0.250000 0.562500
vt 0.250000 0.625000
vt 0.187500 0.625000
vt 0.312500 0.562500
vt 0.312500 0.625000
vt 0.250000 0.687500
vt 0.187500 0.687500
vt 0.312500 0.687500
vt 0.125000 0.500000
vt 0.187500 0.500000
vt 0.125000 0.562500
vt 0.250000 0.500000
vt 0.312500 0.500000
vt 0.312500 0.750000
vt 0.250000 0.750000
vt 0.187500 0.750000
vt 0.125000 0.687500
vt 0.125000 0.750000
vt 0.125000 0.625000
vt 0.607422 0.687500
vt 0.607422 0.625000
vt 0.619792 0.625000
vt 0.619792 0.687500
vt 0.607422 0.562500
vt 0.619792 0.562500
vt 0.624349 0.625000
vt 0.624349 0.687500
vt 0.624349 0.562500
vt 0.583333 0.750000
vt 0.583333 0.687500
vt 0.607422 0.750000
vt 0.583333 0.625000
vt 0.583333 0.562500
vt 0.583333 0.500000
vt 0.607422 0.500000
vt 0.619792 0.500000
vt 0.624349 0.500000
vt 0.625000 0.500000
vt 0.625000 0.562500
vt 0.625000 0.625000
vt 0.625000 0.687500
vt 0.624349 0.750000
vt 0.625000 0.750000
vt 0.619792 0.750000
vt 0.625000 0.937500
vt 0.625000 0.875000
vt 0.625000 0.875000
vt 0.625014 0.812500
vt 0.625109 0.812500
vt 0.625231 0.812500
vt 0.625000 1.000000
vt 0.625000 0.812500
vt 0.625000 0.750000
vt 0.625109 0.750000
vt 0.625868 0.750000
vt 0.627604 0.750000
vt 0.625000 0.750000
vt 0.625000 0.812500
vt 0.625000 0.937500
vt 0.607734 0.187500
vt 0.609918 0.125000
vt 0.620660 0.125000
vt 0.619900 0.187500
vt 0.615655 0.062500
vt 0.622504 0.062500
vt 0.624458 0.125000
vt 0.624363 0.187500
vt 0.624688 0.062500
vt 0.583767 0.187500
vt 0.607422 0.250000
vt 0.586806 0.125000
vt 0.625000 0.000000
vt 0.625000 0.062500
vt 0.625000 0.125000
vt 0.625000 0.187500
vt 0.624349 0.250000
vt 0.625000 0.250000
vt 0.619792 0.250000
vt 0.615655 0.937500
vt 0.609918 0.875000
vt 0.620660 0.875000
vt 0.622504 0.937500
vt 0.607734 0.812500
vt 0.619900 0.812500
vt 0.624457 0.875000
vt 0.624688 0.937500
vt 0.624363 0.812500
vt 0.586806 0.875000
vt 0.583767 0.812500
vt 0.583333 0.750000
vt 0.607422 0.750000
vt 0.619792 0.750000
vt 0.624349 0.750000
vt 0.607422 0.437500
vt 0.607422 0.375000
vt 0.619792 0.375000
vt 0.619792 0.437500
vt 0.607422 0.312500
vt 0.619792 0.312500
vt 0.624349 0.375000
vt 0.624349 0.437500
vt 0.624349 0.312500
vt 0.583333 0.437500
vt 0.583333 0.375000
vt 0.583333 0.312500
vt 0.607422 0.250000
vt 0.619792 0.250000
vt 0.624349 0.250000
vt 0.625000 0.312500
vt 0.625000 0.375000
vt 0.625000 0.437500
vt 0.696533 0.562500
vt 0.752387 0.562500
vt 0.753472 0.625000
vt 0.700087 0.625000
vt 0.812798 0.562500
vt 0.812934 0.625000
vt 0.752387 0.687500
vt 0.696533 0.687500
vt 0.812798 0.687500
vt 0.625000 0.500000
vt 0.687500 0.500000
vt 0.653700 0.562500
vt 0.750000 0.500000
vt 0.812500 0.500000
vt 0.875000 0.500000
vt 0.875000 0.562500
vt 0.875000 0.625000
vt 0.875000 0.687500
vt 0.875000 0.750000
vt 0.812500 0.750000
vt 0.750000 0.750000
vt 0.687500 0.750000
vt 0.653700 0.687500
vt 0.659722 0.625000
vt 0.625014 0.437500
vt 0.625000 0.375000
vt 0.625109 0.437500
vt 0.625000 0.312500
vt 0.625231 0.437500
vt 0.625000 0.312500
vt 0.625000 0.500000
vt 0.625000 0.437500
vt 0.625109 0.500000
vt 0.625000 0.375000
vt 0.625000 0.250000
vt 0.625000 0.250000
vt 0.625000 0.250000
vt 0.625000 0.437500
vt 0.627604 0.500000
vt 0.625868 0.500000
vt 0.625312 0.687500
vt 0.625434 0.625000
vt 0.628472 0.625000
vt 0.627496 0.687500
vt 0.625312 0.562500
vt 0.627496 0.562500
vt 0.637587 0.625000
vt 0.634264 0.687500
vt 0.634264 0.562500
vt 0.625000 0.687500
vt 0.625000 0.562500
vt 0.653700 0.562500
vt 0.659722 0.625000
vt 0.653700 0.687500
vt 0.625000 0.187500
vt 0.625000 0.187500
vt 0.625000 0.187500
s 0
f 553/560/449 554/561/449 557/562/449 556/563/449
f 554/561/450 555/564/450 558/565/450 557/562/450
f 556/563/451 557/562/451 560/566/451 559/567/451
f 557/562/452 558/565/452 561/568/452 560/566/452
f 453/569/453 472/570/453 553/560/453 471/571/453
f 472/570/454 473/572/454 554/561/454 553/560/454
f 473/572/455 474/573/455 555/564/455 554/561/455
f 474/573/456 454/574/456 475/575/456 555/564/456
f 555/564/457 475/575/457 476/576/457 558/565/457
f 558/565/458 476/576/458 477/577/458 561/568/458
f 561/568/459 477/577/459 456/578/459 478/579/459
f 560/566/460 561/568/460 478/579/460 479/580/460
f 559/567/461 560/566/461 479/580/461 480/581/461
f 469/582/462 559/567/462 480/581/462 455/583/462
f 470/584/463 556/563/463 559/567/463 469/582/463
f 471/571/464 553/560/464 556/563/464 470/584/464
f 562/585/465 563/586/465 566/587/465 565/588/465
f 563/586/466 564/589/466 567/590/466 566/587/466
f 565/588/467 566/587/467 569/591/467 568/592/467
f 566/587/468 567/590/468 570/593/468 569/591/468
f 455/583/469 480/581/469 562/585/469 483/594/469
f 480/581/470 479/580/470 563/586/470 562/585/470
f 479/580/471 478/579/471 564/589/471 563/586/471
f 478/579/472 456/578/472 484/595/472 564/589/472
f 564/589/473 484/595/473 485/596/473 567/590/473
f 567/590/474 485/596/474 486/597/474 570/593/474
f 570/593/475 486/597/475 460/598/475 487/599/475
f 569/591/476 570/593/476 487/599/476 488/600/476
f 568/592/477 569/591/477 488/600/477 489/601/477
f 481/602/478 568/592/478 489/601/478 459/603/478
f 482/604/479 565/588/479 568/592/479 481/602/479
f 483/594/480 562/585/480 565/588/480 482/604/480
f 571/605/481 572/606/481 575/607/481 574/608/481
f 572/606/482 573/609/482 576/610/482 575/607/482
f 574/608/483 575/607/483 578/611/483 577/612/483
f 575/607/484 576/610/484 579/613/484 578/611/484
f 459/603/485 489/601/485 571/605/485 492/614/485
f 489/601/486 488/600/486 572/606/486 571/605/486
f 488/600/487 487/599/487 573/609/487 572/606/487
f 487/599/488 460/598/488 493/615/488 573/609/488
f 573/609/489 493/615/489 494/616/489 576/610/489
f 576/610/490 494/616/490 495/617/490 579/613/490
f 579/613/491 495/617/491 458/618/491 496/619/491
f 578/611/492 579/613/492 496/619/492 497/620/492
f 577/612/493 578/611/493 497/620/493 498/621/493
f 490/622/494 577/612/494 498/621/494 457/623/494
f 491/624/495 574/608/495 577/612/495 490/622/495
f 492/614/496 571/605/496 574/608/496 491/624/496
f 580/625/497 581/626/497 584/627/497 583/628/497
f 581/626/498 582/629/498 585/630/498 584/627/498
f 583/628/499 584/627/499 587/631/499 586/632/499
f 584/627/500 585/630/500 588/633/500 587/631/500
f 457/623/501 498/621/501 580/625/501 501/634/501
f 498/621/502 497/620/502 581/626/502 580/625/502
f 497/620/503 496/619/503 582/629/503 581/626/503
f 496/619/504 458/618/504 502/635/504 582/629/504
f 582/629/505 502/635/505 503/636/505 585/630/505
f 585/630/506 503/636/506 504/637/506 588/633/506
f 588/633/507 504/637/507 454/638/507 474/639/507
f 587/631/508 588/633/508 474/639/508 473/640/508
f 586/632/509 587/631/509 473/640/509 472/641/509
f 499/642/510 586/632/510 472/641/510 453/643/510
f 500/644/511 583/628/511 586/632/511 499/642/511
f 501/634/512 580/625/512 583/628/512 500/644/512
f 589/645/513 590/646/513 593/647/513 592/648/513
f 590/646/514 591/649/514 594/650/514 593/647/514
f 592/648/515 593/647/515 596/651/515 595/652/515
f 593/647/516 594/650/516 597/653/516 596/651/516
f 455/654/517 483/655/517 589/645/517 469/656/517
f 483/655/518 482/657/518 590/646/518 589/645/518
f 482/657/519 481/658/519 591/649/519 590/646/519
f 481/658/520 459/603/520 492/614/520 591/649/520
f 591/649/521 492/614/521 491/624/521 594/650/521
f 594/650/522 491/624/522 490/622/522 597/653/522
f 597/653/523 490/622/523 457/623/523 501/659/523
f 596/651/524 597/653/524 501/659/524 500/660/524
f 595/652/525 596/651/525 500/660/525 499/661/525
f 471/662/526 595/652/526 499/661/526 453/663/526
f 470/664/527 592/648/527 595/652/527 471/662/527
f 469/656/528 589/645/528 592/648/528 470/664/528
f 598/665/529 599/666/529 602/667/529 601/668/529
f 599/666/530 600/669/530 603/670/530 602/667/530
f 601/668/531 602/667/531 605/671/531 604/672/531
f 602/667/532 603/670/532 606/673/532 605/671/532
f 458/674/533 495/675/533 598/665/533 522/676/533
f 495/675/534 494/677/534 599/666/534 598/665/534
f 494/677/535 493/678/535 600/669/535 599/666/535
f 493/678/536 460/679/536 517/680/536 600/669/536
f 600/669/537 517/680/537 518/681/537 603/670/537
f 603/670/538 518/681/538 519/682/538 606/673/538
f 606/673/539 519/682/539 463/683/539 511/684/539
f 605/671/540 606/673/540 511/684/540 512/685/540
f 604/672/541 605/671/541 512/685/541 513/686/541
f 520/687/542 604/672/542 513/686/542 464/688/542
f 521/689/543 601/668/543 604/672/543 520/687/543
f 522/676/544 598/665/544 601/668/544 521/689/544
f 607/690/545 608/691/545 611/692/545 610/690/545
f 608/691/546 609/693/546 612/694/546 611/692/546
f 610/690/547 611/692/547 614/692/547 613/690/547
f 611/692/548 612/694/548 615/695/548 614/692/548
f 461/638/549 516/690/549 607/690/549 546/696/549
f 516/690/550 515/692/550 608/691/550 607/690/550
f 515/692/551 514/697/551 609/693/551 608/691/551
f 514/697/552 464/698/552 541/699/552 609/693/552
f 609/693/553 541/699/553 542/700/553 612/694/553
f 612/694/554 542/700/554 543/701/554 615/695/554
f 615/695/555 543/701/555 468/702/555 538/703/555
f 614/692/556 615/695/556 538/703/556 539/692/556
f 613/690/557 614/692/557 539/692/557 540/704/557
f 544/696/558 613/690/558 540/704/558 465/696/558
f 545/696/559 610/690/559 613/690/559 544/696/559
f 546/696/560 607/690/560 610/690/560 545/696/560
f 616/705/561 617/706/561 620/707/561 619/708/561
f 617/706/562 618/709/562 621/710/562 620/707/562
f 619/708/563 620/707/563 623/711/563 622/712/563
f 620/707/564 621/710/564 624/713/564 623/711/564
f 456/578/565 477/714/565 616/705/565 528/715/565
f 477/714/566 476/716/566 617/706/566 616/705/566
f 476/716/567 475/575/567 618/709/567 617/706/567
f 475/575/568 454/574/568 523/717/568 618/709/568
f 618/709/569 523/717/569 524/717/569 621/710/569
f 621/710/570 524/717/570 525/717/570 624/713/570
f 624/713/571 525/717/571 461/574/571 505/718/571
f 623/711/572 624/713/572 505/718/572 506/719/572
f 622/712/573 623/711/573 506/719/573 507/720/573
f 526/721/574 622/712/574 507/720/574 462/722/574
f 527/723/575 619/708/575 622/712/575 526/721/575
f 528/715/576 616/705/576 619/708/576 527/723/576
f 625/724/577 626/725/577 629/726/577 628/727/577
f 626/725/578 627/728/578 630/729/578 629/726/578
f 628/727/579 629/726/579 632/730/579 631/731/579
f 629/726/580 630/729/580 633/732/580 632/730/580
f 454/638/581 504/637/581 625/724/581 523/696/581
f 504/637/582 503/733/582 626/725/582 625/724/582
f 503/733/583 502/734/583 627/728/583 626/725/583
f 502/734/584 458/735/584 522/736/584 627/728/584
f 627/728/585 522/736/585 521/737/585 630/729/585
f 630/729/586 521/737/586 520/738/586 633/732/586
f 633/732/587 520/738/587 464/698/587 514/697/587
f 632/730/588 633/732/588 514/697/588 515/692/588
f 631/731/589 632/730/589 515/692/589 516/690/589
f 525/696/590 631/731/590 516/690/590 461/638/590
f 524/696/591 628/727/591 631/731/591 525/696/591
f 523/696/592 625/724/592 628/727/592 524/696/592
f 634/739/593 635/740/593 638/741/593 637/742/593
f 635/740/594 636/743/594 639/744/594 638/741/594
f 637/742/595 638/741/595 641/745/595 640/746/595
f 638/741/596 639/744/596 642/747/596 641/745/596
f 460/679/597 486/748/597 634/739/597 517/680/597
f 486/748/598 485/749/598 635/740/598 634/739/598
f 485/749/599 484/750/599 636/743/599 635/740/599
f 484/750/600 456/578/600 528/751/600 636/743/600
f 636/743/601 528/751/601 527/752/601 639/744/601
f 639/744/602 527/752/602 526/753/602 642/747/602
f 642/747/603 526/753/603 462/722/603 508/754/603
f 641/745/604 642/747/604 508/754/604 509/755/604
f 640/746/605 641/745/605 509/755/605 510/756/605
f 519/682/606 640/746/606 510/756/606 463/683/606
f 518/681/607 637/742/607 640/746/607 519/682/607
f 517/680/608 634/739/608 637/742/608 518/681/608
f 643/757/609 644/758/609 647/759/609 646/760/609
f 644/758/610 645/761/610 648/762/610 647/759/610
f 646/760/611 647/759/611 650/763/611 649/764/611
f 647/759/612 648/762/612 651/765/612 650/763/612
f 467/766/613 534/767/613 643/757/613 535/768/613
f 534/767/614 533/769/614 644/758/614 643/757/614
f 533/769/615 532/770/615 645/761/615 644/758/615
f 532/770/616 466/771/616 531/772/616 645/761/616
f 645/761/617 531/772/617 530/773/617 648/762/617
f 648/762/618 530/773/618 529/774/618 651/765/618
f 651/765/619 529/774/619 465/775/619 540/776/619
f 650/763/620 651/765/620 540/776/620 539/777/620
f 649/764/621 650/763/621 539/777/621 538/778/621
f 537/779/622 649/764/622 538/778/622 468/702/622
f 536/780/623 646/760/623 649/764/623 537/779/623
f 535/768/624 643/757/624 646/760/624 536/780/624
f 652/781/625 653/782/625 656/755/625 655/783/625
f 653/782/626 654/784/626 657/754/626 656/755/626
f 655/783/627 656/755/627 659/755/627 658/785/627
f 656/755/628 657/754/628 660/786/628 659/755/628
f 463/787/629 510/788/629 652/781/629 552/789/629
f 510/788/630 509/790/630 653/782/630 652/781/630
f 509/790/631 508/754/631 654/784/631 653/782/631
f 508/754/632 462/722/632 547/791/632 654/784/632
f 654/784/633 547/791/633 548/792/633 657/754/633
f 657/754/634 548/792/634 549/792/634 660/786/634
f 660/786/635 549/792/635 466/793/635 532/754/635
f 659/755/636 660/786/636 532/754/636 533/755/636
f 658/785/637 659/755/637 533/755/637 534/794/637
f 550/795/638 658/785/638 534/794/638 467/766/638
f 551/796/639 655/783/639 658/785/639 550/795/639
f 552/789/640 652/781/640 655/783/640 551/796/640
f 661/797/641 662/798/641 665/799/641 664/800/641
f 662/798/642 663/801/642 666/802/642 665/799/642
f 664/800/643 665/799/643 668/803/643 667/804/643
f 665/799/644 666/802/644 669/805/644 668/803/644
f 464/698/645 513/806/645 661/797/645 541/699/645
f 513/806/646 512/685/646 662/798/646 661/797/646
f 512/685/647 511/807/647 663/801/647 662/798/647
f 511/807/648 463/787/648 552/789/648 663/801/648
f 663/801/649 552/789/649 551/796/649 666/802/649
f 666/802/650 551/796/650 550/795/650 669/805/650
f 669/805/651 550/795/651 467/766/651 535/808/651
f 668/803/652 669/805/652 535/808/652 536/809/652
f 667/804/653 668/803/653 536/809/653 537/810/653
f 543/701/654 667/804/654 537/810/654 468/702/654
f 542/700/655 664/800/655 667/804/655 543/701/655
f 541/699/656 661/797/656 664/800/656 542/700/656
f 670/811/657 671/719/657 674/719/657 673/812/657
f 671/719/658 672/718/658 675/718/658 674/719/658
f 673/812/659 674/719/659 677/719/659 676/812/659
f 674/719/660 675/718/660 678/718/660 677/719/660
f 462/722/661 507/720/661 670/811/661 547/791/661
f 507/720/662 506/719/662 671/719/662 670/811/662
f 506/719/663 505/718/663 672/718/663 671/719/663
f 505/718/664 461/574/664 546/717/664 672/718/664
f 672/718/665 546/717/665 545/717/665 675/718/665
f 675/718/666 545/717/666 544/717/666 678/718/666
f 678/718/667 544/717/667 465/717/667 529/718/667
f 677/719/668 678/718/668 529/718/668 530/719/668
f 676/812/669 677/719/669 530/719/669 531/813/669
f 549/792/670 676/812/670 531/813/670 466/793/670
f 548/792/671 673/812/671 676/812/671 549/792/671
f 547/791/672 670/811/672 673/812/672 548/792/672
o Arm.R.002
v 0.401057 -1.009325 -0.034872
v 0.382049 -1.172577 -0.053151
v 0.401051 -1.008581 0.109239
v 0.382027 -1.171520 0.128990
v 0.545163 -1.009325 -0.034872
v 0.564172 -1.172577 -0.053151
v 0.545170 -1.008581 0.109239
v 0.564193 -1.171520 0.128990
v 0.385501 -1.335962 -0.048667
v 0.385477 -1.334931 0.126572
v 0.560744 -1.334931 0.126572
v 0.560720 -1.335962 -0.048667
v 0.401989 -1.717533 -0.028813
v 0.401984 -1.716831 0.113434
v 0.544237 -1.716831 0.113434
v 0.544232 -1.717533 -0.028813
v 0.400510 -1.860251 -0.029223
v 0.400510 -1.859581 0.115977
v 0.545711 -1.859581 0.115977
v 0.545711 -1.860251 -0.029223
v 0.387275 -1.991014 -0.041854
v 0.387275 -1.990222 0.129814
v 0.558945 -1.990222 0.129814
v 0.558945 -1.991014 -0.041854
v 0.406385 -2.168608 -0.021924
v 0.406385 -2.167992 0.111525
v 0.539836 -2.167992 0.111525
v 0.539836 -2.168608 -0.021924
v 0.390169 -0.998958 0.079961
v 0.384675 -0.994268 0.037114
v 0.390173 -0.999399 -0.005687
v 0.390801 -1.037106 -0.045000
v 0.383281 -1.080187 -0.052322
v 0.381292 -1.128544 -0.054095
v 0.356432 -1.172337 -0.011885
v 0.347886 -1.172048 0.037919
v 0.356417 -1.171759 0.087723
v 0.381274 -1.127515 0.129557
v 0.383267 -1.079216 0.127348
v 0.390791 -1.036241 0.119627
v 0.515937 -0.998754 0.120075
v 0.473110 -0.993818 0.125548
v 0.430284 -0.998754 0.120075
v 0.423298 -1.171371 0.154603
v 0.473110 -1.171322 0.163141
v 0.522923 -1.171371 0.154603
v 0.564947 -1.127515 0.129557
v 0.562953 -1.079216 0.127348
v 0.555430 -1.036241 0.119627
v 0.556048 -0.999399 -0.005687
v 0.561546 -0.994268 0.037114
v 0.556052 -0.998958 0.079961
v 0.589804 -1.171759 0.087723
v 0.598335 -1.172048 0.037919
v 0.589789 -1.172337 -0.011885
v 0.564929 -1.128544 -0.054095
v 0.562940 -1.080187 -0.052322
v 0.555420 -1.037106 -0.045000
v 0.430288 -0.999603 -0.045801
v 0.473110 -0.994719 -0.051320
v 0.515933 -0.999603 -0.045801
v 0.522908 -1.172725 -0.078765
v 0.473110 -1.172775 -0.087302
v 0.423313 -1.172725 -0.078765
v 0.360853 -1.335728 -0.008965
v 0.352631 -1.335446 0.038952
v 0.360837 -1.335164 0.086869
v 0.425184 -1.334786 0.151215
v 0.473110 -1.334737 0.159430
v 0.521037 -1.334786 0.151215
v 0.585384 -1.335164 0.086869
v 0.593590 -1.335446 0.038952
v 0.585367 -1.335729 -0.008965
v 0.521020 -1.336107 -0.073310
v 0.473110 -1.336156 -0.081525
v 0.425201 -1.336107 -0.073310
v 0.563686 -1.204877 0.128614
v 0.563435 -1.235542 0.128513
v 0.562700 -1.275049 0.128045
v 0.562674 -1.276120 -0.051104
v 0.563409 -1.236625 -0.052106
v 0.563662 -1.205952 -0.052510
v 0.382559 -1.205952 -0.052510
v 0.382812 -1.236625 -0.052106
v 0.383547 -1.276120 -0.051104
v 0.383521 -1.275049 0.128045
v 0.382786 -1.235542 0.128513
v 0.382534 -1.204877 0.128614
v 0.381984 -1.717374 0.003415
v 0.375314 -1.717182 0.042311
v 0.381981 -1.716990 0.081206
v 0.434213 -1.716733 0.133438
v 0.473110 -1.716700 0.140106
v 0.512008 -1.716733 0.133438
v 0.564240 -1.716990 0.081206
v 0.570907 -1.717182 0.042311
v 0.564237 -1.717374 0.003415
v 0.512005 -1.717632 -0.048816
v 0.473110 -1.717665 -0.055484
v 0.434216 -1.717632 -0.048816
v 0.557094 -1.423117 -0.044287
v 0.552487 -1.526316 -0.038766
v 0.547875 -1.629731 -0.033231
v 0.398346 -1.629730 -0.033231
v 0.393734 -1.526316 -0.038766
v 0.389127 -1.423117 -0.044287
v 0.389107 -1.422158 0.123697
v 0.393719 -1.525448 0.120000
v 0.398337 -1.628954 0.116304
v 0.547884 -1.628954 0.116304
v 0.552502 -1.525448 0.120000
v 0.557114 -1.422158 0.123697
v 0.380091 -1.860100 0.003674
v 0.373285 -1.859916 0.043377
v 0.380091 -1.859733 0.083080
v 0.433407 -1.859487 0.136395
v 0.473110 -1.859456 0.143202
v 0.512814 -1.859487 0.136395
v 0.566130 -1.859733 0.083080
v 0.572936 -1.859917 0.043377
v 0.566130 -1.860100 0.003674
v 0.512814 -1.860346 -0.049642
v 0.473110 -1.860377 -0.056448
v 0.433407 -1.860346 -0.049642
v 0.542333 -1.777365 0.112046
v 0.542117 -1.815371 0.112127
v 0.543329 -1.839794 0.113497
v 0.543329 -1.840443 -0.026939
v 0.542116 -1.816013 -0.025883
v 0.542331 -1.778023 -0.026395
v 0.403890 -1.778023 -0.026395
v 0.404105 -1.816013 -0.025883
v 0.402892 -1.840443 -0.026939
v 0.402891 -1.839794 0.113497
v 0.404104 -1.815371 0.112127
v 0.403888 -1.777365 0.112046
v 0.363134 -1.990835 -0.002960
v 0.355087 -1.990618 0.043980
v 0.363134 -1.990402 0.090921
v 0.426169 -1.990111 0.153955
v 0.473110 -1.990074 0.162002
v 0.520051 -1.990111 0.153955
v 0.583087 -1.990402 0.090921
v 0.591134 -1.990618 0.043980
v 0.583087 -1.990835 -0.002960
v 0.520051 -1.991126 -0.065995
v 0.473110 -1.991163 -0.074042
v 0.426169 -1.991126 -0.065995
v 0.548958 -1.882413 0.119329
v 0.552594 -1.910900 0.123096
v 0.556096 -1.946388 0.126763
v 0.556096 -1.947154 -0.039207
v 0.552594 -1.911634 -0.035868
v 0.548958 -1.883113 -0.032365
v 0.397263 -1.883113 -0.032365
v 0.393627 -1.911634 -0.035868
v 0.390125 -1.947154 -0.039207
v 0.390125 -1.946388 0.126763
v 0.393627 -1.910900 0.123096
v 0.397263 -1.882413 0.119329
v 0.396652 -2.178377 0.005258
v 0.391764 -2.183165 0.044869
v 0.396652 -2.178012 0.084433
v 0.433522 -2.177842 0.121303
v 0.473110 -2.182789 0.126215
v 0.512698 -2.177842 0.121303
v 0.549568 -2.178012 0.084433
v 0.554457 -2.183165 0.044869
v 0.549568 -2.178377 0.005258
v 0.512698 -2.178547 -0.031611
v 0.473110 -2.183540 -0.036477
v 0.433522 -2.178547 -0.031611
v 0.560280 -2.042852 -0.042949
v 0.557876 -2.095499 -0.040302
v 0.549996 -2.140396 -0.032215
v 0.396225 -2.140396 -0.032215
v 0.388345 -2.095499 -0.040302
v 0.385941 -2.042852 -0.042949
v 0.385941 -2.042048 0.131388
v 0.388345 -2.094717 0.129227
v 0.396225 -2.139686 0.121554
v 0.549996 -2.139686 0.121554
v 0.557876 -2.094717 0.129227
v 0.560280 -2.042048 0.131388
v 0.368163 -1.034207 -0.008082
v 0.357877 -1.079243 -0.011583
v 0.355445 -1.128221 -0.012482
v 0.360428 -1.031602 0.037290
v 0.349362 -1.078254 0.037506
v 0.346819 -1.127849 0.037730
v 0.368156 -1.033730 0.082684
v 0.357868 -1.078712 0.086602
v 0.355433 -1.127658 0.087944
v 0.427723 -1.033419 0.142250
v 0.424012 -1.078355 0.152746
v 0.422890 -1.127280 0.155400
v 0.473110 -1.031013 0.149970
v 0.473110 -1.077586 0.161252
v 0.473110 -1.127141 0.164019
v 0.518498 -1.033419 0.142250
v 0.522208 -1.078355 0.152746
v 0.523330 -1.127280 0.155400
v 0.578065 -1.033730 0.082684
v 0.588353 -1.078712 0.086602
v 0.590788 -1.127658 0.087944
v 0.585792 -1.031602 0.037290
v 0.596858 -1.078254 0.037506
v 0.599401 -1.127849 0.037730
v 0.578058 -1.034207 -0.008082
v 0.588344 -1.079243 -0.011583
v 0.590776 -1.128221 -0.012482
v 0.518491 -1.034518 -0.067648
v 0.522199 -1.079600 -0.077727
v 0.523318 -1.128599 -0.079938
v 0.473110 -1.032191 -0.075391
v 0.473110 -1.078922 -0.086240
v 0.473110 -1.128556 -0.088559
v 0.427730 -1.034518 -0.067648
v 0.424022 -1.079600 -0.077727
v 0.422903 -1.128599 -0.079938
v 0.427070 -0.978030 0.083078
v 0.473110 -0.970937 0.085666
v 0.519151 -0.978030 0.083078
v 0.424449 -0.971182 0.037005
v 0.473110 -0.963452 0.036968
v 0.521772 -0.971182 0.037005
v 0.427072 -0.978496 -0.009001
v 0.473110 -0.971427 -0.011656
v 0.519149 -0.978496 -0.009001
v 0.589137 -1.205709 -0.011474
v 0.597636 -1.205415 0.038052
v 0.589154 -1.205121 0.087578
v 0.588813 -1.236380 -0.011185
v 0.597289 -1.236084 0.038203
v 0.588831 -1.235787 0.087591
v 0.587872 -1.275877 -0.010516
v 0.596278 -1.275585 0.038471
v 0.587889 -1.275292 0.087457
v 0.427183 -1.423252 -0.067910
v 0.473110 -1.423297 -0.075785
v 0.519038 -1.423252 -0.067910
v 0.429702 -1.526438 -0.061092
v 0.473110 -1.526479 -0.068534
v 0.516519 -1.526438 -0.061092
v 0.432225 -1.629840 -0.054260
v 0.473110 -1.629876 -0.061269
v 0.513996 -1.629840 -0.054260
v 0.357067 -1.205121 0.087578
v 0.348585 -1.205415 0.038052
v 0.357084 -1.205709 -0.011474
v 0.357390 -1.235787 0.087591
v 0.348932 -1.236084 0.038203
v 0.357408 -1.236380 -0.011185
v 0.358331 -1.275292 0.087457
v 0.349942 -1.275584 0.038471
v 0.358349 -1.275877 -0.010516
v 0.423592 -1.206104 -0.077980
v 0.473110 -1.206154 -0.086470
v 0.522629 -1.206104 -0.077980
v 0.423730 -1.236778 -0.077506
v 0.473110 -1.236828 -0.085972
v 0.522491 -1.236778 -0.077506
v 0.424132 -1.276271 -0.076297
v 0.473110 -1.276321 -0.084695
v 0.522089 -1.276271 -0.076297
v 0.522646 -1.204726 0.154085
v 0.473110 -1.204675 0.162575
v 0.423575 -1.204726 0.154085
v 0.522508 -1.235390 0.153912
v 0.473110 -1.235339 0.162379
v 0.423712 -1.235390 0.153912
v 0.522107 -1.274898 0.153238
v 0.473110 -1.274848 0.161636
v 0.424114 -1.274898 0.153238
v 0.561800 -1.777874 0.004971
v 0.568290 -1.777694 0.042825
v 0.561801 -1.777514 0.080680
v 0.561524 -1.815868 0.005385
v 0.567994 -1.815692 0.043122
v 0.561525 -1.815516 0.080859
v 0.563079 -1.840296 0.004879
v 0.569662 -1.840118 0.043279
v 0.563079 -1.839941 0.081680
v 0.519051 -1.422023 0.147320
v 0.473110 -1.421978 0.155194
v 0.427169 -1.422023 0.147320
v 0.516529 -1.525326 0.142326
v 0.473110 -1.525285 0.149768
v 0.429692 -1.525325 0.142326
v 0.514003 -1.628845 0.137333
v 0.473110 -1.628808 0.144342
v 0.432218 -1.628845 0.137333
v 0.580721 -1.422900 -0.006228
v 0.588602 -1.422638 0.039705
v 0.580734 -1.422375 0.085638
v 0.574816 -1.526119 -0.002795
v 0.582264 -1.525882 0.040617
v 0.574826 -1.525644 0.084029
v 0.568905 -1.629555 0.000648
v 0.575918 -1.629342 0.041537
v 0.568911 -1.629130 0.082425
v 0.365486 -1.422375 0.085638
v 0.357619 -1.422637 0.039705
v 0.365500 -1.422900 -0.006228
v 0.371394 -1.525644 0.084029
v 0.363957 -1.525882 0.040617
v 0.371405 -1.526119 -0.002795
v 0.377310 -1.629130 0.082425
v 0.370303 -1.629342 0.041537
v 0.377316 -1.629555 0.000648
v 0.570290 -1.882954 0.002004
v 0.577401 -1.882763 0.043482
v 0.570290 -1.882571 0.084961
v 0.574948 -1.911468 0.000147
v 0.582400 -1.911267 0.043614
v 0.574948 -1.911067 0.087081
v 0.579436 -1.946981 -0.001605
v 0.587216 -1.946771 0.043778
v 0.579436 -1.946562 0.089160
v 0.384420 -1.777514 0.080680
v 0.377931 -1.777694 0.042825
v 0.384421 -1.777874 0.004971
v 0.384696 -1.815516 0.080859
v 0.378227 -1.815692 0.043122
v 0.384697 -1.815868 0.005385
v 0.383142 -1.839941 0.081680
v 0.376559 -1.840118 0.043279
v 0.383142 -1.840296 0.004879
v 0.435256 -1.778116 -0.045863
v 0.473110 -1.778147 -0.052353
v 0.510965 -1.778116 -0.045863
v 0.435373 -1.816103 -0.045291
v 0.473110 -1.816134 -0.051760
v 0.510848 -1.816104 -0.045291
v 0.434709 -1.840534 -0.046688
v 0.473110 -1.840564 -0.053271
v 0.511511 -1.840534 -0.046688
v 0.510967 -1.777273 0.131514
v 0.473110 -1.777242 0.138004
v 0.435254 -1.777273 0.131514
v 0.510848 -1.815280 0.131535
v 0.473110 -1.815250 0.138004
v 0.435373 -1.815280 0.131535
v 0.511512 -1.839702 0.133246
v 0.473110 -1.839672 0.139829
v 0.434709 -1.839703 0.133246
v 0.425442 -2.043057 -0.067472
v 0.473110 -2.043187 -0.075648
v 0.520779 -2.043057 -0.067472
v 0.426769 -2.096342 -0.064194
v 0.473110 -2.097112 -0.072172
v 0.519452 -2.096342 -0.064194
v 0.430684 -2.143231 -0.053141
v 0.473110 -2.145659 -0.060217
v 0.515537 -2.143231 -0.053141
v 0.375931 -1.882571 0.084961
v 0.368820 -1.882763 0.043482
v 0.375931 -1.882954 0.002004
v 0.371273 -1.911067 0.087081
v 0.363821 -1.911267 0.043614
v 0.371273 -1.911468 0.000147
v 0.366785 -1.946562 0.089160
v 0.359005 -1.946771 0.043778
v 0.366785 -1.946981 -0.001605
v 0.431631 -1.883211 -0.053697
v 0.473110 -1.883244 -0.060807
v 0.514590 -1.883211 -0.053697
v 0.429643 -1.911737 -0.058223
v 0.473110 -1.911772 -0.065674
v 0.516578 -1.911737 -0.058223
v 0.427728 -1.947262 -0.062547
v 0.473110 -1.947298 -0.070327
v 0.518493 -1.947262 -0.062547
v 0.514590 -1.882314 0.140661
v 0.473110 -1.882281 0.147772
v 0.431631 -1.882314 0.140661
v 0.516578 -1.910797 0.145451
v 0.473110 -1.910763 0.152902
v 0.429643 -1.910797 0.145451
v 0.518493 -1.946281 0.150102
v 0.473110 -1.946245 0.157882
v 0.427728 -1.946280 0.150102
v 0.515302 -2.199172 0.087134
v 0.473110 -2.206331 0.089434
v 0.430919 -2.199172 0.087134
v 0.517568 -2.206536 0.044977
v 0.473110 -2.214361 0.045013
v 0.428653 -2.206536 0.044977
v 0.515302 -2.199562 0.002753
v 0.473110 -2.206741 0.000519
v 0.430919 -2.199562 0.002753
v 0.520779 -2.042026 0.155911
v 0.473110 -2.042080 0.164088
v 0.425442 -2.042026 0.155911
v 0.519452 -2.095339 0.153125
v 0.473110 -2.096035 0.161110
v 0.426769 -2.095339 0.153125
v 0.515537 -2.142328 0.142506
v 0.473110 -2.144691 0.149604
v 0.430684 -2.142328 0.142506
v 0.584803 -2.042762 -0.003449
v 0.592980 -2.042633 0.044220
v 0.584803 -2.042322 0.091888
v 0.581771 -2.096054 -0.001875
v 0.589753 -2.096573 0.044469
v 0.581771 -2.095627 0.090807
v 0.570935 -2.142975 0.002256
v 0.578022 -2.145175 0.044693
v 0.570935 -2.142584 0.087109
v 0.361418 -2.042322 0.091888
v 0.353241 -2.042633 0.044220
v 0.361418 -2.042762 -0.003449
v 0.364450 -2.095627 0.090807
v 0.356468 -2.096573 0.044469
v 0.364450 -2.096054 -0.001875
v 0.375286 -2.142583 0.087109
v 0.368199 -2.145175 0.044693
v 0.375286 -2.142975 0.002256
vn -0.9578 0.2293 -0.1735
vn -0.9840 0.0508 -0.1706
vn -0.9578 0.2309 0.1709
vn -0.9841 0.0524 0.1698
vn -0.7431 0.4770 -0.4694
vn -0.8225 0.2301 -0.5202
vn -0.8475 0.0530 -0.5282
vn -0.8493 -0.0260 -0.5272
vn -0.9853 -0.0244 -0.1690
vn -0.9853 -0.0229 0.1690
vn -0.8494 -0.0215 0.5274
vn -0.8475 0.0579 0.5276
vn -0.8226 0.2351 0.5177
vn -0.7432 0.4817 0.4644
vn -0.8270 0.5372 0.1654
vn -0.8270 0.5355 -0.1711
vn -0.1722 0.2347 0.9567
vn -0.1702 0.0561 0.9838
vn 0.1722 0.2347 0.9567
vn 0.1702 0.0561 0.9838
vn -0.4669 0.4830 0.7407
vn -0.5190 0.2365 0.8214
vn -0.5279 0.0593 0.8472
vn -0.5273 -0.0201 0.8495
vn -0.1690 -0.0195 0.9854
vn 0.1690 -0.0195 0.9854
vn 0.5273 -0.0201 0.8495
vn 0.5279 0.0593 0.8472
vn 0.5190 0.2365 0.8214
vn 0.4669 0.4830 0.7407
vn 0.1683 0.5405 0.8243
vn -0.1683 0.5405 0.8243
vn 0.9578 0.2309 0.1709
vn 0.9841 0.0524 0.1698
vn 0.9578 0.2293 -0.1735
vn 0.9840 0.0508 -0.1706
vn 0.7432 0.4817 0.4644
vn 0.8226 0.2351 0.5177
vn 0.8475 0.0579 0.5276
vn 0.8494 -0.0215 0.5274
vn 0.9853 -0.0229 0.1690
vn 0.9853 -0.0244 -0.1690
vn 0.8493 -0.0260 -0.5272
vn 0.8475 0.0530 -0.5282
vn 0.8225 0.2301 -0.5202
vn 0.7431 0.4770 -0.4694
vn 0.8270 0.5355 -0.1711
vn 0.8270 0.5372 0.1654
vn 0.1722 0.2255 -0.9589
vn 0.1702 0.0471 -0.9843
vn -0.1722 0.2255 -0.9589
vn -0.1702 0.0471 -0.9843
vn 0.4669 0.4756 -0.7455
vn 0.5189 0.2286 -0.8237
vn 0.5279 0.0516 -0.8477
vn 0.5273 -0.0274 -0.8492
vn 0.1690 -0.0279 -0.9852
vn -0.1690 -0.0279 -0.9852
vn -0.5273 -0.0274 -0.8492
vn -0.5279 0.0516 -0.8477
vn -0.5189 0.2286 -0.8237
vn -0.4669 0.4756 -0.7455
vn -0.1683 0.5323 -0.8297
vn 0.1683 0.5323 -0.8297
vn -0.1568 0.9759 0.1519
vn 0.1568 0.9759 0.1519
vn -0.1569 0.9743 -0.1618
vn 0.1569 0.9743 -0.1618
vn -0.4529 0.7702 0.4490
vn -0.1605 0.8557 0.4920
vn 0.1605 0.8557 0.4920
vn 0.4529 0.7702 0.4490
vn 0.4963 0.8540 0.1561
vn 0.4964 0.8523 -0.1648
vn 0.4529 0.7656 -0.4568
vn 0.1605 0.8506 -0.5007
vn -0.1605 0.8506 -0.5007
vn -0.4529 0.7656 -0.4568
vn -0.4964 0.8523 -0.1648
vn -0.4963 0.8540 0.1561
vn 0.9855 -0.0120 -0.1691
vn 0.9856 -0.0103 0.1689
vn 0.9853 -0.0263 -0.1689
vn 0.9853 -0.0241 0.1689
vn 0.8494 -0.0231 -0.5272
vn 0.9854 -0.0213 -0.1690
vn 0.9854 -0.0200 0.1689
vn 0.8495 -0.0188 0.5273
vn 0.8496 -0.0087 0.5273
vn 0.8494 -0.0220 0.5273
vn 0.8489 -0.0407 0.5270
vn 0.9847 -0.0429 0.1689
vn 0.9846 -0.0456 -0.1687
vn 0.8487 -0.0492 -0.5266
vn 0.8493 -0.0292 -0.5271
vn 0.8496 -0.0139 -0.5273
vn -0.1686 -0.0691 -0.9833
vn 0.1686 -0.0691 -0.9833
vn -0.5265 -0.0645 -0.8478
vn -0.1687 -0.0648 -0.9835
vn 0.1687 -0.0648 -0.9835
vn 0.5265 -0.0645 -0.8478
vn 0.5263 -0.0688 -0.8475
vn 0.5264 -0.0645 -0.8478
vn -0.5264 -0.0645 -0.8478
vn -0.5263 -0.0688 -0.8475
vn -0.9856 -0.0103 0.1689
vn -0.9855 -0.0120 -0.1691
vn -0.9853 -0.0241 0.1689
vn -0.9853 -0.0263 -0.1689
vn -0.8495 -0.0188 0.5273
vn -0.9854 -0.0200 0.1689
vn -0.9854 -0.0213 -0.1690
vn -0.8494 -0.0231 -0.5272
vn -0.8496 -0.0139 -0.5273
vn -0.8493 -0.0292 -0.5271
vn -0.8487 -0.0492 -0.5266
vn -0.9846 -0.0456 -0.1687
vn -0.9847 -0.0429 0.1689
vn -0.8489 -0.0407 0.5270
vn -0.8494 -0.0220 0.5273
vn -0.8496 -0.0087 0.5273
vn -0.1690 -0.0160 -0.9855
vn 0.1690 -0.0160 -0.9855
vn -0.1689 -0.0319 -0.9851
vn 0.1689 -0.0319 -0.9851
vn -0.5273 -0.0244 -0.8493
vn -0.1690 -0.0246 -0.9853
vn 0.1690 -0.0246 -0.9853
vn 0.5273 -0.0244 -0.8493
vn 0.5274 -0.0155 -0.8495
vn 0.5272 -0.0314 -0.8492
vn 0.5268 -0.0518 -0.8484
vn 0.1688 -0.0521 -0.9843
vn -0.1688 -0.0521 -0.9843
vn -0.5268 -0.0518 -0.8484
vn -0.5272 -0.0314 -0.8492
vn -0.5274 -0.0155 -0.8495
vn 0.1689 -0.0063 0.9856
vn -0.1689 -0.0063 0.9856
vn 0.1689 -0.0185 0.9855
vn -0.1689 -0.0185 0.9855
vn 0.5272 -0.0176 0.8496
vn 0.1689 -0.0167 0.9855
vn -0.1689 -0.0167 0.9855
vn -0.5272 -0.0176 0.8496
vn -0.5273 -0.0071 0.8497
vn -0.5272 -0.0199 0.8495
vn -0.5268 -0.0381 0.8491
vn -0.1688 -0.0363 0.9850
vn 0.1688 -0.0363 0.9850
vn 0.5268 -0.0381 0.8491
vn 0.5272 -0.0199 0.8495
vn 0.5273 -0.0071 0.8497
vn 0.9856 -0.0090 -0.1689
vn 0.9856 -0.0064 0.1690
vn 0.9834 0.0661 -0.1689
vn 0.9834 0.0682 0.1683
vn 0.8488 -0.0477 -0.5266
vn 0.9847 -0.0440 -0.1686
vn 0.9848 -0.0412 0.1690
vn 0.8489 -0.0388 0.5271
vn 0.8496 -0.0037 0.5274
vn 0.8476 0.0716 0.5258
vn 0.8382 0.1660 0.5195
vn 0.9728 0.1617 0.1660
vn 0.9728 0.1601 -0.1675
vn 0.8382 0.1609 -0.5210
vn 0.8477 0.0648 -0.5265
vn 0.8496 -0.0119 -0.5273
vn 0.1687 -0.0517 0.9843
vn -0.1687 -0.0517 0.9843
vn 0.1687 -0.0516 0.9843
vn -0.1687 -0.0516 0.9843
vn 0.5265 -0.0499 0.8487
vn 0.1687 -0.0478 0.9845
vn -0.1687 -0.0478 0.9845
vn -0.5265 -0.0499 0.8487
vn -0.5264 -0.0539 0.8485
vn -0.5264 -0.0538 0.8485
vn -0.5266 -0.0496 0.8487
vn -0.1687 -0.0475 0.9845
vn 0.1687 -0.0475 0.9845
vn 0.5266 -0.0496 0.8487
vn 0.5264 -0.0538 0.8485
vn 0.5264 -0.0539 0.8485
vn 0.9838 -0.0619 -0.1684
vn 0.9839 -0.0589 0.1689
vn 0.9838 -0.0618 -0.1684
vn 0.8481 -0.0617 -0.5262
vn 0.9840 -0.0577 -0.1685
vn 0.9841 -0.0548 0.1689
vn 0.8484 -0.0527 0.5268
vn 0.8482 -0.0567 0.5267
vn 0.8482 -0.0566 0.5267
vn 0.8484 -0.0524 0.5268
vn 0.9841 -0.0547 0.1689
vn 0.9840 -0.0576 -0.1685
vn 0.8479 -0.0660 -0.5260
vn -0.9839 -0.0589 0.1689
vn -0.9838 -0.0619 -0.1684
vn -0.9838 -0.0618 -0.1684
vn -0.8484 -0.0527 0.5268
vn -0.9841 -0.0548 0.1689
vn -0.9840 -0.0577 -0.1685
vn -0.8481 -0.0617 -0.5262
vn -0.8479 -0.0660 -0.5260
vn -0.9840 -0.0576 -0.1685
vn -0.9841 -0.0547 0.1689
vn -0.8484 -0.0524 0.5268
vn -0.8482 -0.0566 0.5267
vn -0.8482 -0.0567 0.5267
vn 0.9712 0.1695 -0.1673
vn 0.9712 0.1711 0.1657
vn 0.9769 0.1317 -0.1681
vn 0.9769 0.1333 0.1669
vn 0.8338 0.1897 -0.5184
vn 0.9678 0.1884 -0.1668
vn 0.9678 0.1899 0.1650
vn 0.8338 0.1945 0.5167
vn 0.8368 0.1754 0.5186
vn 0.8419 0.1370 0.5219
vn 0.8463 0.0915 0.5248
vn 0.9818 0.0885 0.1679
vn 0.9818 0.0869 -0.1687
vn 0.8463 0.0867 -0.5257
vn 0.8419 0.1322 -0.5232
vn 0.8368 0.1706 -0.5202
vn -0.9856 -0.0064 0.1690
vn -0.9856 -0.0090 -0.1689
vn -0.9834 0.0682 0.1683
vn -0.9834 0.0661 -0.1689
vn -0.8489 -0.0388 0.5271
vn -0.9848 -0.0412 0.1690
vn -0.9847 -0.0440 -0.1686
vn -0.8488 -0.0477 -0.5266
vn -0.8496 -0.0119 -0.5273
vn -0.8477 0.0648 -0.5265
vn -0.8382 0.1609 -0.5210
vn -0.9728 0.1601 -0.1675
vn -0.9728 0.1617 0.1660
vn -0.8382 0.1660 0.5195
vn -0.8476 0.0716 0.5258
vn -0.8496 -0.0037 0.5274
vn -0.1690 -0.0154 -0.9855
vn 0.1690 -0.0154 -0.9855
vn -0.1686 0.0608 -0.9838
vn 0.1686 0.0608 -0.9838
vn -0.5268 -0.0505 -0.8485
vn -0.1688 -0.0510 -0.9843
vn 0.1688 -0.0510 -0.9843
vn 0.5268 -0.0505 -0.8485
vn 0.5273 -0.0144 -0.8495
vn 0.5262 0.0628 -0.8480
vn 0.5203 0.1593 -0.8390
vn 0.1668 0.1561 -0.9736
vn -0.1668 0.1561 -0.9736
vn -0.5203 0.1593 -0.8390
vn -0.5262 0.0628 -0.8480
vn -0.5273 -0.0144 -0.8495
vn 0.1690 -0.0000 0.9856
vn -0.1690 -0.0000 0.9856
vn 0.1686 0.0735 0.9830
vn -0.1686 0.0735 0.9830
vn 0.5269 -0.0360 0.8491
vn 0.1688 -0.0342 0.9851
vn -0.1688 -0.0342 0.9851
vn -0.5269 -0.0360 0.8491
vn -0.5274 -0.0012 0.8496
vn -0.5261 0.0737 0.8472
vn -0.5203 0.1675 0.8374
vn -0.1668 0.1657 0.9720
vn 0.1668 0.1657 0.9720
vn 0.5203 0.1675 0.8374
vn 0.5261 0.0737 0.8472
vn 0.5274 -0.0012 0.8496
vn -0.1696 -0.0641 -0.9834
vn 0.1696 -0.0641 -0.9834
vn -0.1707 -0.2375 -0.9563
vn 0.1707 -0.2375 -0.9563
vn -0.5270 0.0315 -0.8493
vn -0.1689 0.0304 -0.9852
vn 0.1689 0.0304 -0.9852
vn 0.5270 0.0315 -0.8493
vn 0.5272 -0.0660 -0.8472
vn 0.5175 -0.2379 -0.8220
vn 0.4691 -0.4704 -0.7475
vn 0.1690 -0.5232 -0.8353
vn -0.1690 -0.5232 -0.8353
vn -0.4691 -0.4704 -0.7475
vn -0.5175 -0.2379 -0.8220
vn -0.5272 -0.0660 -0.8472
vn -0.9712 0.1711 0.1657
vn -0.9712 0.1695 -0.1673
vn -0.9769 0.1333 0.1669
vn -0.9769 0.1317 -0.1681
vn -0.8338 0.1945 0.5167
vn -0.9678 0.1899 0.1650
vn -0.9678 0.1884 -0.1668
vn -0.8338 0.1897 -0.5184
vn -0.8368 0.1706 -0.5202
vn -0.8419 0.1322 -0.5232
vn -0.8463 0.0867 -0.5257
vn -0.9818 0.0869 -0.1687
vn -0.9818 0.0885 0.1679
vn -0.8463 0.0915 0.5248
vn -0.8419 0.1370 0.5219
vn -0.8368 0.1754 0.5186
vn -0.1665 0.1658 -0.9720
vn 0.1665 0.1658 -0.9720
vn -0.1675 0.1280 -0.9775
vn 0.1675 0.1280 -0.9775
vn -0.5175 0.1882 -0.8347
vn -0.1659 0.1847 -0.9687
vn 0.1659 0.1847 -0.9687
vn 0.5175 0.1882 -0.8347
vn 0.5194 0.1691 -0.8376
vn 0.5226 0.1307 -0.8425
vn 0.5253 0.0852 -0.8467
vn 0.1683 0.0832 -0.9822
vn -0.1683 0.0832 -0.9822
vn -0.5253 0.0852 -0.8467
vn -0.5226 0.1307 -0.8425
vn -0.5194 0.1691 -0.8376
vn 0.1665 0.1748 0.9704
vn -0.1665 0.1748 0.9704
vn 0.1675 0.1370 0.9763
vn -0.1675 0.1370 0.9763
vn 0.5175 0.1959 0.8329
vn 0.1659 0.1936 0.9669
vn -0.1659 0.1936 0.9669
vn -0.5175 0.1959 0.8329
vn -0.5194 0.1768 0.8360
vn -0.5226 0.1385 0.8413
vn -0.5253 0.0930 0.8458
vn -0.1683 0.0923 0.9814
vn 0.1683 0.0923 0.9814
vn 0.5253 0.0930 0.8458
vn 0.5226 0.1385 0.8413
vn 0.5194 0.1768 0.8360
vn 0.1723 -0.9690 0.1768
vn -0.1723 -0.9690 0.1768
vn 0.1723 -0.9706 -0.1679
vn -0.1723 -0.9706 -0.1679
vn 0.4717 -0.7428 0.4751
vn 0.1697 -0.8301 0.5312
vn -0.1697 -0.8301 0.5312
vn -0.4717 -0.7428 0.4751
vn -0.5274 -0.8317 0.1736
vn -0.5274 -0.8333 -0.1659
vn -0.4717 -0.7472 -0.4683
vn -0.1697 -0.8349 -0.5235
vn 0.1697 -0.8349 -0.5235
vn 0.4717 -0.7472 -0.4683
vn 0.5274 -0.8333 -0.1659
vn 0.5274 -0.8317 0.1736
vn 0.1696 -0.0550 0.9840
vn -0.1696 -0.0550 0.9840
vn 0.1707 -0.2287 0.9584
vn -0.1707 -0.2287 0.9584
vn 0.5270 0.0394 0.8489
vn 0.1689 0.0395 0.9848
vn -0.1689 0.0395 0.9848
vn -0.5270 0.0394 0.8489
vn -0.5272 -0.0581 0.8477
vn -0.5175 -0.2303 0.8241
vn -0.4691 -0.4635 0.7518
vn -0.1690 -0.5154 0.8401
vn 0.1690 -0.5154 0.8401
vn 0.4691 -0.4635 0.7518
vn 0.5175 -0.2303 0.8241
vn 0.5272 -0.0581 0.8477
vn 0.9837 -0.0603 -0.1693
vn 0.9837 -0.0587 0.1699
vn 0.9573 -0.2339 -0.1697
vn 0.9573 -0.2323 0.1718
vn 0.8491 0.0330 -0.5272
vn 0.9850 0.0342 -0.1690
vn 0.9850 0.0357 0.1687
vn 0.8491 0.0379 0.5269
vn 0.8475 -0.0596 0.5275
vn 0.8231 -0.2317 0.5185
vn 0.7496 -0.4648 0.4712
vn 0.8377 -0.5185 0.1714
vn 0.8377 -0.5201 -0.1666
vn 0.7496 -0.4691 -0.4669
vn 0.8231 -0.2365 -0.5164
vn 0.8475 -0.0645 -0.5269
vn -0.9837 -0.0587 0.1699
vn -0.9837 -0.0603 -0.1693
vn -0.9573 -0.2323 0.1718
vn -0.9573 -0.2339 -0.1697
vn -0.8491 0.0379 0.5269
vn -0.9850 0.0357 0.1687
vn -0.9850 0.0342 -0.1690
vn -0.8491 0.0330 -0.5272
vn -0.8475 -0.0645 -0.5269
vn -0.8231 -0.2365 -0.5164
vn -0.7496 -0.4691 -0.4669
vn -0.8377 -0.5201 -0.1666
vn -0.8377 -0.5185 0.1714
vn -0.7496 -0.4648 0.4712
vn -0.8231 -0.2317 0.5185
vn -0.8475 -0.0596 0.5275
vt 0.437188 0.062500
vt 0.497504 0.062500
vt 0.495660 0.125000
vt 0.436957 0.125000
vt 0.553155 0.062500
vt 0.547418 0.125000
vt 0.494900 0.187500
vt 0.436863 0.187500
vt 0.545234 0.187500
vt 0.375000 0.000000
vt 0.437500 0.000000
vt 0.375000 0.062500
vt 0.500000 0.000000
vt 0.562500 0.000000
vt 0.625000 0.000000
vt 0.595920 0.062500
vt 0.586806 0.125000
vt 0.583767 0.187500
vt 0.583333 0.250000
vt 0.544922 0.250000
vt 0.494792 0.250000
vt 0.436849 0.250000
vt 0.375000 0.187500
vt 0.375000 0.250000
vt 0.375000 0.125000
vt 0.436849 0.312500
vt 0.494792 0.312500
vt 0.494792 0.375000
vt 0.436849 0.375000
vt 0.544922 0.312500
vt 0.544922 0.375000
vt 0.494792 0.437500
vt 0.436849 0.437500
vt 0.544922 0.437500
vt 0.375000 0.312500
vt 0.583333 0.312500
vt 0.583333 0.375000
vt 0.583333 0.437500
vt 0.583333 0.500000
vt 0.544922 0.500000
vt 0.494792 0.500000
vt 0.436849 0.500000
vt 0.375000 0.437500
vt 0.375000 0.500000
vt 0.375000 0.375000
vt 0.436849 0.562500
vt 0.494792 0.562500
vt 0.494792 0.625000
vt 0.436849 0.625000
vt 0.544922 0.562500
vt 0.544922 0.625000
vt 0.494792 0.687500
vt 0.436849 0.687500
vt 0.544922 0.687500
vt 0.375000 0.562500
vt 0.583333 0.562500
vt 0.583333 0.625000
vt 0.583333 0.687500
vt 0.583333 0.750000
vt 0.544922 0.750000
vt 0.494792 0.750000
vt 0.436849 0.750000
vt 0.375000 0.687500
vt 0.375000 0.750000
vt 0.375000 0.625000
vt 0.436863 0.812500
vt 0.494900 0.812500
vt 0.495660 0.875000
vt 0.436957 0.875000
vt 0.545234 0.812500
vt 0.547418 0.875000
vt 0.497504 0.937500
vt 0.437188 0.937500
vt 0.553155 0.937500
vt 0.375000 0.812500
vt 0.583767 0.812500
vt 0.586806 0.875000
vt 0.595920 0.937500
vt 0.625000 1.000000
vt 0.562500 1.000000
vt 0.500000 1.000000
vt 0.437500 1.000000
vt 0.375000 0.937500
vt 0.375000 1.000000
vt 0.375000 0.875000
vt 0.187500 0.562500
vt 0.250000 0.562500
vt 0.250000 0.625000
vt 0.187500 0.625000
vt 0.312500 0.562500
vt 0.312500 0.625000
vt 0.250000 0.687500
vt 0.187500 0.687500
vt 0.312500 0.687500
vt 0.125000 0.500000
vt 0.187500 0.500000
vt 0.125000 0.562500
vt 0.250000 0.500000
vt 0.312500 0.500000
vt 0.312500 0.750000
vt 0.250000 0.750000
vt 0.187500 0.750000
vt 0.125000 0.687500
vt 0.125000 0.750000
vt 0.125000 0.625000
vt 0.607422 0.687500
vt 0.607422 0.625000
vt 0.619792 0.625000
vt 0.619792 0.687500
vt 0.607422 0.562500
vt 0.619792 0.562500
vt 0.624349 0.625000
vt 0.624349 0.687500
vt 0.624349 0.562500
vt 0.583333 0.750000
vt 0.583333 0.687500
vt 0.607422 0.750000
vt 0.583333 0.625000
vt 0.583333 0.562500
vt 0.583333 0.500000
vt 0.607422 0.500000
vt 0.619792 0.500000
vt 0.624349 0.500000
vt 0.625000 0.500000
vt 0.625000 0.562500
vt 0.625000 0.625000
vt 0.625000 0.687500
vt 0.624349 0.750000
vt 0.625000 0.750000
vt 0.619792 0.750000
vt 0.625000 0.937500
vt 0.625000 0.875000
vt 0.625000 0.875000
vt 0.625000 0.812500
vt 0.625000 0.812500
vt 0.625000 1.000000
vt 0.625000 0.750000
vt 0.625000 0.750000
vt 0.607734 0.187500
vt 0.609918 0.125000
vt 0.620660 0.125000
vt 0.619900 0.187500
vt 0.615655 0.062500
vt 0.622504 0.062500
vt 0.624458 0.125000
vt 0.624363 0.187500
vt 0.624688 0.062500
vt 0.583767 0.187500
vt 0.607422 0.250000
vt 0.586806 0.125000
vt 0.625000 0.000000
vt 0.625000 0.062500
vt 0.625000 0.125000
vt 0.625000 0.187500
vt 0.624349 0.250000
vt 0.625000 0.250000
vt 0.619792 0.250000
vt 0.615655 0.937500
vt 0.609918 0.875000
vt 0.620660 0.875000
vt 0.622504 0.937500
vt 0.607734 0.812500
vt 0.619900 0.812500
vt 0.624457 0.875000
vt 0.624688 0.937500
vt 0.624363 0.812500
vt 0.586806 0.875000
vt 0.583767 0.812500
vt 0.583333 0.750000
vt 0.607422 0.750000
vt 0.619792 0.750000
vt 0.624349 0.750000
vt 0.607422 0.437500
vt 0.607422 0.375000
vt 0.619792 0.375000
vt 0.619792 0.437500
vt 0.607422 0.312500
vt 0.619792 0.312500
vt 0.624349 0.375000
vt 0.624349 0.437500
vt 0.624349 0.312500
vt 0.583333 0.437500
vt 0.583333 0.375000
vt 0.583333 0.312500
vt 0.607422 0.250000
vt 0.619792 0.250000
vt 0.624349 0.250000
vt 0.625000 0.312500
vt 0.625000 0.375000
vt 0.625000 0.437500
vt 0.625000 0.687500
vt 0.625000 0.625000
vt 0.625000 0.625000
vt 0.625000 0.687500
vt 0.625000 0.562500
vt 0.625000 0.562500
vt 0.625000 0.687500
vt 0.625000 0.562500
vt 0.625000 0.750000
vt 0.625000 0.500000
vt 0.625000 0.500000
vt 0.625000 0.500000
vt 0.625000 0.437500
vt 0.625000 0.375000
vt 0.625000 0.375000
vt 0.625000 0.437500
vt 0.625000 0.312500
vt 0.625000 0.312500
vt 0.625000 0.375000
vt 0.625000 0.437500
vt 0.625000 0.250000
vt 0.625000 0.250000
vt 0.625000 0.187500
vt 0.625014 0.812500
vt 0.625109 0.812500
vt 0.625231 0.812500
vt 0.625109 0.750000
vt 0.625868 0.750000
vt 0.627604 0.750000
vt 0.625000 0.812500
vt 0.625000 0.937500
vt 0.696533 0.562500
vt 0.752387 0.562500
vt 0.753472 0.625000
vt 0.700087 0.625000
vt 0.812798 0.562500
vt 0.812934 0.625000
vt 0.752387 0.687500
vt 0.696533 0.687500
vt 0.812798 0.687500
vt 0.625000 0.500000
vt 0.687500 0.500000
vt 0.653700 0.562500
vt 0.750000 0.500000
vt 0.812500 0.500000
vt 0.875000 0.500000
vt 0.875000 0.562500
vt 0.875000 0.625000
vt 0.875000 0.687500
vt 0.875000 0.750000
vt 0.812500 0.750000
vt 0.750000 0.750000
vt 0.687500 0.750000
vt 0.653700 0.687500
vt 0.659722 0.625000
vt 0.625014 0.437500
vt 0.625000 0.375000
vt 0.625109 0.437500
vt 0.625000 0.312500
vt 0.625231 0.437500
vt 0.625000 0.312500
vt 0.625109 0.500000
vt 0.625000 0.375000
vt 0.625000 0.250000
vt 0.625000 0.250000
vt 0.625000 0.437500
vt 0.627604 0.500000
vt 0.625868 0.500000
vt 0.625312 0.687500
vt 0.625434 0.625000
vt 0.628472 0.625000
vt 0.627496 0.687500
vt 0.625312 0.562500
vt 0.627496 0.562500
vt 0.637587 0.625000
vt 0.634264 0.687500
vt 0.634264 0.562500
vt 0.625000 0.687500
vt 0.653700 0.562500
vt 0.659722 0.625000
vt 0.653700 0.687500
vt 0.625000 0.187500
vt 0.625000 0.187500
s 0
f 863/814/673 864/815/673 867/816/673 866/817/673
f 864/815/674 865/818/674 868/819/674 867/816/674
f 866/817/675 867/816/675 870/820/675 869/821/675
f 867/816/676 868/819/676 871/822/676 870/820/676
f 679/823/677 710/824/677 863/814/677 709/825/677
f 710/824/678 711/826/678 864/815/678 863/814/678
f 711/826/679 712/827/679 865/818/679 864/815/679
f 712/827/680 680/828/680 713/829/680 865/818/680
f 865/818/681 713/829/681 714/830/681 868/819/681
f 868/819/682 714/830/682 715/831/682 871/822/682
f 871/822/683 715/831/683 682/832/683 716/833/683
f 870/820/684 871/822/684 716/833/684 717/834/684
f 869/821/685 870/820/685 717/834/685 718/835/685
f 707/836/686 869/821/686 718/835/686 681/837/686
f 708/838/687 866/817/687 869/821/687 707/836/687
f 709/825/688 863/814/688 866/817/688 708/838/688
f 872/839/689 873/840/689 876/841/689 875/842/689
f 873/840/690 874/843/690 877/844/690 876/841/690
f 875/842/691 876/841/691 879/845/691 878/846/691
f 876/841/692 877/844/692 880/847/692 879/845/692
f 681/837/693 718/835/693 872/839/693 721/848/693
f 718/835/694 717/834/694 873/840/694 872/839/694
f 717/834/695 716/833/695 874/843/695 873/840/695
f 716/833/696 682/832/696 722/849/696 874/843/696
f 874/843/697 722/849/697 723/850/697 877/844/697
f 877/844/698 723/850/698 724/851/698 880/847/698
f 880/847/699 724/851/699 686/852/699 725/853/699
f 879/845/700 880/847/700 725/853/700 726/854/700
f 878/846/701 879/845/701 726/854/701 727/855/701
f 719/856/702 878/846/702 727/855/702 685/857/702
f 720/858/703 875/842/703 878/846/703 719/856/703
f 721/848/704 872/839/704 875/842/704 720/858/704
f 881/859/705 882/860/705 885/861/705 884/862/705
f 882/860/706 883/863/706 886/864/706 885/861/706
f 884/862/707 885/861/707 888/865/707 887/866/707
f 885/861/708 886/864/708 889/867/708 888/865/708
f 685/857/709 727/855/709 881/859/709 730/868/709
f 727/855/710 726/854/710 882/860/710 881/859/710
f 726/854/711 725/853/711 883/863/711 882/860/711
f 725/853/712 686/852/712 731/869/712 883/863/712
f 883/863/713 731/869/713 732/870/713 886/864/713
f 886/864/714 732/870/714 733/871/714 889/867/714
f 889/867/715 733/871/715 684/872/715 734/873/715
f 888/865/716 889/867/716 734/873/716 735/874/716
f 887/866/717 888/865/717 735/874/717 736/875/717
f 728/876/718 887/866/718 736/875/718 683/877/718
f 729/878/719 884/862/719 887/866/719 728/876/719
f 730/868/720 881/859/720 884/862/720 729/878/720
f 890/879/721 891/880/721 894/881/721 893/882/721
f 891/880/722 892/883/722 895/884/722 894/881/722
f 893/882/723 894/881/723 897/885/723 896/886/723
f 894/881/724 895/884/724 898/887/724 897/885/724
f 683/877/725 736/875/725 890/879/725 739/888/725
f 736/875/726 735/874/726 891/880/726 890/879/726
f 735/874/727 734/873/727 892/883/727 891/880/727
f 734/873/728 684/872/728 740/889/728 892/883/728
f 892/883/729 740/889/729 741/890/729 895/884/729
f 895/884/730 741/890/730 742/891/730 898/887/730
f 898/887/731 742/891/731 680/892/731 712/893/731
f 897/885/732 898/887/732 712/893/732 711/894/732
f 896/886/733 897/885/733 711/894/733 710/895/733
f 737/896/734 896/886/734 710/895/734 679/897/734
f 738/898/735 893/882/735 896/886/735 737/896/735
f 739/888/736 890/879/736 893/882/736 738/898/736
f 899/899/737 900/900/737 903/901/737 902/902/737
f 900/900/738 901/903/738 904/904/738 903/901/738
f 902/902/739 903/901/739 906/905/739 905/906/739
f 903/901/740 904/904/740 907/907/740 906/905/740
f 681/908/741 721/909/741 899/899/741 707/910/741
f 721/909/742 720/911/742 900/900/742 899/899/742
f 720/911/743 719/912/743 901/903/743 900/900/743
f 719/912/744 685/857/744 730/868/744 901/903/744
f 901/903/745 730/868/745 729/878/745 904/904/745
f 904/904/746 729/878/746 728/876/746 907/907/746
f 907/907/747 728/876/747 683/877/747 739/913/747
f 906/905/748 907/907/748 739/913/748 738/914/748
f 905/906/749 906/905/749 738/914/749 737/915/749
f 709/916/750 905/906/750 737/915/750 679/917/750
f 708/918/751 902/902/751 905/906/751 709/916/751
f 707/910/752 899/899/752 902/902/752 708/918/752
f 908/919/753 909/920/753 912/921/753 911/922/753
f 909/920/754 910/923/754 913/924/754 912/921/754
f 911/922/755 912/921/755 915/925/755 914/926/755
f 912/921/756 913/924/756 916/927/756 915/925/756
f 684/928/757 733/929/757 908/919/757 760/930/757
f 733/929/758 732/931/758 909/920/758 908/919/758
f 732/931/759 731/932/759 910/923/759 909/920/759
f 731/932/760 686/933/760 755/934/760 910/923/760
f 910/923/761 755/934/761 756/935/761 913/924/761
f 913/924/762 756/935/762 757/936/762 916/927/762
f 916/927/763 757/936/763 689/937/763 749/938/763
f 915/925/764 916/927/764 749/938/764 750/939/764
f 914/926/765 915/925/765 750/939/765 751/940/765
f 758/941/766 914/926/766 751/940/766 690/942/766
f 759/943/767 911/922/767 914/926/767 758/941/767
f 760/930/768 908/919/768 911/922/768 759/943/768
f 917/944/769 918/945/769 921/946/769 920/944/769
f 918/945/770 919/947/770 922/948/770 921/946/770
f 920/944/769 921/946/769 924/945/769 923/944/769
f 921/946/770 922/948/770 925/947/770 924/945/770
f 687/892/771 754/944/771 917/944/771 784/949/771
f 754/944/772 753/946/772 918/945/772 917/944/772
f 753/946/773 752/948/773 919/947/773 918/945/773
f 752/948/774 690/950/774 779/951/774 919/947/774
f 919/947/775 779/951/775 780/950/775 922/948/775
f 922/948/775 780/950/775 781/951/775 925/947/775
f 925/947/776 781/951/776 694/950/776 776/948/776
f 924/945/773 925/947/773 776/948/773 777/946/773
f 923/944/772 924/945/772 777/946/772 778/944/772
f 782/949/777 923/944/777 778/944/777 691/892/777
f 783/949/778 920/944/778 923/944/778 782/949/778
f 784/949/778 917/944/778 920/944/778 783/949/778
f 926/952/779 927/953/779 930/954/779 929/955/779
f 927/953/780 928/956/780 931/957/780 930/954/780
f 929/955/781 930/954/781 933/958/781 932/959/781
f 930/954/782 931/957/782 934/960/782 933/958/782
f 682/832/783 715/961/783 926/952/783 766/962/783
f 715/961/784 714/963/784 927/953/784 926/952/784
f 714/963/785 713/829/785 928/956/785 927/953/785
f 713/829/786 680/828/786 761/964/786 928/956/786
f 928/956/787 761/964/787 762/964/787 931/957/787
f 931/957/788 762/964/788 763/964/788 934/960/788
f 934/960/789 763/964/789 687/828/789 743/965/789
f 933/958/790 934/960/790 743/965/790 744/966/790
f 932/959/791 933/958/791 744/966/791 745/967/791
f 764/968/792 932/959/792 745/967/792 688/969/792
f 765/970/793 929/955/793 932/959/793 764/968/793
f 766/962/794 926/952/794 929/955/794 765/970/794
f 935/971/795 936/972/795 939/973/795 938/974/795
f 936/972/796 937/975/796 940/976/796 939/973/796
f 938/974/797 939/973/797 942/977/797 941/978/797
f 939/973/798 940/976/798 943/979/798 942/977/798
f 680/892/799 742/891/799 935/971/799 761/949/799
f 742/891/800 741/980/800 936/972/800 935/971/800
f 741/980/801 740/981/801 937/975/801 936/972/801
f 740/981/802 684/982/802 760/983/802 937/975/802
f 937/975/803 760/983/803 759/984/803 940/976/803
f 940/976/804 759/984/804 758/985/804 943/979/804
f 943/979/805 758/985/805 690/950/805 752/948/805
f 942/977/806 943/979/806 752/948/806 753/946/806
f 941/978/807 942/977/807 753/946/807 754/944/807
f 763/949/808 941/978/808 754/944/808 687/892/808
f 762/949/809 938/974/809 941/978/809 763/949/809
f 761/949/810 935/971/810 938/974/810 762/949/810
f 944/986/811 945/987/811 948/988/811 947/989/811
f 945/987/812 946/990/812 949/991/812 948/988/812
f 947/989/813 948/988/813 951/992/813 950/993/813
f 948/988/814 949/991/814 952/994/814 951/992/814
f 686/933/815 724/995/815 944/986/815 755/934/815
f 724/995/816 723/996/816 945/987/816 944/986/816
f 723/996/817 722/997/817 946/990/817 945/987/817
f 722/997/818 682/832/818 766/998/818 946/990/818
f 946/990/819 766/998/819 765/999/819 949/991/819
f 949/991/820 765/999/820 764/1000/820 952/994/820
f 952/994/821 764/1000/821 688/969/821 746/1001/821
f 951/992/822 952/994/822 746/1001/822 747/1002/822
f 950/993/823 951/992/823 747/1002/823 748/1003/823
f 757/936/824 950/993/824 748/1003/824 689/937/824
f 756/935/825 947/989/825 950/993/825 757/936/825
f 755/934/826 944/986/826 947/989/826 756/935/826
f 953/1004/827 954/1005/827 957/1006/827 956/1007/827
f 954/1005/828 955/1008/828 958/1009/828 957/1006/828
f 956/1007/829 957/1006/829 960/939/829 959/1010/829
f 957/1006/830 958/1009/830 961/1011/830 960/939/830
f 694/942/831 775/940/831 953/1004/831 808/1012/831
f 775/940/832 774/939/832 954/1005/832 953/1004/832
f 774/939/833 773/938/833 955/1008/833 954/1005/833
f 773/938/834 693/937/834 803/1013/834 955/1008/834
f 955/1008/835 803/1013/835 804/1014/835 958/1009/835
f 958/1009/836 804/1014/836 805/1015/836 961/1011/836
f 961/1011/837 805/1015/837 697/937/837 797/938/837
f 960/939/838 961/1011/838 797/938/838 798/939/838
f 959/1010/839 960/939/839 798/939/839 799/940/839
f 806/950/840 959/1010/840 799/940/840 698/942/840
f 807/951/841 956/1007/841 959/1010/841 806/950/841
f 808/1012/842 953/1004/842 956/1007/842 807/951/842
f 962/1016/843 963/1017/843 966/1018/843 965/1019/843
f 963/1017/844 964/1020/844 967/1021/844 966/1018/844
f 965/1019/845 966/1018/845 969/1022/845 968/1023/845
f 966/1018/846 967/1021/846 970/1001/846 969/1022/846
f 689/937/847 748/1003/847 962/1016/847 790/1013/847
f 748/1003/848 747/1002/848 963/1017/848 962/1016/848
f 747/1002/849 746/1001/849 964/1020/849 963/1017/849
f 746/1001/850 688/969/850 785/1024/850 964/1020/850
f 964/1020/851 785/1024/851 786/1025/851 967/1021/851
f 967/1021/852 786/1025/852 787/969/852 970/1001/852
f 970/1001/853 787/969/853 692/969/853 770/1001/853
f 969/1022/854 970/1001/854 770/1001/854 771/1002/854
f 968/1023/855 969/1022/855 771/1002/855 772/1003/855
f 788/1015/856 968/1023/856 772/1003/856 693/937/856
f 789/1014/857 965/1019/857 968/1023/857 788/1015/857
f 790/1013/858 962/1016/858 965/1019/858 789/1014/858
f 971/1004/859 972/1005/859 975/1006/859 974/1007/859
f 972/1005/860 973/1008/860 976/1009/860 975/1006/860
f 974/1007/861 975/1006/861 978/939/861 977/1010/861
f 975/1006/860 976/1009/860 979/1011/860 978/939/860
f 690/942/862 751/940/862 971/1004/862 779/1012/862
f 751/940/863 750/939/863 972/1005/863 971/1004/863
f 750/939/864 749/938/864 973/1008/864 972/1005/864
f 749/938/865 689/937/865 790/1013/865 973/1008/865
f 973/1008/866 790/1013/866 789/1014/866 976/1009/866
f 976/1009/867 789/1014/867 788/1015/867 979/1011/867
f 979/1011/868 788/1015/868 693/937/868 773/938/868
f 978/939/869 979/1011/869 773/938/869 774/939/869
f 977/1010/870 978/939/870 774/939/870 775/940/870
f 781/950/862 977/1010/862 775/940/862 694/942/862
f 780/951/871 974/1007/871 977/1010/871 781/950/871
f 779/1012/871 971/1004/871 974/1007/871 780/951/871
f 980/1026/872 981/966/872 984/966/872 983/967/872
f 981/966/873 982/965/873 985/965/873 984/966/873
f 983/967/872 984/966/872 987/966/872 986/1026/872
f 984/966/874 985/965/874 988/965/874 987/966/874
f 688/969/875 745/967/875 980/1026/875 785/1025/875
f 745/967/876 744/966/876 981/966/876 980/1026/876
f 744/966/877 743/965/877 982/965/877 981/966/877
f 743/965/878 687/828/878 784/964/878 982/965/878
f 982/965/879 784/964/879 783/964/879 985/965/879
f 985/965/879 783/964/879 782/964/879 988/965/879
f 988/965/878 782/964/878 691/828/878 767/965/878
f 987/966/880 988/965/880 767/965/880 768/966/880
f 986/1026/881 987/966/881 768/966/881 769/967/881
f 787/1025/882 986/1026/882 769/967/882 692/969/882
f 786/969/883 983/967/883 986/1026/883 787/1025/883
f 785/1025/884 980/1026/884 983/967/884 786/969/884
f 989/1004/885 990/1005/885 993/1006/885 992/1007/885
f 990/1005/886 991/1008/886 994/1009/886 993/1006/886
f 992/1007/887 993/1006/887 996/939/887 995/1010/887
f 993/1006/888 994/1009/888 997/1011/888 996/939/888
f 698/942/889 799/940/889 989/1004/889 832/1012/889
f 799/940/890 798/939/890 990/1005/890 989/1004/890
f 798/939/891 797/938/891 991/1008/891 990/1005/891
f 797/938/892 697/937/892 827/1013/892 991/1008/892
f 991/1008/893 827/1013/893 828/1014/893 994/1009/893
f 994/1009/894 828/1014/894 829/1015/894 997/1011/894
f 997/1011/895 829/1015/895 701/937/895 821/938/895
f 996/939/896 997/1011/896 821/938/896 822/939/896
f 995/1010/897 996/939/897 822/939/897 823/940/897
f 830/950/898 995/1010/898 823/940/898 702/942/898
f 831/951/899 992/1007/899 995/1010/899 830/950/899
f 832/1012/900 989/1004/900 992/1007/900 831/951/900
f 998/1026/901 999/966/901 1002/966/901 1001/967/901
f 999/966/902 1000/965/902 1003/965/902 1002/966/902
f 1001/967/903 1002/966/903 1005/966/903 1004/1026/903
f 1002/966/904 1003/965/904 1006/965/904 1005/966/904
f 692/969/905 769/967/905 998/1026/905 814/1025/905
f 769/967/906 768/966/906 999/966/906 998/1026/906
f 768/966/907 767/965/907 1000/965/907 999/966/907
f 767/965/908 691/828/908 809/964/908 1000/965/908
f 1000/965/909 809/964/909 810/964/909 1003/965/909
f 1003/965/910 810/964/910 811/964/910 1006/965/910
f 1006/965/911 811/964/911 695/828/911 791/965/911
f 1005/966/912 1006/965/912 791/965/912 792/966/912
f 1004/1026/913 1005/966/913 792/966/913 793/967/913
f 812/1025/914 1004/1026/914 793/967/914 696/969/914
f 813/969/915 1001/967/915 1004/1026/915 812/1025/915
f 814/1025/916 998/1026/916 1001/967/916 813/969/916
f 1007/944/917 1008/945/917 1011/946/917 1010/944/917
f 1008/945/918 1009/947/918 1012/948/918 1011/946/918
f 1010/944/919 1011/946/919 1014/945/919 1013/944/919
f 1011/946/920 1012/948/920 1015/947/920 1014/945/920
f 691/892/921 778/944/921 1007/944/921 809/949/921
f 778/944/922 777/946/922 1008/945/922 1007/944/922
f 777/946/923 776/948/923 1009/947/923 1008/945/923
f 776/948/924 694/950/924 808/951/924 1009/947/924
f 1009/947/925 808/951/925 807/950/925 1012/948/925
f 1012/948/926 807/950/926 806/951/926 1015/947/926
f 1015/947/927 806/951/927 698/950/927 800/948/927
f 1014/945/928 1015/947/928 800/948/928 801/946/928
f 1013/944/929 1014/945/929 801/946/929 802/944/929
f 811/949/930 1013/944/930 802/944/930 695/892/930
f 810/949/931 1010/944/931 1013/944/931 811/949/931
f 809/949/932 1007/944/932 1010/944/932 810/949/932
f 1016/1016/933 1017/1017/933 1020/1018/933 1019/1019/933
f 1017/1017/934 1018/1020/934 1021/1021/934 1020/1018/934
f 1019/1019/935 1020/1018/935 1023/1022/935 1022/1023/935
f 1020/1018/936 1021/1021/936 1024/1001/936 1023/1022/936
f 693/937/937 772/1003/937 1016/1016/937 803/1013/937
f 772/1003/938 771/1002/938 1017/1017/938 1016/1016/938
f 771/1002/939 770/1001/939 1018/1020/939 1017/1017/939
f 770/1001/940 692/969/940 814/1024/940 1018/1020/940
f 1018/1020/941 814/1024/941 813/1025/941 1021/1021/941
f 1021/1021/942 813/1025/942 812/969/942 1024/1001/942
f 1024/1001/943 812/969/943 696/969/943 794/1001/943
f 1023/1022/944 1024/1001/944 794/1001/944 795/1002/944
f 1022/1023/945 1023/1022/945 795/1002/945 796/1003/945
f 805/1015/946 1022/1023/946 796/1003/946 697/937/946
f 804/1014/947 1019/1019/947 1022/1023/947 805/1015/947
f 803/1013/948 1016/1016/948 1019/1019/948 804/1014/948
f 1025/944/949 1026/945/949 1029/946/949 1028/944/949
f 1026/945/950 1027/1027/950 1030/1028/950 1029/946/950
f 1028/944/951 1029/946/951 1032/946/951 1031/944/951
f 1029/946/952 1030/1028/952 1033/1029/952 1032/946/952
f 699/892/953 826/944/953 1025/944/953 856/949/953
f 826/944/954 825/946/954 1026/945/954 1025/944/954
f 825/946/955 824/948/955 1027/1027/955 1026/945/955
f 824/948/956 702/950/956 851/1030/956 1027/1027/956
f 1027/1027/957 851/1030/957 852/1031/957 1030/1028/957
f 1030/1028/958 852/1031/958 853/1032/958 1033/1029/958
f 1033/1029/959 853/1032/959 706/1012/959 848/1033/959
f 1032/946/960 1033/1029/960 848/1033/960 849/946/960
f 1031/944/961 1032/946/961 849/946/961 850/1034/961
f 854/949/962 1031/944/962 850/1034/962 703/949/962
f 855/949/963 1028/944/963 1031/944/963 854/949/963
f 856/949/964 1025/944/964 1028/944/964 855/949/964
f 1034/1026/965 1035/966/965 1038/966/965 1037/967/965
f 1035/966/966 1036/965/966 1039/965/966 1038/966/966
f 1037/967/967 1038/966/967 1041/966/967 1040/1026/967
f 1038/966/968 1039/965/968 1042/965/968 1041/966/968
f 696/969/969 793/967/969 1034/1026/969 838/1025/969
f 793/967/970 792/966/970 1035/966/970 1034/1026/970
f 792/966/971 791/965/971 1036/965/971 1035/966/971
f 791/965/972 695/828/972 833/964/972 1036/965/972
f 1036/965/973 833/964/973 834/964/973 1039/965/973
f 1039/965/974 834/964/974 835/964/974 1042/965/974
f 1042/965/975 835/964/975 699/828/975 815/965/975
f 1041/966/976 1042/965/976 815/965/976 816/966/976
f 1040/1026/977 1041/966/977 816/966/977 817/967/977
f 836/1025/978 1040/1026/978 817/967/978 700/969/978
f 837/969/979 1037/967/979 1040/1026/979 836/1025/979
f 838/1025/980 1034/1026/980 1037/967/980 837/969/980
f 1043/944/981 1044/945/981 1047/946/981 1046/944/981
f 1044/945/982 1045/947/982 1048/948/982 1047/946/982
f 1046/944/983 1047/946/983 1050/945/983 1049/944/983
f 1047/946/984 1048/948/984 1051/947/984 1050/945/984
f 695/892/985 802/944/985 1043/944/985 833/949/985
f 802/944/986 801/946/986 1044/945/986 1043/944/986
f 801/946/987 800/948/987 1045/947/987 1044/945/987
f 800/948/988 698/950/988 832/951/988 1045/947/988
f 1045/947/989 832/951/989 831/950/989 1048/948/989
f 1048/948/990 831/950/990 830/951/990 1051/947/990
f 1051/947/991 830/951/991 702/950/991 824/948/991
f 1050/945/992 1051/947/992 824/948/992 825/946/992
f 1049/944/993 1050/945/993 825/946/993 826/944/993
f 835/949/994 1049/944/994 826/944/994 699/892/994
f 834/949/995 1046/944/995 1049/944/995 835/949/995
f 833/949/996 1043/944/996 1046/944/996 834/949/996
f 1052/1016/997 1053/1017/997 1056/1018/997 1055/1019/997
f 1053/1017/998 1054/1020/998 1057/1021/998 1056/1018/998
f 1055/1019/999 1056/1018/999 1059/1022/999 1058/1023/999
f 1056/1018/1000 1057/1021/1000 1060/1001/1000 1059/1022/1000
f 697/937/1001 796/1003/1001 1052/1016/1001 827/1013/1001
f 796/1003/1002 795/1002/1002 1053/1017/1002 1052/1016/1002
f 795/1002/1003 794/1001/1003 1054/1020/1003 1053/1017/1003
f 794/1001/1004 696/969/1004 838/1024/1004 1054/1020/1004
f 1054/1020/1005 838/1024/1005 837/1025/1005 1057/1021/1005
f 1057/1021/1006 837/1025/1006 836/969/1006 1060/1001/1006
f 1060/1001/1007 836/969/1007 700/969/1007 818/1001/1007
f 1059/1022/1008 1060/1001/1008 818/1001/1008 819/1002/1008
f 1058/1023/1009 1059/1022/1009 819/1002/1009 820/1003/1009
f 829/1015/1010 1058/1023/1010 820/1003/1010 701/937/1010
f 828/1014/1011 1055/1019/1011 1058/1023/1011 829/1015/1011
f 827/1013/1012 1052/1016/1012 1055/1019/1012 828/1014/1012
f 1061/1035/1013 1062/1036/1013 1065/1037/1013 1064/1038/1013
f 1062/1036/1014 1063/1039/1014 1066/1040/1014 1065/1037/1014
f 1064/1038/1015 1065/1037/1015 1068/1041/1015 1067/1042/1015
f 1065/1037/1016 1066/1040/1016 1069/1043/1016 1068/1041/1016
f 705/1044/1017 844/1045/1017 1061/1035/1017 845/1046/1017
f 844/1045/1018 843/1047/1018 1062/1036/1018 1061/1035/1018
f 843/1047/1019 842/1048/1019 1063/1039/1019 1062/1036/1019
f 842/1048/1020 704/1049/1020 841/1050/1020 1063/1039/1020
f 1063/1039/1021 841/1050/1021 840/1051/1021 1066/1040/1021
f 1066/1040/1022 840/1051/1022 839/1052/1022 1069/1043/1022
f 1069/1043/1023 839/1052/1023 703/1053/1023 850/1054/1023
f 1068/1041/1024 1069/1043/1024 850/1054/1024 849/1055/1024
f 1067/1042/1025 1068/1041/1025 849/1055/1025 848/1056/1025
f 847/1057/1026 1067/1042/1026 848/1056/1026 706/1012/1026
f 846/1058/1027 1064/1038/1027 1067/1042/1027 847/1057/1027
f 845/1046/1028 1061/1035/1028 1064/1038/1028 846/1058/1028
f 1070/1059/1029 1071/1060/1029 1074/1002/1029 1073/1061/1029
f 1071/1060/1030 1072/1062/1030 1075/1001/1030 1074/1002/1030
f 1073/1061/1031 1074/1002/1031 1077/1002/1031 1076/1063/1031
f 1074/1002/1032 1075/1001/1032 1078/1064/1032 1077/1002/1032
f 701/1015/1033 820/1019/1033 1070/1059/1033 862/1065/1033
f 820/1019/1034 819/1066/1034 1071/1060/1034 1070/1059/1034
f 819/1066/1035 818/1001/1035 1072/1062/1035 1071/1060/1035
f 818/1001/1036 700/969/1036 857/1025/1036 1072/1062/1036
f 1072/1062/1037 857/1025/1037 858/1067/1037 1075/1001/1037
f 1075/1001/1038 858/1067/1038 859/1067/1038 1078/1064/1038
f 1078/1064/1039 859/1067/1039 704/1068/1039 842/1001/1039
f 1077/1002/1040 1078/1064/1040 842/1001/1040 843/1002/1040
f 1076/1063/1041 1077/1002/1041 843/1002/1041 844/1069/1041
f 860/1070/1042 1076/1063/1042 844/1069/1042 705/1044/1042
f 861/1071/1043 1073/1061/1043 1076/1063/1043 860/1070/1043
f 862/1065/1044 1070/1059/1044 1073/1061/1044 861/1071/1044
f 1079/1072/1045 1080/1073/1045 1083/1074/1045 1082/1075/1045
f 1080/1073/1046 1081/1076/1046 1084/1077/1046 1083/1074/1046
f 1082/1075/1047 1083/1074/1047 1086/1078/1047 1085/1079/1047
f 1083/1074/1048 1084/1077/1048 1087/1080/1048 1086/1078/1048
f 702/950/1049 823/1081/1049 1079/1072/1049 851/1030/1049
f 823/1081/1050 822/939/1050 1080/1073/1050 1079/1072/1050
f 822/939/1051 821/1011/1051 1081/1076/1051 1080/1073/1051
f 821/1011/1052 701/1015/1052 862/1065/1052 1081/1076/1052
f 1081/1076/1053 862/1065/1053 861/1071/1053 1084/1077/1053
f 1084/1077/1054 861/1071/1054 860/1070/1054 1087/1080/1054
f 1087/1080/1055 860/1070/1055 705/1044/1055 845/1082/1055
f 1086/1078/1056 1087/1080/1056 845/1082/1056 846/1083/1056
f 1085/1079/1057 1086/1078/1057 846/1083/1057 847/1084/1057
f 853/1032/1058 1085/1079/1058 847/1084/1058 706/1012/1058
f 852/1031/1059 1082/1075/1059 1085/1079/1059 853/1032/1059
f 851/1030/1060 1079/1072/1060 1082/1075/1060 852/1031/1060
f 1088/1026/1061 1089/966/1061 1092/966/1061 1091/1085/1061
f 1089/966/1062 1090/965/1062 1093/965/1062 1092/966/1062
f 1091/1085/1063 1092/966/1063 1095/966/1063 1094/1085/1063
f 1092/966/1064 1093/965/1064 1096/965/1064 1095/966/1064
f 700/969/1065 817/967/1065 1088/1026/1065 857/1025/1065
f 817/967/1066 816/966/1066 1089/966/1066 1088/1026/1066
f 816/966/1067 815/965/1067 1090/965/1067 1089/966/1067
f 815/965/1068 699/828/1068 856/964/1068 1090/965/1068
f 1090/965/1069 856/964/1069 855/964/1069 1093/965/1069
f 1093/965/1070 855/964/1070 854/964/1070 1096/965/1070
f 1096/965/1071 854/964/1071 703/964/1071 839/965/1071
f 1095/966/1072 1096/965/1072 839/965/1072 840/966/1072
f 1094/1085/1073 1095/966/1073 840/966/1073 841/1086/1073
f 859/1067/1074 1094/1085/1074 841/1086/1074 704/1068/1074
f 858/1067/1075 1091/1085/1075 1094/1085/1075 859/1067/1075
f 857/1025/1076 1088/1026/1076 1091/1085/1076 858/1067/1076
o Arm.L.001
v -0.526715 -1.031286 0.088568
v -0.514806 -0.818495 0.105186
v -0.526715 -1.031286 -0.056525
v -0.514806 -0.818495 -0.073143
v -0.382923 -1.050665 0.088568
v -0.338075 -0.842313 0.105186
v -0.382923 -1.050665 -0.056525
v -0.338075 -0.842313 -0.073143
v -0.459271 -0.470892 0.096575
v -0.459271 -0.470892 -0.064532
v -0.299607 -0.492410 -0.064532
v -0.299607 -0.492410 0.096575
v -0.348756 0.168906 0.072503
v -0.348756 0.168906 -0.040460
v -0.236804 0.153818 -0.040460
v -0.236804 0.153818 0.072503
v -0.539122 -1.041070 -0.027100
v -0.545385 -1.045980 0.016021
v -0.539122 -1.041070 0.059143
v -0.532506 -0.997654 0.098798
v -0.532658 -0.944662 0.106026
v -0.525480 -0.882087 0.107271
v -0.539659 -0.815146 0.064783
v -0.547943 -0.814029 0.016021
v -0.539659 -0.815146 -0.032740
v -0.525480 -0.882087 -0.075228
v -0.532658 -0.944662 -0.073983
v -0.532506 -0.997654 -0.066756
v -0.413600 -1.057986 -0.067513
v -0.457097 -1.057879 -0.073065
v -0.499071 -1.046467 -0.067513
v -0.474765 -0.823892 -0.098220
v -0.426440 -0.830404 -0.106579
v -0.378116 -0.836917 -0.098220
v -0.344616 -0.906462 -0.075228
v -0.354261 -0.968705 -0.073983
v -0.368435 -1.019766 -0.066756
v -0.373549 -1.063384 0.059143
v -0.368809 -1.069777 0.016021
v -0.373549 -1.063384 -0.027100
v -0.313222 -0.845663 -0.032740
v -0.304938 -0.846779 0.016021
v -0.313222 -0.845663 0.064783
v -0.344616 -0.906462 0.107271
v -0.354261 -0.968705 0.106026
v -0.368435 -1.019766 0.098798
v -0.499071 -1.046467 0.099556
v -0.457097 -1.057879 0.105108
v -0.413600 -1.057986 0.099556
v -0.378116 -0.836917 0.130263
v -0.426441 -0.830404 0.138622
v -0.474765 -0.823892 0.130263
v -0.481724 -0.467866 0.060074
v -0.489208 -0.466858 0.016021
v -0.481724 -0.467866 -0.028031
v -0.423097 -0.475768 -0.087188
v -0.379439 -0.481651 -0.094740
v -0.335781 -0.487535 -0.087188
v -0.277154 -0.495436 -0.028031
v -0.269670 -0.496445 0.016021
v -0.277154 -0.495436 0.060074
v -0.335781 -0.487535 0.119231
v -0.379439 -0.481651 0.126783
v -0.423097 -0.475768 0.119231
v -0.332350 -0.781808 -0.070735
v -0.325373 -0.713656 -0.068548
v -0.315130 -0.622357 -0.066505
v -0.315130 -0.622357 0.098548
v -0.325373 -0.713656 0.100591
v -0.332350 -0.781808 0.102778
v -0.504309 -0.758633 0.102778
v -0.492995 -0.691066 0.100591
v -0.478703 -0.600312 0.098548
v -0.478703 -0.600312 -0.066505
v -0.492995 -0.691066 -0.068548
v -0.504309 -0.758633 -0.070735
v -0.351507 0.208257 0.049482
v -0.352870 0.228021 0.016021
v -0.351507 0.208257 -0.017439
v -0.320781 0.204116 -0.048443
v -0.285028 0.218878 -0.052433
v -0.254460 0.195178 -0.048443
v -0.223733 0.191037 -0.017439
v -0.217187 0.209735 0.016021
v -0.223733 0.191037 0.049482
v -0.254460 0.195178 0.080486
v -0.285028 0.218878 0.084476
v -0.320781 0.204116 0.080486
v -0.278344 -0.317260 0.094254
v -0.257088 -0.126124 0.089791
v -0.242331 0.043948 0.081700
v -0.372511 0.061493 0.081700
v -0.403305 -0.106418 0.089791
v -0.433407 -0.296362 0.094254
v -0.433407 -0.296362 -0.062211
v -0.403305 -0.106418 -0.057748
v -0.372511 0.061493 -0.049657
v -0.242331 0.043948 -0.049657
v -0.257088 -0.126124 -0.057748
v -0.278344 -0.317260 -0.062211
v -0.555503 -0.997725 0.061657
v -0.557999 -0.942095 0.065205
v -0.550946 -0.878761 0.065919
v -0.563587 -0.999409 0.016021
v -0.566565 -0.941789 0.016021
v -0.559449 -0.877721 0.016021
v -0.555503 -0.997725 -0.029614
v -0.557999 -0.942095 -0.033162
v -0.550946 -0.878761 -0.033876
v -0.496117 -1.005728 -0.089537
v -0.492314 -0.950947 -0.099440
v -0.484513 -0.887714 -0.100910
v -0.451258 -1.014547 -0.097324
v -0.443684 -0.958350 -0.107971
v -0.435076 -0.894482 -0.109476
v -0.405664 -1.017918 -0.089537
v -0.394828 -0.964086 -0.099440
v -0.385612 -0.901043 -0.100910
v -0.346278 -1.025922 -0.029614
v -0.329144 -0.972938 -0.033162
v -0.319179 -0.909996 -0.033876
v -0.338928 -1.029686 0.016021
v -0.320802 -0.974910 0.016021
v -0.310703 -0.911244 0.016021
v -0.346278 -1.025922 0.061657
v -0.329144 -0.972938 0.065205
v -0.319179 -0.909996 0.065919
v -0.405664 -1.017918 0.121580
v -0.394828 -0.964086 0.131483
v -0.385612 -0.901043 0.132953
v -0.451258 -1.014547 0.129367
v -0.443684 -0.958350 0.140014
v -0.435076 -0.894482 0.141519
v -0.496117 -1.005728 0.121580
v -0.492314 -0.950947 0.131483
v -0.484513 -0.887714 0.132953
v -0.505557 -1.070106 -0.030371
v -0.460679 -1.084454 -0.033025
v -0.413603 -1.082498 -0.030371
v -0.509286 -1.077903 0.016021
v -0.461878 -1.093351 0.016021
v -0.412071 -1.091004 0.016021
v -0.505557 -1.070106 0.062414
v -0.460679 -1.084454 0.065068
v -0.413603 -1.082498 0.062414
v -0.308168 -0.785067 0.063467
v -0.300108 -0.786154 0.016021
v -0.308168 -0.785067 -0.031424
v -0.301801 -0.716833 0.062270
v -0.293943 -0.717892 0.016021
v -0.301801 -0.716833 -0.030227
v -0.292127 -0.625457 0.061153
v -0.284460 -0.626490 0.016021
v -0.292127 -0.625457 -0.029110
v -0.398228 -0.300742 0.116256
v -0.355780 -0.306102 0.123590
v -0.313427 -0.312171 0.116256
v -0.369797 -0.108047 0.110532
v -0.329432 -0.110600 0.117444
v -0.289832 -0.118824 0.110532
v -0.341937 0.068159 0.099438
v -0.304744 0.072585 0.105393
v -0.270050 0.058471 0.099438
v -0.528491 -0.755374 -0.031424
v -0.536551 -0.754288 0.016021
v -0.528491 -0.755374 0.063467
v -0.516567 -0.687889 -0.030227
v -0.524425 -0.686830 0.016021
v -0.516567 -0.687889 0.062270
v -0.501706 -0.597212 -0.029110
v -0.509373 -0.596179 0.016021
v -0.501706 -0.597212 0.061153
v -0.465350 -0.763884 0.127179
v -0.418330 -0.770221 0.135312
v -0.371309 -0.776558 0.127179
v -0.455018 -0.696184 0.124376
v -0.409184 -0.702361 0.132304
v -0.363350 -0.708538 0.124376
v -0.441644 -0.605307 0.121758
v -0.396916 -0.611334 0.129495
v -0.352189 -0.617362 0.121758
v -0.371309 -0.776558 -0.095136
v -0.418330 -0.770221 -0.103269
v -0.465350 -0.763884 -0.095136
v -0.363350 -0.708538 -0.092333
v -0.409184 -0.702361 -0.100261
v -0.455018 -0.696184 -0.092333
v -0.352189 -0.617362 -0.089715
v -0.396916 -0.611335 -0.097452
v -0.441644 -0.605307 -0.089715
v -0.241510 0.276840 -0.019365
v -0.272842 0.309304 -0.021164
v -0.311649 0.286293 -0.019365
v -0.235989 0.304337 0.016021
v -0.268761 0.339581 0.016021
v -0.309694 0.314270 0.016021
v -0.241510 0.276841 0.051408
v -0.272842 0.309304 0.053207
v -0.311649 0.286293 0.051408
v -0.313427 -0.312171 -0.084213
v -0.355780 -0.306102 -0.091547
v -0.398228 -0.300742 -0.084213
v -0.289832 -0.118824 -0.078489
v -0.329432 -0.110600 -0.085401
v -0.369797 -0.108047 -0.078489
v -0.270050 0.058471 -0.067395
v -0.304744 0.072585 -0.073350
v -0.341937 0.068159 -0.067395
v -0.256491 -0.319844 0.058805
v -0.249175 -0.320469 0.016021
v -0.256491 -0.319844 -0.026762
v -0.236150 -0.126059 0.056366
v -0.228918 -0.124147 0.016021
v -0.236150 -0.126059 -0.024323
v -0.223324 0.052173 0.052290
v -0.216173 0.060648 0.016021
v -0.223324 0.052173 -0.020247
v -0.455165 -0.293069 -0.026762
v -0.462385 -0.291735 0.016021
v -0.455165 -0.293069 0.058805
v -0.423478 -0.100813 -0.024323
v -0.429946 -0.097054 0.016021
v -0.423478 -0.100813 0.056366
v -0.388663 0.074456 -0.020247
v -0.393316 0.084521 0.016021
v -0.388663 0.074456 0.052290
vn -0.9834 -0.0530 0.1735
vn -0.9795 0.1080 0.1702
vn -0.9834 -0.0530 -0.1735
vn -0.9795 0.1080 -0.1702
vn -0.8177 -0.3153 0.4816
vn -0.8487 -0.0727 0.5239
vn -0.8445 0.0872 0.5284
vn -0.8352 0.1575 0.5269
vn -0.9699 0.1752 0.1689
vn -0.9699 0.1752 -0.1689
vn -0.8352 0.1575 -0.5269
vn -0.8445 0.0872 -0.5284
vn -0.8487 -0.0727 -0.5239
vn -0.8177 -0.3153 -0.4816
vn -0.9173 -0.3577 -0.1749
vn -0.9173 -0.3577 0.1749
vn -0.1965 -0.1590 -0.9675
vn -0.1719 -0.0009 -0.9851
vn 0.1474 -0.2054 -0.9675
vn 0.1655 -0.0463 -0.9851
vn -0.5336 -0.3536 -0.7683
vn -0.5439 -0.1137 -0.8314
vn -0.5272 0.0445 -0.8486
vn -0.5162 0.1145 -0.8488
vn -0.1615 0.0662 -0.9847
vn 0.1732 0.0211 -0.9847
vn 0.5281 -0.0262 -0.8488
vn 0.5201 -0.0967 -0.8486
vn 0.4944 -0.2537 -0.8314
vn 0.4209 -0.4822 -0.7683
vn 0.1096 -0.4961 -0.8613
vn -0.2370 -0.4494 -0.8613
vn 0.9343 -0.3114 -0.1735
vn 0.9731 -0.1552 -0.1702
vn 0.9343 -0.3114 0.1735
vn 0.9731 -0.1552 0.1702
vn 0.7051 -0.5205 -0.4816
vn 0.7992 -0.2947 -0.5239
vn 0.8375 -0.1395 -0.5284
vn 0.8471 -0.0692 -0.5269
vn 0.9817 -0.0879 -0.1689
vn 0.9817 -0.0879 0.1689
vn 0.8471 -0.0692 0.5269
vn 0.8375 -0.1395 0.5284
vn 0.7992 -0.2947 0.5239
vn 0.7051 -0.5205 0.4816
vn 0.7899 -0.5878 0.1749
vn 0.7899 -0.5878 -0.1749
vn 0.1474 -0.2054 0.9675
vn 0.1655 -0.0463 0.9851
vn -0.1965 -0.1590 0.9675
vn -0.1719 -0.0009 0.9851
vn 0.4209 -0.4822 0.7683
vn 0.4944 -0.2537 0.8314
vn 0.5201 -0.0967 0.8486
vn 0.5281 -0.0262 0.8488
vn 0.1732 0.0211 0.9847
vn -0.1615 0.0662 0.9847
vn -0.5162 0.1145 0.8488
vn -0.5272 0.0445 0.8486
vn -0.5439 -0.1137 0.8314
vn -0.5336 -0.3536 0.7683
vn -0.2370 -0.4494 0.8613
vn 0.1096 -0.4961 0.8613
vn -0.3069 -0.9347 -0.1793
vn 0.0485 -0.9826 -0.1793
vn -0.3069 -0.9347 0.1793
vn 0.0485 -0.9826 0.1793
vn -0.5825 -0.6480 -0.4907
vn -0.2850 -0.7860 -0.5486
vn 0.0667 -0.8334 -0.5486
vn 0.3901 -0.7791 -0.4907
vn 0.4345 -0.8830 -0.1774
vn 0.4345 -0.8830 0.1774
vn 0.3901 -0.7791 0.4907
vn 0.0667 -0.8334 0.5486
vn -0.2850 -0.7860 0.5486
vn -0.5825 -0.6480 0.4907
vn -0.6528 -0.7365 0.1774
vn -0.6528 -0.7365 -0.1774
vn 0.9817 -0.0886 0.1688
vn 0.9817 -0.0886 -0.1688
vn 0.9804 -0.1017 0.1689
vn 0.9804 -0.1017 -0.1689
vn 0.8481 -0.0593 0.5266
vn 0.9826 -0.0783 0.1687
vn 0.9826 -0.0783 -0.1687
vn 0.8481 -0.0593 -0.5266
vn 0.8471 -0.0698 -0.5269
vn 0.8457 -0.0831 -0.5271
vn 0.8446 -0.0929 -0.5272
vn 0.9793 -0.1114 -0.1689
vn 0.9793 -0.1114 0.1689
vn 0.8446 -0.0929 0.5272
vn 0.8457 -0.0831 0.5271
vn 0.8471 -0.0698 0.5269
vn -0.1643 0.0533 0.9850
vn 0.1726 0.0079 0.9850
vn -0.1651 0.0874 0.9824
vn 0.1823 0.0406 0.9824
vn -0.5202 0.0884 0.8495
vn -0.1651 0.0402 0.9855
vn 0.1699 -0.0050 0.9855
vn 0.5250 -0.0525 0.8495
vn 0.5276 -0.0391 0.8486
vn 0.5352 -0.0066 0.8447
vn 0.5384 0.0499 0.8412
vn 0.2119 0.1104 0.9710
vn -0.1751 0.1625 0.9710
vn -0.5059 0.1907 0.8412
vn -0.5179 0.1354 0.8447
vn -0.5191 0.1020 0.8486
vn -0.9701 0.1744 -0.1688
vn -0.9701 0.1744 0.1688
vn -0.9723 0.1614 -0.1689
vn -0.9723 0.1614 0.1689
vn -0.8335 0.1673 -0.5266
vn -0.9682 0.1846 -0.1687
vn -0.9682 0.1846 0.1687
vn -0.8335 0.1673 0.5266
vn -0.8353 0.1569 0.5269
vn -0.8375 0.1438 0.5271
vn -0.8391 0.1340 0.5272
vn -0.9739 0.1519 0.1689
vn -0.9739 0.1519 -0.1689
vn -0.8391 0.1340 -0.5272
vn -0.8375 0.1438 -0.5271
vn -0.8353 0.1569 -0.5269
vn -0.1615 0.0654 0.9847
vn 0.1731 0.0203 0.9847
vn -0.1633 0.0524 0.9852
vn 0.1714 0.0073 0.9852
vn -0.5146 0.1244 0.8484
vn -0.1600 0.0757 0.9842
vn 0.1744 0.0306 0.9842
vn 0.5291 -0.0163 0.8484
vn 0.5280 -0.0268 0.8488
vn 0.5265 -0.0401 0.8492
vn 0.5253 -0.0499 0.8495
vn 0.1701 -0.0023 0.9854
vn -0.1647 0.0428 0.9854
vn -0.5198 0.0910 0.8495
vn -0.5183 0.1007 0.8492
vn -0.5163 0.1139 0.8488
vn 0.1731 0.0203 -0.9847
vn -0.1615 0.0654 -0.9847
vn 0.1714 0.0073 -0.9852
vn -0.1633 0.0524 -0.9852
vn 0.5291 -0.0163 -0.8484
vn 0.1744 0.0306 -0.9842
vn -0.1600 0.0757 -0.9842
vn -0.5146 0.1244 -0.8484
vn -0.5163 0.1139 -0.8488
vn -0.5183 0.1007 -0.8492
vn -0.5198 0.0910 -0.8495
vn -0.1647 0.0428 -0.9854
vn 0.1701 -0.0023 -0.9854
vn 0.5253 -0.0499 -0.8495
vn 0.5265 -0.0401 -0.8492
vn 0.5280 -0.0268 -0.8488
vn 0.6194 0.5722 -0.5375
vn -0.4459 0.7158 -0.5375
vn 0.6194 0.5722 0.5375
vn -0.4459 0.7158 0.5375
vn 0.7124 0.1450 -0.6866
vn 0.3290 0.2693 -0.9051
vn -0.2460 0.3468 -0.9051
vn -0.6486 0.3284 -0.6866
vn -0.8555 0.4290 -0.2901
vn -0.8555 0.4290 0.2901
vn -0.6486 0.3284 0.6866
vn -0.2460 0.3468 0.9051
vn 0.3290 0.2693 0.9051
vn 0.7124 0.1450 0.6866
vn 0.9385 0.1872 0.2901
vn 0.9385 0.1872 -0.2901
vn 0.1726 0.0079 -0.9850
vn -0.1643 0.0533 -0.9850
vn 0.1823 0.0406 -0.9824
vn -0.1651 0.0874 -0.9824
vn 0.5250 -0.0525 -0.8495
vn 0.1699 -0.0050 -0.9855
vn -0.1651 0.0402 -0.9855
vn -0.5202 0.0884 -0.8495
vn -0.5191 0.1020 -0.8486
vn -0.5179 0.1354 -0.8447
vn -0.5059 0.1907 -0.8412
vn -0.1751 0.1625 -0.9710
vn 0.2119 0.1104 -0.9710
vn 0.5384 0.0499 -0.8412
vn 0.5352 -0.0066 -0.8447
vn 0.5276 -0.0391 -0.8486
vn 0.9803 -0.1009 0.1700
vn 0.9803 -0.1009 -0.1700
vn 0.9822 -0.0672 0.1753
vn 0.9822 -0.0672 -0.1753
vn 0.8443 -0.0955 0.5273
vn 0.9790 -0.1140 0.1690
vn 0.9790 -0.1140 -0.1690
vn 0.8443 -0.0955 -0.5273
vn 0.8452 -0.0819 -0.5281
vn 0.8458 -0.0484 -0.5313
vn 0.8499 0.0079 -0.5269
vn 0.9807 0.0067 -0.1953
vn 0.9807 0.0067 0.1953
vn 0.8499 0.0079 0.5269
vn 0.8458 -0.0484 0.5313
vn 0.8452 -0.0819 0.5281
vn -0.9720 0.1622 -0.1700
vn -0.9720 0.1622 0.1700
vn -0.9650 0.1952 -0.1753
vn -0.9650 0.1952 0.1753
vn -0.8394 0.1314 -0.5273
vn -0.9743 0.1492 -0.1690
vn -0.9743 0.1492 0.1690
vn -0.8394 0.1314 0.5273
vn -0.8367 0.1448 0.5281
vn -0.8284 0.1772 0.5313
vn -0.8175 0.2327 0.5269
vn -0.9439 0.2661 0.1953
vn -0.9439 0.2661 -0.1953
vn -0.8175 0.2327 -0.5269
vn -0.8284 0.1772 -0.5313
vn -0.8367 0.1448 -0.5281
vt 0.437188 0.062500
vt 0.497504 0.062500
vt 0.495660 0.125000
vt 0.436957 0.125000
vt 0.553155 0.062500
vt 0.547418 0.125000
vt 0.494900 0.187500
vt 0.436863 0.187500
vt 0.545234 0.187500
vt 0.375000 0.000000
vt 0.437500 0.000000
vt 0.375000 0.062500
vt 0.500000 0.000000
vt 0.562500 0.000000
vt 0.625000 0.000000
vt 0.595920 0.062500
vt 0.586806 0.125000
vt 0.583767 0.187500
vt 0.583333 0.250000
vt 0.544922 0.250000
vt 0.494792 0.250000
vt 0.436849 0.250000
vt 0.375000 0.187500
vt 0.375000 0.250000
vt 0.375000 0.125000
vt 0.436849 0.312500
vt 0.494792 0.312500
vt 0.494792 0.375000
vt 0.436849 0.375000
vt 0.544922 0.312500
vt 0.544922 0.375000
vt 0.494792 0.437500
vt 0.436849 0.437500
vt 0.544922 0.437500
vt 0.375000 0.312500
vt 0.583333 0.312500
vt 0.583333 0.375000
vt 0.583333 0.437500
vt 0.583333 0.500000
vt 0.544922 0.500000
vt 0.494792 0.500000
vt 0.436849 0.500000
vt 0.375000 0.437500
vt 0.375000 0.500000
vt 0.375000 0.375000
vt 0.436849 0.562500
vt 0.494792 0.562500
vt 0.494792 0.625000
vt 0.436849 0.625000
vt 0.544922 0.562500
vt 0.544922 0.625000
vt 0.494792 0.687500
vt 0.436849 0.687500
vt 0.544922 0.687500
vt 0.375000 0.562500
vt 0.583333 0.562500
vt 0.583333 0.625000
vt 0.583333 0.687500
vt 0.583333 0.750000
vt 0.544922 0.750000
vt 0.494792 0.750000
vt 0.436849 0.750000
vt 0.375000 0.687500
vt 0.375000 0.750000
vt 0.375000 0.625000
vt 0.436863 0.812500
vt 0.494900 0.812500
vt 0.495660 0.875000
vt 0.436957 0.875000
vt 0.545234 0.812500
vt 0.547418 0.875000
vt 0.497504 0.937500
vt 0.437188 0.937500
vt 0.553155 0.937500
vt 0.375000 0.812500
vt 0.583767 0.812500
vt 0.586806 0.875000
vt 0.595920 0.937500
vt 0.625000 1.000000
vt 0.562500 1.000000
vt 0.500000 1.000000
vt 0.437500 1.000000
vt 0.375000 0.937500
vt 0.375000 1.000000
vt 0.375000 0.875000
vt 0.187500 0.562500
vt 0.250000 0.562500
vt 0.250000 0.625000
vt 0.187500 0.625000
vt 0.312500 0.562500
vt 0.312500 0.625000
vt 0.250000 0.687500
vt 0.187500 0.687500
vt 0.312500 0.687500
vt 0.125000 0.500000
vt 0.187500 0.500000
vt 0.125000 0.562500
vt 0.250000 0.500000
vt 0.312500 0.500000
vt 0.312500 0.750000
vt 0.250000 0.750000
vt 0.187500 0.750000
vt 0.125000 0.687500
vt 0.125000 0.750000
vt 0.125000 0.625000
vt 0.607422 0.687500
vt 0.607422 0.625000
vt 0.619792 0.625000
vt 0.619792 0.687500
vt 0.607422 0.562500
vt 0.619792 0.562500
vt 0.624349 0.625000
vt 0.624349 0.687500
vt 0.624349 0.562500
vt 0.583333 0.750000
vt 0.583333 0.687500
vt 0.607422 0.750000
vt 0.583333 0.625000
vt 0.583333 0.562500
vt 0.583333 0.500000
vt 0.607422 0.500000
vt 0.619792 0.500000
vt 0.624349 0.500000
vt 0.625000 0.500000
vt 0.625000 0.562500
vt 0.625000 0.625000
vt 0.625000 0.687500
vt 0.624349 0.750000
vt 0.625000 0.750000
vt 0.619792 0.750000
vt 0.625000 0.937500
vt 0.625000 0.875000
vt 0.625000 0.875000
vt 0.625014 0.812500
vt 0.625109 0.812500
vt 0.625231 0.812500
vt 0.625000 1.000000
vt 0.625000 0.812500
vt 0.625000 0.750000
vt 0.625109 0.750000
vt 0.625868 0.750000
vt 0.627604 0.750000
vt 0.625000 0.750000
vt 0.625000 0.812500
vt 0.625000 0.937500
vt 0.607734 0.187500
vt 0.609918 0.125000
vt 0.620660 0.125000
vt 0.619900 0.187500
vt 0.615655 0.062500
vt 0.622504 0.062500
vt 0.624458 0.125000
vt 0.624363 0.187500
vt 0.624688 0.062500
vt 0.583767 0.187500
vt 0.607422 0.250000
vt 0.586806 0.125000
vt 0.625000 0.000000
vt 0.625000 0.062500
vt 0.625000 0.125000
vt 0.625000 0.187500
vt 0.624349 0.250000
vt 0.625000 0.250000
vt 0.619792 0.250000
vt 0.615655 0.937500
vt 0.609918 0.875000
vt 0.620660 0.875000
vt 0.622504 0.937500
vt 0.607734 0.812500
vt 0.619900 0.812500
vt 0.624457 0.875000
vt 0.624688 0.937500
vt 0.624363 0.812500
vt 0.586806 0.875000
vt 0.583767 0.812500
vt 0.583333 0.750000
vt 0.607422 0.750000
vt 0.619792 0.750000
vt 0.624349 0.750000
vt 0.607422 0.437500
vt 0.607422 0.375000
vt 0.619792 0.375000
vt 0.619792 0.437500
vt 0.607422 0.312500
vt 0.619792 0.312500
vt 0.624349 0.375000
vt 0.624349 0.437500
vt 0.624349 0.312500
vt 0.583333 0.437500
vt 0.583333 0.375000
vt 0.583333 0.312500
vt 0.607422 0.250000
vt 0.619792 0.250000
vt 0.624349 0.250000
vt 0.625000 0.312500
vt 0.625000 0.375000
vt 0.625000 0.437500
vt 0.696533 0.562500
vt 0.752387 0.562500
vt 0.753472 0.625000
vt 0.700087 0.625000
vt 0.812798 0.562500
vt 0.812934 0.625000
vt 0.752387 0.687500
vt 0.696533 0.687500
vt 0.812798 0.687500
vt 0.625000 0.500000
vt 0.687500 0.500000
vt 0.653700 0.562500
vt 0.750000 0.500000
vt 0.812500 0.500000
vt 0.875000 0.500000
vt 0.875000 0.562500
vt 0.875000 0.625000
vt 0.875000 0.687500
vt 0.875000 0.750000
vt 0.812500 0.750000
vt 0.750000 0.750000
vt 0.687500 0.750000
vt 0.653700 0.687500
vt 0.659722 0.625000
vt 0.625014 0.437500
vt 0.625000 0.375000
vt 0.625109 0.437500
vt 0.625000 0.312500
vt 0.625231 0.437500
vt 0.625000 0.312500
vt 0.625000 0.500000
vt 0.625000 0.437500
vt 0.625109 0.500000
vt 0.625000 0.375000
vt 0.625000 0.250000
vt 0.625000 0.250000
vt 0.625000 0.250000
vt 0.625000 0.437500
vt 0.627604 0.500000
vt 0.625868 0.500000
vt 0.625312 0.687500
vt 0.625434 0.625000
vt 0.628472 0.625000
vt 0.627496 0.687500
vt 0.625312 0.562500
vt 0.627496 0.562500
vt 0.637587 0.625000
vt 0.634264 0.687500
vt 0.634264 0.562500
vt 0.625000 0.687500
vt 0.625000 0.562500
vt 0.653700 0.562500
vt 0.659722 0.625000
vt 0.653700 0.687500
vt 0.625000 0.187500
vt 0.625000 0.187500
vt 0.625000 0.187500
s 0
f 1197/1087/1077 1198/1088/1077 1201/1089/1077 1200/1090/1077
f 1198/1088/1078 1199/1091/1078 1202/1092/1078 1201/1089/1078
f 1200/1090/1079 1201/1089/1079 1204/1093/1079 1203/1094/1079
f 1201/1089/1080 1202/1092/1080 1205/1095/1080 1204/1093/1080
f 1097/1096/1081 1116/1097/1081 1197/1087/1081 1115/1098/1081
f 1116/1097/1082 1117/1099/1082 1198/1088/1082 1197/1087/1082
f 1117/1099/1083 1118/1100/1083 1199/1091/1083 1198/1088/1083
f 1118/1100/1084 1098/1101/1084 1119/1102/1084 1199/1091/1084
f 1199/1091/1085 1119/1102/1085 1120/1103/1085 1202/1092/1085
f 1202/1092/1086 1120/1103/1086 1121/1104/1086 1205/1095/1086
f 1205/1095/1087 1121/1104/1087 1100/1105/1087 1122/1106/1087
f 1204/1093/1088 1205/1095/1088 1122/1106/1088 1123/1107/1088
f 1203/1094/1089 1204/1093/1089 1123/1107/1089 1124/1108/1089
f 1113/1109/1090 1203/1094/1090 1124/1108/1090 1099/1110/1090
f 1114/1111/1091 1200/1090/1091 1203/1094/1091 1113/1109/1091
f 1115/1098/1092 1197/1087/1092 1200/1090/1092 1114/1111/1092
f 1206/1112/1093 1207/1113/1093 1210/1114/1093 1209/1115/1093
f 1207/1113/1094 1208/1116/1094 1211/1117/1094 1210/1114/1094
f 1209/1115/1095 1210/1114/1095 1213/1118/1095 1212/1119/1095
f 1210/1114/1096 1211/1117/1096 1214/1120/1096 1213/1118/1096
f 1099/1110/1097 1124/1108/1097 1206/1112/1097 1127/1121/1097
f 1124/1108/1098 1123/1107/1098 1207/1113/1098 1206/1112/1098
f 1123/1107/1099 1122/1106/1099 1208/1116/1099 1207/1113/1099
f 1122/1106/1100 1100/1105/1100 1128/1122/1100 1208/1116/1100
f 1208/1116/1101 1128/1122/1101 1129/1123/1101 1211/1117/1101
f 1211/1117/1102 1129/1123/1102 1130/1124/1102 1214/1120/1102
f 1214/1120/1103 1130/1124/1103 1104/1125/1103 1131/1126/1103
f 1213/1118/1104 1214/1120/1104 1131/1126/1104 1132/1127/1104
f 1212/1119/1105 1213/1118/1105 1132/1127/1105 1133/1128/1105
f 1125/1129/1106 1212/1119/1106 1133/1128/1106 1103/1130/1106
f 1126/1131/1107 1209/1115/1107 1212/1119/1107 1125/1129/1107
f 1127/1121/1108 1206/1112/1108 1209/1115/1108 1126/1131/1108
f 1215/1132/1109 1216/1133/1109 1219/1134/1109 1218/1135/1109
f 1216/1133/1110 1217/1136/1110 1220/1137/1110 1219/1134/1110
f 1218/1135/1111 1219/1134/1111 1222/1138/1111 1221/1139/1111
f 1219/1134/1112 1220/1137/1112 1223/1140/1112 1222/1138/1112
f 1103/1130/1113 1133/1128/1113 1215/1132/1113 1136/1141/1113
f 1133/1128/1114 1132/1127/1114 1216/1133/1114 1215/1132/1114
f 1132/1127/1115 1131/1126/1115 1217/1136/1115 1216/1133/1115
f 1131/1126/1116 1104/1125/1116 1137/1142/1116 1217/1136/1116
f 1217/1136/1117 1137/1142/1117 1138/1143/1117 1220/1137/1117
f 1220/1137/1118 1138/1143/1118 1139/1144/1118 1223/1140/1118
f 1223/1140/1119 1139/1144/1119 1102/1145/1119 1140/1146/1119
f 1222/1138/1120 1223/1140/1120 1140/1146/1120 1141/1147/1120
f 1221/1139/1121 1222/1138/1121 1141/1147/1121 1142/1148/1121
f 1134/1149/1122 1221/1139/1122 1142/1148/1122 1101/1150/1122
f 1135/1151/1123 1218/1135/1123 1221/1139/1123 1134/1149/1123
f 1136/1141/1124 1215/1132/1124 1218/1135/1124 1135/1151/1124
f 1224/1152/1125 1225/1153/1125 1228/1154/1125 1227/1155/1125
f 1225/1153/1126 1226/1156/1126 1229/1157/1126 1228/1154/1126
f 1227/1155/1127 1228/1154/1127 1231/1158/1127 1230/1159/1127
f 1228/1154/1128 1229/1157/1128 1232/1160/1128 1231/1158/1128
f 1101/1150/1129 1142/1148/1129 1224/1152/1129 1145/1161/1129
f 1142/1148/1130 1141/1147/1130 1225/1153/1130 1224/1152/1130
f 1141/1147/1131 1140/1146/1131 1226/1156/1131 1225/1153/1131
f 1140/1146/1132 1102/1145/1132 1146/1162/1132 1226/1156/1132
f 1226/1156/1133 1146/1162/1133 1147/1163/1133 1229/1157/1133
f 1229/1157/1134 1147/1163/1134 1148/1164/1134 1232/1160/1134
f 1232/1160/1135 1148/1164/1135 1098/1165/1135 1118/1166/1135
f 1231/1158/1136 1232/1160/1136 1118/1166/1136 1117/1167/1136
f 1230/1159/1137 1231/1158/1137 1117/1167/1137 1116/1168/1137
f 1143/1169/1138 1230/1159/1138 1116/1168/1138 1097/1170/1138
f 1144/1171/1139 1227/1155/1139 1230/1159/1139 1143/1169/1139
f 1145/1161/1140 1224/1152/1140 1227/1155/1140 1144/1171/1140
f 1233/1172/1141 1234/1173/1141 1237/1174/1141 1236/1175/1141
f 1234/1173/1142 1235/1176/1142 1238/1177/1142 1237/1174/1142
f 1236/1175/1143 1237/1174/1143 1240/1178/1143 1239/1179/1143
f 1237/1174/1144 1238/1177/1144 1241/1180/1144 1240/1178/1144
f 1099/1181/1145 1127/1182/1145 1233/1172/1145 1113/1183/1145
f 1127/1182/1146 1126/1184/1146 1234/1173/1146 1233/1172/1146
f 1126/1184/1147 1125/1185/1147 1235/1176/1147 1234/1173/1147
f 1125/1185/1148 1103/1130/1148 1136/1141/1148 1235/1176/1148
f 1235/1176/1149 1136/1141/1149 1135/1151/1149 1238/1177/1149
f 1238/1177/1150 1135/1151/1150 1134/1149/1150 1241/1180/1150
f 1241/1180/1151 1134/1149/1151 1101/1150/1151 1145/1186/1151
f 1240/1178/1152 1241/1180/1152 1145/1186/1152 1144/1187/1152
f 1239/1179/1153 1240/1178/1153 1144/1187/1153 1143/1188/1153
f 1115/1189/1154 1239/1179/1154 1143/1188/1154 1097/1190/1154
f 1114/1191/1155 1236/1175/1155 1239/1179/1155 1115/1189/1155
f 1113/1183/1156 1233/1172/1156 1236/1175/1156 1114/1191/1156
f 1242/1192/1157 1243/1193/1157 1246/1194/1157 1245/1195/1157
f 1243/1193/1158 1244/1196/1158 1247/1197/1158 1246/1194/1158
f 1245/1195/1159 1246/1194/1159 1249/1198/1159 1248/1199/1159
f 1246/1194/1160 1247/1197/1160 1250/1200/1160 1249/1198/1160
f 1102/1201/1161 1139/1202/1161 1242/1192/1161 1166/1203/1161
f 1139/1202/1162 1138/1204/1162 1243/1193/1162 1242/1192/1162
f 1138/1204/1163 1137/1205/1163 1244/1196/1163 1243/1193/1163
f 1137/1205/1164 1104/1206/1164 1161/1207/1164 1244/1196/1164
f 1244/1196/1165 1161/1207/1165 1162/1208/1165 1247/1197/1165
f 1247/1197/1166 1162/1208/1166 1163/1209/1166 1250/1200/1166
f 1250/1200/1167 1163/1209/1167 1107/1210/1167 1155/1211/1167
f 1249/1198/1168 1250/1200/1168 1155/1211/1168 1156/1212/1168
f 1248/1199/1169 1249/1198/1169 1156/1212/1169 1157/1213/1169
f 1164/1214/1170 1248/1199/1170 1157/1213/1170 1108/1215/1170
f 1165/1216/1171 1245/1195/1171 1248/1199/1171 1164/1214/1171
f 1166/1203/1172 1242/1192/1172 1245/1195/1172 1165/1216/1172
f 1251/1217/1173 1252/1218/1173 1255/1219/1173 1254/1217/1173
f 1252/1218/1174 1253/1220/1174 1256/1221/1174 1255/1219/1174
f 1254/1217/1175 1255/1219/1175 1258/1219/1175 1257/1217/1175
f 1255/1219/1176 1256/1221/1176 1259/1222/1176 1258/1219/1176
f 1105/1165/1177 1160/1217/1177 1251/1217/1177 1190/1223/1177
f 1160/1217/1178 1159/1219/1178 1252/1218/1178 1251/1217/1178
f 1159/1219/1179 1158/1224/1179 1253/1220/1179 1252/1218/1179
f 1158/1224/1180 1108/1225/1180 1185/1226/1180 1253/1220/1180
f 1253/1220/1181 1185/1226/1181 1186/1227/1181 1256/1221/1181
f 1256/1221/1182 1186/1227/1182 1187/1228/1182 1259/1222/1182
f 1259/1222/1183 1187/1228/1183 1112/1229/1183 1182/1230/1183
f 1258/1219/1184 1259/1222/1184 1182/1230/1184 1183/1219/1184
f 1257/1217/1185 1258/1219/1185 1183/1219/1185 1184/1231/1185
f 1188/1223/1186 1257/1217/1186 1184/1231/1186 1109/1223/1186
f 1189/1223/1187 1254/1217/1187 1257/1217/1187 1188/1223/1187
f 1190/1223/1188 1251/1217/1188 1254/1217/1188 1189/1223/1188
f 1260/1232/1189 1261/1233/1189 1264/1234/1189 1263/1235/1189
f 1261/1233/1190 1262/1236/1190 1265/1237/1190 1264/1234/1190
f 1263/1235/1191 1264/1234/1191 1267/1238/1191 1266/1239/1191
f 1264/1234/1192 1265/1237/1192 1268/1240/1192 1267/1238/1192
f 1100/1105/1193 1121/1241/1193 1260/1232/1193 1172/1242/1193
f 1121/1241/1194 1120/1243/1194 1261/1233/1194 1260/1232/1194
f 1120/1243/1195 1119/1102/1195 1262/1236/1195 1261/1233/1195
f 1119/1102/1196 1098/1101/1196 1167/1244/1196 1262/1236/1196
f 1262/1236/1197 1167/1244/1197 1168/1244/1197 1265/1237/1197
f 1265/1237/1198 1168/1244/1198 1169/1244/1198 1268/1240/1198
f 1268/1240/1199 1169/1244/1199 1105/1101/1199 1149/1245/1199
f 1267/1238/1200 1268/1240/1200 1149/1245/1200 1150/1246/1200
f 1266/1239/1201 1267/1238/1201 1150/1246/1201 1151/1247/1201
f 1170/1248/1202 1266/1239/1202 1151/1247/1202 1106/1249/1202
f 1171/1250/1203 1263/1235/1203 1266/1239/1203 1170/1248/1203
f 1172/1242/1204 1260/1232/1204 1263/1235/1204 1171/1250/1204
f 1269/1251/1205 1270/1252/1205 1273/1253/1205 1272/1254/1205
f 1270/1252/1206 1271/1255/1206 1274/1256/1206 1273/1253/1206
f 1272/1254/1207 1273/1253/1207 1276/1257/1207 1275/1258/1207
f 1273/1253/1208 1274/1256/1208 1277/1259/1208 1276/1257/1208
f 1098/1165/1209 1148/1164/1209 1269/1251/1209 1167/1223/1209
f 1148/1164/1210 1147/1260/1210 1270/1252/1210 1269/1251/1210
f 1147/1260/1211 1146/1261/1211 1271/1255/1211 1270/1252/1211
f 1146/1261/1212 1102/1262/1212 1166/1263/1212 1271/1255/1212
f 1271/1255/1213 1166/1263/1213 1165/1264/1213 1274/1256/1213
f 1274/1256/1214 1165/1264/1214 1164/1265/1214 1277/1259/1214
f 1277/1259/1215 1164/1265/1215 1108/1225/1215 1158/1224/1215
f 1276/1257/1216 1277/1259/1216 1158/1224/1216 1159/1219/1216
f 1275/1258/1217 1276/1257/1217 1159/1219/1217 1160/1217/1217
f 1169/1223/1218 1275/1258/1218 1160/1217/1218 1105/1165/1218
f 1168/1223/1219 1272/1254/1219 1275/1258/1219 1169/1223/1219
f 1167/1223/1220 1269/1251/1220 1272/1254/1220 1168/1223/1220
f 1278/1266/1221 1279/1267/1221 1282/1268/1221 1281/1269/1221
f 1279/1267/1222 1280/1270/1222 1283/1271/1222 1282/1268/1222
f 1281/1269/1223 1282/1268/1223 1285/1272/1223 1284/1273/1223
f 1282/1268/1224 1283/1271/1224 1286/1274/1224 1285/1272/1224
f 1104/1206/1225 1130/1275/1225 1278/1266/1225 1161/1207/1225
f 1130/1275/1226 1129/1276/1226 1279/1267/1226 1278/1266/1226
f 1129/1276/1227 1128/1277/1227 1280/1270/1227 1279/1267/1227
f 1128/1277/1228 1100/1105/1228 1172/1278/1228 1280/1270/1228
f 1280/1270/1229 1172/1278/1229 1171/1279/1229 1283/1271/1229
f 1283/1271/1230 1171/1279/1230 1170/1280/1230 1286/1274/1230
f 1286/1274/1231 1170/1280/1231 1106/1249/1231 1152/1281/1231
f 1285/1272/1232 1286/1274/1232 1152/1281/1232 1153/1282/1232
f 1284/1273/1233 1285/1272/1233 1153/1282/1233 1154/1283/1233
f 1163/1209/1234 1284/1273/1234 1154/1283/1234 1107/1210/1234
f 1162/1208/1235 1281/1269/1235 1284/1273/1235 1163/1209/1235
f 1161/1207/1236 1278/1266/1236 1281/1269/1236 1162/1208/1236
f 1287/1284/1237 1288/1285/1237 1291/1286/1237 1290/1287/1237
f 1288/1285/1238 1289/1288/1238 1292/1289/1238 1291/1286/1238
f 1290/1287/1239 1291/1286/1239 1294/1290/1239 1293/1291/1239
f 1291/1286/1240 1292/1289/1240 1295/1292/1240 1294/1290/1240
f 1111/1293/1241 1178/1294/1241 1287/1284/1241 1179/1295/1241
f 1178/1294/1242 1177/1296/1242 1288/1285/1242 1287/1284/1242
f 1177/1296/1243 1176/1297/1243 1289/1288/1243 1288/1285/1243
f 1176/1297/1244 1110/1298/1244 1175/1299/1244 1289/1288/1244
f 1289/1288/1245 1175/1299/1245 1174/1300/1245 1292/1289/1245
f 1292/1289/1246 1174/1300/1246 1173/1301/1246 1295/1292/1246
f 1295/1292/1247 1173/1301/1247 1109/1302/1247 1184/1303/1247
f 1294/1290/1248 1295/1292/1248 1184/1303/1248 1183/1304/1248
f 1293/1291/1249 1294/1290/1249 1183/1304/1249 1182/1305/1249
f 1181/1306/1250 1293/1291/1250 1182/1305/1250 1112/1229/1250
f 1180/1307/1251 1290/1287/1251 1293/1291/1251 1181/1306/1251
f 1179/1295/1252 1287/1284/1252 1290/1287/1252 1180/1307/1252
f 1296/1308/1253 1297/1309/1253 1300/1282/1253 1299/1310/1253
f 1297/1309/1254 1298/1311/1254 1301/1281/1254 1300/1282/1254
f 1299/1310/1255 1300/1282/1255 1303/1282/1255 1302/1312/1255
f 1300/1282/1256 1301/1281/1256 1304/1313/1256 1303/1282/1256
f 1107/1314/1257 1154/1315/1257 1296/1308/1257 1196/1316/1257
f 1154/1315/1258 1153/1317/1258 1297/1309/1258 1296/1308/1258
f 1153/1317/1259 1152/1281/1259 1298/1311/1259 1297/1309/1259
f 1152/1281/1260 1106/1249/1260 1191/1318/1260 1298/1311/1260
f 1298/1311/1261 1191/1318/1261 1192/1319/1261 1301/1281/1261
f 1301/1281/1262 1192/1319/1262 1193/1319/1262 1304/1313/1262
f 1304/1313/1263 1193/1319/1263 1110/1320/1263 1176/1281/1263
f 1303/1282/1264 1304/1313/1264 1176/1281/1264 1177/1282/1264
f 1302/1312/1265 1303/1282/1265 1177/1282/1265 1178/1321/1265
f 1194/1322/1266 1302/1312/1266 1178/1321/1266 1111/1293/1266
f 1195/1323/1267 1299/1310/1267 1302/1312/1267 1194/1322/1267
f 1196/1316/1268 1296/1308/1268 1299/1310/1268 1195/1323/1268
f 1305/1324/1269 1306/1325/1269 1309/1326/1269 1308/1327/1269
f 1306/1325/1270 1307/1328/1270 1310/1329/1270 1309/1326/1270
f 1308/1327/1271 1309/1326/1271 1312/1330/1271 1311/1331/1271
f 1309/1326/1272 1310/1329/1272 1313/1332/1272 1312/1330/1272
f 1108/1225/1273 1157/1333/1273 1305/1324/1273 1185/1226/1273
f 1157/1333/1274 1156/1212/1274 1306/1325/1274 1305/1324/1274
f 1156/1212/1275 1155/1334/1275 1307/1328/1275 1306/1325/1275
f 1155/1334/1276 1107/1314/1276 1196/1316/1276 1307/1328/1276
f 1307/1328/1277 1196/1316/1277 1195/1323/1277 1310/1329/1277
f 1310/1329/1278 1195/1323/1278 1194/1322/1278 1313/1332/1278
f 1313/1332/1279 1194/1322/1279 1111/1293/1279 1179/1335/1279
f 1312/1330/1280 1313/1332/1280 1179/1335/1280 1180/1336/1280
f 1311/1331/1281 1312/1330/1281 1180/1336/1281 1181/1337/1281
f 1187/1228/1282 1311/1331/1282 1181/1337/1282 1112/1229/1282
f 1186/1227/1283 1308/1327/1283 1311/1331/1283 1187/1228/1283
f 1185/1226/1284 1305/1324/1284 1308/1327/1284 1186/1227/1284
f 1314/1338/1285 1315/1246/1285 1318/1246/1285 1317/1339/1285
f 1315/1246/1286 1316/1245/1286 1319/1245/1286 1318/1246/1286
f 1317/1339/1287 1318/1246/1287 1321/1246/1287 1320/1339/1287
f 1318/1246/1288 1319/1245/1288 1322/1245/1288 1321/1246/1288
f 1106/1249/1289 1151/1247/1289 1314/1338/1289 1191/1318/1289
f 1151/1247/1290 1150/1246/1290 1315/1246/1290 1314/1338/1290
f 1150/1246/1291 1149/1245/1291 1316/1245/1291 1315/1246/1291
f 1149/1245/1292 1105/1101/1292 1190/1244/1292 1316/1245/1292
f 1316/1245/1293 1190/1244/1293 1189/1244/1293 1319/1245/1293
f 1319/1245/1294 1189/1244/1294 1188/1244/1294 1322/1245/1294
f 1322/1245/1295 1188/1244/1295 1109/1244/1295 1173/1245/1295
f 1321/1246/1296 1322/1245/1296 1173/1245/1296 1174/1246/1296
f 1320/1339/1297 1321/1246/1297 1174/1246/1297 1175/1340/1297
f 1193/1319/1298 1320/1339/1298 1175/1340/1298 1110/1320/1298
f 1192/1319/1299 1317/1339/1299 1320/1339/1299 1193/1319/1299
f 1191/1318/1300 1314/1338/1300 1317/1339/1300 1192/1319/1300
o Arm.L.002
v -0.525523 -1.009325 -0.034872
v -0.544531 -1.172577 -0.053151
v -0.525530 -1.008581 0.109239
v -0.544553 -1.171520 0.128990
v -0.381417 -1.009325 -0.034872
v -0.362409 -1.172577 -0.053151
v -0.381410 -1.008581 0.109239
v -0.362387 -1.171521 0.128990
v -0.541080 -1.335963 -0.048667
v -0.541104 -1.334931 0.126572
v -0.365836 -1.334931 0.126572
v -0.365860 -1.335963 -0.048667
v -0.524592 -1.717533 -0.028813
v -0.524597 -1.716832 0.113434
v -0.382343 -1.716832 0.113434
v -0.382348 -1.717534 -0.028813
v -0.526071 -1.860252 -0.029223
v -0.526071 -1.859582 0.115977
v -0.380869 -1.859582 0.115977
v -0.380869 -1.860252 -0.029223
v -0.539305 -1.991015 -0.041854
v -0.539305 -1.990223 0.129814
v -0.367635 -1.990223 0.129814
v -0.367635 -1.991015 -0.041854
v -0.520195 -2.168608 -0.021924
v -0.520195 -2.167992 0.111525
v -0.386745 -2.167992 0.111525
v -0.386745 -2.168608 -0.021924
v -0.536412 -0.998958 0.079961
v -0.541906 -0.994269 0.037114
v -0.536407 -0.999399 -0.005687
v -0.535780 -1.037107 -0.045000
v -0.543299 -1.080188 -0.052322
v -0.545289 -1.128545 -0.054095
v -0.570149 -1.172338 -0.011885
v -0.578694 -1.172049 0.037919
v -0.570164 -1.171760 0.087723
v -0.545307 -1.127516 0.129557
v -0.543313 -1.079216 0.127348
v -0.535790 -1.036241 0.119627
v -0.410643 -0.998754 0.120075
v -0.453470 -0.993818 0.125548
v -0.496297 -0.998754 0.120075
v -0.503283 -1.171372 0.154603
v -0.453470 -1.171322 0.163141
v -0.403657 -1.171372 0.154603
v -0.361633 -1.127516 0.129557
v -0.363627 -1.079216 0.127348
v -0.371150 -1.036241 0.119627
v -0.370533 -0.999399 -0.005687
v -0.365034 -0.994269 0.037114
v -0.370528 -0.998958 0.079961
v -0.336776 -1.171760 0.087723
v -0.328246 -1.172049 0.037919
v -0.336791 -1.172338 -0.011885
v -0.361651 -1.128545 -0.054095
v -0.363641 -1.080188 -0.052322
v -0.371160 -1.037107 -0.045000
v -0.496292 -0.999603 -0.045801
v -0.453470 -0.994720 -0.051320
v -0.410648 -0.999603 -0.045801
v -0.403672 -1.172726 -0.078765
v -0.453470 -1.172775 -0.087302
v -0.503268 -1.172726 -0.078765
v -0.565727 -1.335729 -0.008965
v -0.573950 -1.335447 0.038952
v -0.565744 -1.335165 0.086869
v -0.501396 -1.334786 0.151215
v -0.453470 -1.334738 0.159430
v -0.405544 -1.334786 0.151215
v -0.341197 -1.335165 0.086869
v -0.332990 -1.335447 0.038952
v -0.341213 -1.335729 -0.008965
v -0.405560 -1.336108 -0.073310
v -0.453470 -1.336156 -0.081525
v -0.501380 -1.336108 -0.073310
v -0.362894 -1.204877 0.128614
v -0.363146 -1.235543 0.128513
v -0.363880 -1.275049 0.128045
v -0.363906 -1.276121 -0.051104
v -0.363172 -1.236626 -0.052106
v -0.362918 -1.205953 -0.052510
v -0.544022 -1.205953 -0.052510
v -0.543769 -1.236626 -0.052106
v -0.543034 -1.276121 -0.051104
v -0.543060 -1.275049 0.128045
v -0.543795 -1.235542 0.128513
v -0.544046 -1.204877 0.128614
v -0.544597 -1.717374 0.003415
v -0.551266 -1.717182 0.042311
v -0.544600 -1.716991 0.081206
v -0.492368 -1.716733 0.133438
v -0.453470 -1.716700 0.140106
v -0.414572 -1.716733 0.133438
v -0.362340 -1.716991 0.081206
v -0.355674 -1.717183 0.042311
v -0.362343 -1.717375 0.003415
v -0.414576 -1.717632 -0.048816
v -0.453470 -1.717665 -0.055484
v -0.492364 -1.717632 -0.048816
v -0.369486 -1.423118 -0.044287
v -0.374093 -1.526316 -0.038766
v -0.378706 -1.629731 -0.033231
v -0.528234 -1.629731 -0.033231
v -0.532847 -1.526316 -0.038766
v -0.537454 -1.423118 -0.044287
v -0.537474 -1.422158 0.123697
v -0.532862 -1.525448 0.120000
v -0.528244 -1.628955 0.116304
v -0.378696 -1.628955 0.116304
v -0.374078 -1.525448 0.120000
v -0.369466 -1.422158 0.123697
v -0.546490 -1.860100 0.003674
v -0.553296 -1.859917 0.043377
v -0.546490 -1.859734 0.083080
v -0.493173 -1.859488 0.136395
v -0.453470 -1.859456 0.143202
v -0.413767 -1.859488 0.136395
v -0.360451 -1.859734 0.083080
v -0.353644 -1.859917 0.043377
v -0.360451 -1.860100 0.003674
v -0.413767 -1.860346 -0.049642
v -0.453470 -1.860378 -0.056448
v -0.493173 -1.860346 -0.049642
v -0.384248 -1.777366 0.112046
v -0.384464 -1.815371 0.112127
v -0.383251 -1.839794 0.113497
v -0.383251 -1.840443 -0.026939
v -0.384464 -1.816014 -0.025883
v -0.384250 -1.778024 -0.026395
v -0.522690 -1.778024 -0.026395
v -0.522476 -1.816014 -0.025883
v -0.523689 -1.840443 -0.026939
v -0.523689 -1.839794 0.113497
v -0.522476 -1.815371 0.112127
v -0.522692 -1.777366 0.112046
v -0.563446 -1.990835 -0.002960
v -0.571493 -1.990619 0.043980
v -0.563446 -1.990402 0.090921
v -0.500411 -1.990111 0.153955
v -0.453470 -1.990074 0.162002
v -0.406529 -1.990111 0.153955
v -0.343494 -1.990402 0.090921
v -0.335447 -1.990619 0.043980
v -0.343494 -1.990835 -0.002960
v -0.406529 -1.991126 -0.065995
v -0.453470 -1.991163 -0.074042
v -0.500411 -1.991126 -0.065995
v -0.377622 -1.882414 0.119329
v -0.373987 -1.910901 0.123096
v -0.370484 -1.946389 0.126763
v -0.370484 -1.947155 -0.039207
v -0.373987 -1.911634 -0.035868
v -0.377622 -1.883114 -0.032365
v -0.529318 -1.883113 -0.032365
v -0.532953 -1.911634 -0.035868
v -0.536456 -1.947155 -0.039207
v -0.536456 -1.946389 0.126763
v -0.532953 -1.910901 0.123096
v -0.529318 -1.882413 0.119329
v -0.529928 -2.178378 0.005258
v -0.534817 -2.183166 0.044869
v -0.529928 -2.178012 0.084433
v -0.493058 -2.177842 0.121303
v -0.453470 -2.182790 0.126215
v -0.413882 -2.177842 0.121303
v -0.377012 -2.178012 0.084433
v -0.372123 -2.183166 0.044869
v -0.377012 -2.178378 0.005258
v -0.413882 -2.178548 -0.031611
v -0.453470 -2.183541 -0.036477
v -0.493058 -2.178548 -0.031611
v -0.366301 -2.042853 -0.042949
v -0.368705 -2.095500 -0.040302
v -0.376585 -2.140397 -0.032215
v -0.530355 -2.140397 -0.032215
v -0.538235 -2.095500 -0.040302
v -0.540639 -2.042853 -0.042949
v -0.540639 -2.042048 0.131388
v -0.538235 -2.094717 0.129227
v -0.530355 -2.139687 0.121554
v -0.376585 -2.139687 0.121554
v -0.368705 -2.094717 0.129227
v -0.366301 -2.042048 0.131388
v -0.558417 -1.034208 -0.008082
v -0.568704 -1.079244 -0.011583
v -0.571135 -1.128221 -0.012482
v -0.566152 -1.031602 0.037290
v -0.577218 -1.078254 0.037506
v -0.579761 -1.127849 0.037730
v -0.558424 -1.033730 0.082684
v -0.568713 -1.078712 0.086602
v -0.571148 -1.127658 0.087944
v -0.498857 -1.033419 0.142250
v -0.502568 -1.078356 0.152746
v -0.503690 -1.127281 0.155400
v -0.453470 -1.031014 0.149970
v -0.453470 -1.077586 0.161252
v -0.453470 -1.127142 0.164019
v -0.408083 -1.033419 0.142250
v -0.404372 -1.078356 0.152746
v -0.403250 -1.127281 0.155400
v -0.348516 -1.033730 0.082684
v -0.338227 -1.078712 0.086602
v -0.335793 -1.127658 0.087944
v -0.340788 -1.031602 0.037290
v -0.329722 -1.078254 0.037506
v -0.327179 -1.127849 0.037730
v -0.348523 -1.034208 -0.008082
v -0.338237 -1.079244 -0.011583
v -0.335805 -1.128221 -0.012482
v -0.408090 -1.034518 -0.067648
v -0.404381 -1.079600 -0.077727
v -0.403262 -1.128599 -0.079938
v -0.453470 -1.032191 -0.075391
v -0.453470 -1.078922 -0.086240
v -0.453470 -1.128557 -0.088559
v -0.498850 -1.034518 -0.067648
v -0.502559 -1.079600 -0.077727
v -0.503678 -1.128599 -0.079938
v -0.499511 -0.978031 0.083078
v -0.453470 -0.970937 0.085666
v -0.407429 -0.978031 0.083078
v -0.502131 -0.971182 0.037005
v -0.453470 -0.963452 0.036968
v -0.404809 -0.971182 0.037005
v -0.499509 -0.978497 -0.009001
v -0.453470 -0.971427 -0.011656
v -0.407431 -0.978497 -0.009001
v -0.337443 -1.205709 -0.011474
v -0.328945 -1.205415 0.038052
v -0.337427 -1.205121 0.087578
v -0.337767 -1.236380 -0.011185
v -0.329292 -1.236084 0.038203
v -0.337750 -1.235788 0.087591
v -0.338709 -1.275878 -0.010516
v -0.330302 -1.275585 0.038471
v -0.338691 -1.275292 0.087457
v -0.499397 -1.423252 -0.067910
v -0.453470 -1.423297 -0.075785
v -0.407543 -1.423253 -0.067910
v -0.496878 -1.526439 -0.061092
v -0.453470 -1.526479 -0.068534
v -0.410062 -1.526438 -0.061092
v -0.494356 -1.629840 -0.054260
v -0.453470 -1.629877 -0.061269
v -0.412584 -1.629840 -0.054260
v -0.569513 -1.205121 0.087578
v -0.577995 -1.205415 0.038052
v -0.569497 -1.205709 -0.011474
v -0.569191 -1.235788 0.087591
v -0.577648 -1.236084 0.038203
v -0.569173 -1.236380 -0.011185
v -0.568249 -1.275292 0.087457
v -0.576638 -1.275585 0.038471
v -0.568231 -1.275878 -0.010516
v -0.502989 -1.206104 -0.077980
v -0.453470 -1.206155 -0.086470
v -0.403951 -1.206104 -0.077980
v -0.502850 -1.236778 -0.077506
v -0.453470 -1.236829 -0.085972
v -0.404090 -1.236778 -0.077506
v -0.502448 -1.276271 -0.076297
v -0.453470 -1.276322 -0.084695
v -0.404492 -1.276271 -0.076297
v -0.403935 -1.204726 0.154085
v -0.453470 -1.204676 0.162575
v -0.503006 -1.204726 0.154085
v -0.404072 -1.235390 0.153912
v -0.453470 -1.235339 0.162379
v -0.502868 -1.235390 0.153912
v -0.404474 -1.274899 0.153238
v -0.453470 -1.274848 0.161636
v -0.502466 -1.274899 0.153238
v -0.364781 -1.777875 0.004971
v -0.358291 -1.777695 0.042825
v -0.364779 -1.777515 0.080680
v -0.365056 -1.815868 0.005385
v -0.358587 -1.815692 0.043122
v -0.365056 -1.815517 0.080859
v -0.363502 -1.840296 0.004879
v -0.356919 -1.840119 0.043279
v -0.363502 -1.839941 0.081680
v -0.407529 -1.422023 0.147320
v -0.453470 -1.421978 0.155194
v -0.499411 -1.422023 0.147320
v -0.410052 -1.525326 0.142326
v -0.453470 -1.525285 0.149768
v -0.496888 -1.525326 0.142326
v -0.412578 -1.628845 0.137333
v -0.453470 -1.628809 0.144342
v -0.494363 -1.628845 0.137333
v -0.345860 -1.422900 -0.006228
v -0.337978 -1.422638 0.039705
v -0.345846 -1.422376 0.085638
v -0.351764 -1.526120 -0.002795
v -0.344317 -1.525882 0.040617
v -0.351754 -1.525645 0.084029
v -0.357676 -1.629555 0.000648
v -0.350663 -1.629343 0.041537
v -0.357669 -1.629130 0.082425
v -0.561094 -1.422376 0.085638
v -0.568962 -1.422638 0.039705
v -0.561080 -1.422900 -0.006228
v -0.555186 -1.525645 0.084029
v -0.562623 -1.525882 0.040617
v -0.555176 -1.526120 -0.002795
v -0.549271 -1.629130 0.082425
v -0.556277 -1.629343 0.041537
v -0.549264 -1.629555 0.000648
v -0.356290 -1.882955 0.002004
v -0.349179 -1.882763 0.043482
v -0.356290 -1.882572 0.084961
v -0.351632 -1.911468 0.000147
v -0.344181 -1.911268 0.043614
v -0.351632 -1.911067 0.087081
v -0.347144 -1.946981 -0.001605
v -0.339364 -1.946772 0.043778
v -0.347144 -1.946562 0.089160
v -0.542161 -1.777515 0.080680
v -0.548649 -1.777694 0.042825
v -0.542159 -1.777875 0.004971
v -0.541884 -1.815517 0.080859
v -0.548353 -1.815692 0.043122
v -0.541884 -1.815868 0.005385
v -0.543438 -1.839941 0.081680
v -0.550021 -1.840119 0.043279
v -0.543438 -1.840296 0.004879
v -0.491325 -1.778116 -0.045863
v -0.453470 -1.778147 -0.052353
v -0.415615 -1.778116 -0.045863
v -0.491207 -1.816104 -0.045291
v -0.453470 -1.816134 -0.051760
v -0.415733 -1.816104 -0.045291
v -0.491871 -1.840534 -0.046688
v -0.453470 -1.840565 -0.053271
v -0.415069 -1.840534 -0.046688
v -0.415614 -1.777273 0.131514
v -0.453470 -1.777242 0.138004
v -0.491326 -1.777273 0.131514
v -0.415732 -1.815281 0.131535
v -0.453470 -1.815251 0.138004
v -0.491208 -1.815281 0.131535
v -0.415069 -1.839703 0.133246
v -0.453470 -1.839673 0.139829
v -0.491871 -1.839703 0.133246
v -0.501139 -2.043058 -0.067472
v -0.453470 -2.043187 -0.075648
v -0.405801 -2.043057 -0.067472
v -0.499812 -2.096343 -0.064194
v -0.453470 -2.097112 -0.072172
v -0.407128 -2.096343 -0.064194
v -0.495897 -2.143231 -0.053141
v -0.453470 -2.145660 -0.060217
v -0.411043 -2.143231 -0.053141
v -0.550650 -1.882572 0.084961
v -0.557761 -1.882763 0.043482
v -0.550650 -1.882955 0.002004
v -0.555308 -1.911067 0.087081
v -0.562759 -1.911268 0.043614
v -0.555308 -1.911468 0.000147
v -0.559796 -1.946562 0.089160
v -0.567576 -1.946772 0.043778
v -0.559796 -1.946981 -0.001605
v -0.494949 -1.883212 -0.053697
v -0.453470 -1.883245 -0.060807
v -0.411991 -1.883212 -0.053697
v -0.496937 -1.911737 -0.058223
v -0.453470 -1.911772 -0.065674
v -0.410003 -1.911738 -0.058223
v -0.498853 -1.947263 -0.062547
v -0.453470 -1.947298 -0.070327
v -0.408087 -1.947263 -0.062547
v -0.411991 -1.882315 0.140661
v -0.453470 -1.882282 0.147772
v -0.494949 -1.882315 0.140661
v -0.410003 -1.910798 0.145451
v -0.453470 -1.910763 0.152902
v -0.496937 -1.910798 0.145451
v -0.408087 -1.946281 0.150102
v -0.453470 -1.946245 0.157882
v -0.498853 -1.946281 0.150102
v -0.411279 -2.199173 0.087134
v -0.453470 -2.206331 0.089434
v -0.495661 -2.199173 0.087134
v -0.409012 -2.206537 0.044977
v -0.453470 -2.214362 0.045013
v -0.497928 -2.206537 0.044977
v -0.411279 -2.199563 0.002753
v -0.453470 -2.206742 0.000519
v -0.495661 -2.199563 0.002753
v -0.405801 -2.042027 0.155911
v -0.453470 -2.042080 0.164088
v -0.501139 -2.042027 0.155911
v -0.407128 -2.095339 0.153125
v -0.453470 -2.096035 0.161110
v -0.499812 -2.095339 0.153125
v -0.411043 -2.142328 0.142506
v -0.453470 -2.144691 0.149604
v -0.495897 -2.142328 0.142506
v -0.341777 -2.042762 -0.003449
v -0.333601 -2.042634 0.044220
v -0.341777 -2.042322 0.091888
v -0.344810 -2.096055 -0.001875
v -0.336827 -2.096574 0.044469
v -0.344810 -2.095627 0.090807
v -0.355645 -2.142976 0.002256
v -0.348558 -2.145175 0.044693
v -0.355645 -2.142584 0.087109
v -0.565163 -2.042322 0.091888
v -0.573339 -2.042634 0.044220
v -0.565163 -2.042762 -0.003449
v -0.562130 -2.095627 0.090807
v -0.570113 -2.096574 0.044469
v -0.562130 -2.096055 -0.001875
v -0.551295 -2.142584 0.087109
v -0.558382 -2.145175 0.044693
v -0.551295 -2.142976 0.002256
vn -0.9578 0.2293 -0.1735
vn -0.9840 0.0508 -0.1706
vn -0.9578 0.2309 0.1709
vn -0.9841 0.0524 0.1698
vn -0.7431 0.4770 -0.4694
vn -0.8225 0.2301 -0.5202
vn -0.8475 0.0530 -0.5282
vn -0.8493 -0.0260 -0.5272
vn -0.9853 -0.0244 -0.1690
vn -0.9853 -0.0229 0.1690
vn -0.8494 -0.0215 0.5274
vn -0.8475 0.0579 0.5276
vn -0.8226 0.2351 0.5177
vn -0.7432 0.4817 0.4644
vn -0.8270 0.5372 0.1654
vn -0.8270 0.5355 -0.1711
vn -0.1722 0.2347 0.9567
vn -0.1702 0.0561 0.9838
vn 0.1722 0.2347 0.9567
vn 0.1702 0.0561 0.9838
vn -0.4669 0.4830 0.7407
vn -0.5190 0.2365 0.8214
vn -0.5279 0.0593 0.8472
vn -0.5273 -0.0201 0.8495
vn -0.1690 -0.0195 0.9854
vn 0.1690 -0.0195 0.9854
vn 0.5273 -0.0201 0.8495
vn 0.5279 0.0593 0.8472
vn 0.5190 0.2365 0.8214
vn 0.4669 0.4830 0.7407
vn 0.1683 0.5405 0.8243
vn -0.1683 0.5405 0.8243
vn 0.9578 0.2309 0.1709
vn 0.9841 0.0524 0.1698
vn 0.9578 0.2293 -0.1735
vn 0.9840 0.0508 -0.1706
vn 0.7432 0.4817 0.4644
vn 0.8226 0.2351 0.5177
vn 0.8475 0.0579 0.5276
vn 0.8494 -0.0215 0.5274
vn 0.9853 -0.0229 0.1690
vn 0.9853 -0.0244 -0.1690
vn 0.8493 -0.0260 -0.5272
vn 0.8475 0.0530 -0.5282
vn 0.8225 0.2301 -0.5202
vn 0.7431 0.4770 -0.4694
vn 0.8270 0.5355 -0.1711
vn 0.8270 0.5372 0.1654
vn 0.1722 0.2255 -0.9589
vn 0.1702 0.0471 -0.9843
vn -0.1722 0.2255 -0.9589
vn -0.1702 0.0471 -0.9843
vn 0.4669 0.4756 -0.7455
vn 0.5189 0.2286 -0.8237
vn 0.5279 0.0516 -0.8477
vn 0.5273 -0.0274 -0.8492
vn 0.1690 -0.0279 -0.9852
vn -0.1690 -0.0279 -0.9852
vn -0.5273 -0.0274 -0.8492
vn -0.5279 0.0516 -0.8477
vn -0.5189 0.2286 -0.8237
vn -0.4669 0.4756 -0.7455
vn -0.1683 0.5323 -0.8297
vn 0.1683 0.5323 -0.8297
vn -0.1568 0.9759 0.1519
vn 0.1568 0.9759 0.1519
vn -0.1569 0.9743 -0.1618
vn 0.1569 0.9743 -0.1618
vn -0.4529 0.7702 0.4490
vn -0.1605 0.8557 0.4920
vn 0.1605 0.8557 0.4920
vn 0.4529 0.7702 0.4490
vn 0.4963 0.8540 0.1561
vn 0.4964 0.8523 -0.1648
vn 0.4529 0.7656 -0.4568
vn 0.1605 0.8506 -0.5007
vn -0.1605 0.8506 -0.5007
vn -0.4529 0.7656 -0.4568
vn -0.4964 0.8523 -0.1648
vn -0.4963 0.8540 0.1561
vn 0.9855 -0.0120 -0.1691
vn 0.9856 -0.0103 0.1689
vn 0.9853 -0.0263 -0.1689
vn 0.9853 -0.0241 0.1689
vn 0.8494 -0.0231 -0.5272
vn 0.9854 -0.0213 -0.1690
vn 0.9854 -0.0200 0.1689
vn 0.8495 -0.0188 0.5273
vn 0.8496 -0.0087 0.5273
vn 0.8494 -0.0220 0.5273
vn 0.8489 -0.0407 0.5270
vn 0.9847 -0.0429 0.1689
vn 0.9846 -0.0456 -0.1687
vn 0.8487 -0.0492 -0.5266
vn 0.8493 -0.0292 -0.5271
vn 0.8496 -0.0139 -0.5273
vn -0.1686 -0.0691 -0.9833
vn 0.1686 -0.0691 -0.9833
vn -0.5265 -0.0645 -0.8478
vn -0.1687 -0.0648 -0.9835
vn 0.1687 -0.0648 -0.9835
vn 0.5265 -0.0645 -0.8478
vn 0.5263 -0.0688 -0.8475
vn 0.5264 -0.0645 -0.8478
vn -0.5264 -0.0645 -0.8478
vn -0.5263 -0.0688 -0.8475
vn -0.9856 -0.0103 0.1689
vn -0.9855 -0.0120 -0.1691
vn -0.9853 -0.0241 0.1689
vn -0.9853 -0.0263 -0.1689
vn -0.8495 -0.0188 0.5273
vn -0.9854 -0.0200 0.1689
vn -0.9854 -0.0213 -0.1690
vn -0.8494 -0.0231 -0.5272
vn -0.8496 -0.0139 -0.5273
vn -0.8493 -0.0292 -0.5271
vn -0.8487 -0.0492 -0.5266
vn -0.9846 -0.0456 -0.1687
vn -0.9847 -0.0429 0.1689
vn -0.8489 -0.0407 0.5270
vn -0.8494 -0.0220 0.5273
vn -0.8496 -0.0087 0.5273
vn -0.1690 -0.0160 -0.9855
vn 0.1690 -0.0160 -0.9855
vn -0.1689 -0.0319 -0.9851
vn 0.1689 -0.0319 -0.9851
vn -0.5273 -0.0244 -0.8493
vn -0.1690 -0.0246 -0.9853
vn 0.1690 -0.0246 -0.9853
vn 0.5273 -0.0244 -0.8493
vn 0.5274 -0.0155 -0.8495
vn 0.5272 -0.0314 -0.8492
vn 0.5268 -0.0518 -0.8484
vn 0.1688 -0.0521 -0.9843
vn -0.1688 -0.0521 -0.9843
vn -0.5268 -0.0518 -0.8484
vn -0.5272 -0.0314 -0.8492
vn -0.5274 -0.0155 -0.8495
vn 0.1689 -0.0063 0.9856
vn -0.1689 -0.0063 0.9856
vn 0.1689 -0.0185 0.9855
vn -0.1689 -0.0185 0.9855
vn 0.5272 -0.0176 0.8496
vn 0.1689 -0.0167 0.9855
vn -0.1689 -0.0167 0.9855
vn -0.5272 -0.0176 0.8496
vn -0.5273 -0.0071 0.8497
vn -0.5272 -0.0199 0.8495
vn -0.5268 -0.0381 0.8491
vn -0.1688 -0.0363 0.9850
vn 0.1688 -0.0363 0.9850
vn 0.5268 -0.0381 0.8491
vn 0.5272 -0.0199 0.8495
vn 0.5273 -0.0071 0.8497
vn 0.9856 -0.0090 -0.1689
vn 0.9856 -0.0064 0.1690
vn 0.9834 0.0661 -0.1689
vn 0.9834 0.0682 0.1683
vn 0.8488 -0.0477 -0.5266
vn 0.9847 -0.0440 -0.1686
vn 0.9848 -0.0412 0.1690
vn 0.8489 -0.0388 0.5271
vn 0.8496 -0.0037 0.5274
vn 0.8476 0.0716 0.5258
vn 0.8382 0.1660 0.5195
vn 0.9728 0.1617 0.1660
vn 0.9728 0.1601 -0.1675
vn 0.8382 0.1609 -0.5210
vn 0.8477 0.0648 -0.5265
vn 0.8496 -0.0119 -0.5273
vn 0.1687 -0.0517 0.9843
vn -0.1687 -0.0517 0.9843
vn 0.1687 -0.0516 0.9843
vn -0.1687 -0.0516 0.9843
vn 0.5265 -0.0499 0.8487
vn 0.1687 -0.0478 0.9845
vn -0.1687 -0.0478 0.9845
vn -0.5265 -0.0499 0.8487
vn -0.5264 -0.0539 0.8485
vn -0.5264 -0.0538 0.8485
vn -0.5266 -0.0496 0.8487
vn -0.1687 -0.0475 0.9845
vn 0.1687 -0.0475 0.9845
vn 0.5266 -0.0496 0.8487
vn 0.5264 -0.0538 0.8485
vn 0.5264 -0.0539 0.8485
vn 0.9838 -0.0619 -0.1684
vn 0.9839 -0.0589 0.1689
vn 0.9838 -0.0618 -0.1684
vn 0.8481 -0.0617 -0.5262
vn 0.9840 -0.0577 -0.1685
vn 0.9841 -0.0548 0.1689
vn 0.8484 -0.0527 0.5268
vn 0.8482 -0.0567 0.5267
vn 0.8482 -0.0566 0.5267
vn 0.8484 -0.0524 0.5268
vn 0.9841 -0.0547 0.1689
vn 0.9840 -0.0576 -0.1685
vn 0.8479 -0.0660 -0.5260
vn -0.9839 -0.0589 0.1689
vn -0.9838 -0.0619 -0.1684
vn -0.9838 -0.0618 -0.1684
vn -0.8484 -0.0527 0.5268
vn -0.9841 -0.0548 0.1689
vn -0.9840 -0.0577 -0.1685
vn -0.8481 -0.0617 -0.5262
vn -0.8479 -0.0660 -0.5260
vn -0.9840 -0.0576 -0.1685
vn -0.9841 -0.0547 0.1689
vn -0.8484 -0.0524 0.5268
vn -0.8482 -0.0566 0.5267
vn -0.8482 -0.0567 0.5267
vn 0.9712 0.1695 -0.1673
vn 0.9712 0.1711 0.1657
vn 0.9769 0.1317 -0.1681
vn 0.9769 0.1333 0.1669
vn 0.8338 0.1897 -0.5184
vn 0.9678 0.1884 -0.1668
vn 0.9678 0.1899 0.1650
vn 0.8338 0.1945 0.5167
vn 0.8368 0.1754 0.5186
vn 0.8419 0.1370 0.5219
vn 0.8463 0.0915 0.5248
vn 0.9818 0.0885 0.1679
vn 0.9818 0.0869 -0.1687
vn 0.8463 0.0867 -0.5257
vn 0.8419 0.1322 -0.5232
vn 0.8368 0.1706 -0.5202
vn -0.9856 -0.0064 0.1690
vn -0.9856 -0.0090 -0.1689
vn -0.9834 0.0682 0.1683
vn -0.9834 0.0661 -0.1689
vn -0.8489 -0.0388 0.5271
vn -0.9848 -0.0412 0.1690
vn -0.9847 -0.0440 -0.1686
vn -0.8488 -0.0477 -0.5266
vn -0.8496 -0.0119 -0.5273
vn -0.8477 0.0648 -0.5265
vn -0.8382 0.1609 -0.5210
vn -0.9728 0.1601 -0.1675
vn -0.9728 0.1617 0.1660
vn -0.8382 0.1660 0.5195
vn -0.8476 0.0716 0.5258
vn -0.8496 -0.0037 0.5274
vn -0.1690 -0.0154 -0.9855
vn 0.1690 -0.0154 -0.9855
vn -0.1686 0.0608 -0.9838
vn 0.1686 0.0608 -0.9838
vn -0.5268 -0.0505 -0.8485
vn -0.1688 -0.0510 -0.9843
vn 0.1688 -0.0510 -0.9843
vn 0.5268 -0.0505 -0.8485
vn 0.5273 -0.0144 -0.8495
vn 0.5262 0.0628 -0.8480
vn 0.5203 0.1593 -0.8390
vn 0.1668 0.1561 -0.9736
vn -0.1668 0.1561 -0.9736
vn -0.5203 0.1593 -0.8390
vn -0.5262 0.0628 -0.8480
vn -0.5273 -0.0144 -0.8495
vn 0.1690 -0.0000 0.9856
vn -0.1690 -0.0000 0.9856
vn 0.1686 0.0735 0.9830
vn -0.1686 0.0735 0.9830
vn 0.5269 -0.0360 0.8491
vn 0.1688 -0.0342 0.9851
vn -0.1688 -0.0342 0.9851
vn -0.5269 -0.0360 0.8491
vn -0.5274 -0.0012 0.8496
vn -0.5261 0.0737 0.8472
vn -0.5203 0.1675 0.8374
vn -0.1668 0.1657 0.9720
vn 0.1668 0.1657 0.9720
vn 0.5203 0.1675 0.8374
vn 0.5261 0.0737 0.8472
vn 0.5274 -0.0012 0.8496
vn -0.1696 -0.0641 -0.9834
vn 0.1696 -0.0641 -0.9834
vn -0.1707 -0.2375 -0.9563
vn 0.1707 -0.2375 -0.9563
vn -0.5270 0.0315 -0.8493
vn -0.1689 0.0304 -0.9852
vn 0.1689 0.0304 -0.9852
vn 0.5270 0.0315 -0.8493
vn 0.5272 -0.0660 -0.8472
vn 0.5175 -0.2379 -0.8220
vn 0.4691 -0.4704 -0.7475
vn 0.1690 -0.5232 -0.8353
vn -0.1690 -0.5232 -0.8353
vn -0.4691 -0.4704 -0.7475
vn -0.5175 -0.2379 -0.8220
vn -0.5272 -0.0660 -0.8472
vn -0.9712 0.1711 0.1657
vn -0.9712 0.1695 -0.1673
vn -0.9769 0.1333 0.1669
vn -0.9769 0.1317 -0.1681
vn -0.8338 0.1945 0.5167
vn -0.9678 0.1899 0.1650
vn -0.9678 0.1884 -0.1668
vn -0.8338 0.1897 -0.5184
vn -0.8368 0.1706 -0.5202
vn -0.8419 0.1322 -0.5232
vn -0.8463 0.0867 -0.5257
vn -0.9818 0.0869 -0.1687
vn -0.9818 0.0885 0.1679
vn -0.8463 0.0915 0.5248
vn -0.8419 0.1370 0.5219
vn -0.8368 0.1754 0.5186
vn -0.1665 0.1658 -0.9720
vn 0.1665 0.1658 -0.9720
vn -0.1675 0.1280 -0.9775
vn 0.1675 0.1280 -0.9775
vn -0.5175 0.1882 -0.8347
vn -0.1659 0.1847 -0.9687
vn 0.1659 0.1847 -0.9687
vn 0.5175 0.1882 -0.8347
vn 0.5194 0.1691 -0.8376
vn 0.5226 0.1307 -0.8425
vn 0.5253 0.0852 -0.8467
vn 0.1683 0.0832 -0.9822
vn -0.1683 0.0832 -0.9822
vn -0.5253 0.0852 -0.8467
vn -0.5226 0.1307 -0.8425
vn -0.5194 0.1691 -0.8376
vn 0.1665 0.1748 0.9704
vn -0.1665 0.1748 0.9704
vn 0.1675 0.1370 0.9763
vn -0.1675 0.1370 0.9763
vn 0.5175 0.1959 0.8329
vn 0.1659 0.1936 0.9669
vn -0.1659 0.1936 0.9669
vn -0.5175 0.1959 0.8329
vn -0.5194 0.1768 0.8360
vn -0.5226 0.1385 0.8413
vn -0.5253 0.0930 0.8458
vn -0.1683 0.0923 0.9814
vn 0.1683 0.0923 0.9814
vn 0.5253 0.0930 0.8458
vn 0.5226 0.1385 0.8413
vn 0.5194 0.1768 0.8360
vn 0.1723 -0.9690 0.1768
vn -0.1723 -0.9690 0.1768
vn 0.1723 -0.9706 -0.1679
vn -0.1723 -0.9706 -0.1679
vn 0.4717 -0.7428 0.4751
vn 0.1697 -0.8301 0.5312
vn -0.1697 -0.8301 0.5312
vn -0.4717 -0.7428 0.4751
vn -0.5274 -0.8317 0.1736
vn -0.5274 -0.8333 -0.1659
vn -0.4717 -0.7472 -0.4683
vn -0.1697 -0.8349 -0.5235
vn 0.1697 -0.8349 -0.5235
vn 0.4717 -0.7472 -0.4683
vn 0.5274 -0.8333 -0.1659
vn 0.5274 -0.8317 0.1736
vn 0.1696 -0.0550 0.9840
vn -0.1696 -0.0550 0.9840
vn 0.1707 -0.2287 0.9584
vn -0.1707 -0.2287 0.9584
vn 0.5270 0.0394 0.8489
vn 0.1689 0.0395 0.9848
vn -0.1689 0.0395 0.9848
vn -0.5270 0.0394 0.8489
vn -0.5272 -0.0581 0.8477
vn -0.5175 -0.2303 0.8241
vn -0.4691 -0.4635 0.7518
vn -0.1690 -0.5154 0.8401
vn 0.1690 -0.5154 0.8401
vn 0.4691 -0.4635 0.7518
vn 0.5175 -0.2303 0.8241
vn 0.5272 -0.0581 0.8477
vn 0.9837 -0.0603 -0.1693
vn 0.9837 -0.0587 0.1699
vn 0.9573 -0.2339 -0.1697
vn 0.9573 -0.2323 0.1718
vn 0.8491 0.0330 -0.5272
vn 0.9850 0.0342 -0.1690
vn 0.9850 0.0357 0.1687
vn 0.8491 0.0379 0.5269
vn 0.8475 -0.0596 0.5275
vn 0.8231 -0.2317 0.5185
vn 0.7496 -0.4648 0.4712
vn 0.8377 -0.5185 0.1714
vn 0.8377 -0.5201 -0.1666
vn 0.7496 -0.4691 -0.4669
vn 0.8231 -0.2365 -0.5164
vn 0.8475 -0.0645 -0.5269
vn -0.9837 -0.0587 0.1699
vn -0.9837 -0.0603 -0.1693
vn -0.9573 -0.2323 0.1718
vn -0.9573 -0.2339 -0.1697
vn -0.8491 0.0379 0.5269
vn -0.9850 0.0357 0.1687
vn -0.9850 0.0342 -0.1690
vn -0.8491 0.0330 -0.5272
vn -0.8475 -0.0645 -0.5269
vn -0.8231 -0.2365 -0.5164
vn -0.7496 -0.4691 -0.4669
vn -0.8377 -0.5201 -0.1666
vn -0.8377 -0.5185 0.1714
vn -0.7496 -0.4648 0.4712
vn -0.8231 -0.2317 0.5185
vn -0.8475 -0.0596 0.5275
vt 0.437188 0.062500
vt 0.497504 0.062500
vt 0.495660 0.125000
vt 0.436957 0.125000
vt 0.553155 0.062500
vt 0.547418 0.125000
vt 0.494900 0.187500
vt 0.436863 0.187500
vt 0.545234 0.187500
vt 0.375000 0.000000
vt 0.437500 0.000000
vt 0.375000 0.062500
vt 0.500000 0.000000
vt 0.562500 0.000000
vt 0.625000 0.000000
vt 0.595920 0.062500
vt 0.586806 0.125000
vt 0.583767 0.187500
vt 0.583333 0.250000
vt 0.544922 0.250000
vt 0.494792 0.250000
vt 0.436849 0.250000
vt 0.375000 0.187500
vt 0.375000 0.250000
vt 0.375000 0.125000
vt 0.436849 0.312500
vt 0.494792 0.312500
vt 0.494792 0.375000
vt 0.436849 0.375000
vt 0.544922 0.312500
vt 0.544922 0.375000
vt 0.494792 0.437500
vt 0.436849 0.437500
vt 0.544922 0.437500
vt 0.375000 0.312500
vt 0.583333 0.312500
vt 0.583333 0.375000
vt 0.583333 0.437500
vt 0.583333 0.500000
vt 0.544922 0.500000
vt 0.494792 0.500000
vt 0.436849 0.500000
vt 0.375000 0.437500
vt 0.375000 0.500000
vt 0.375000 0.375000
vt 0.436849 0.562500
vt 0.494792 0.562500
vt 0.494792 0.625000
vt 0.436849 0.625000
vt 0.544922 0.562500
vt 0.544922 0.625000
vt 0.494792 0.687500
vt 0.436849 0.687500
vt 0.544922 0.687500
vt 0.375000 0.562500
vt 0.583333 0.562500
vt 0.583333 0.625000
vt 0.583333 0.687500
vt 0.583333 0.750000
vt 0.544922 0.750000
vt 0.494792 0.750000
vt 0.436849 0.750000
vt 0.375000 0.687500
vt 0.375000 0.750000
vt 0.375000 0.625000
vt 0.436863 0.812500
vt 0.494900 0.812500
vt 0.495660 0.875000
vt 0.436957 0.875000
vt 0.545234 0.812500
vt 0.547418 0.875000
vt 0.497504 0.937500
vt 0.437188 0.937500
vt 0.553155 0.937500
vt 0.375000 0.812500
vt 0.583767 0.812500
vt 0.586806 0.875000
vt 0.595920 0.937500
vt 0.625000 1.000000
vt 0.562500 1.000000
vt 0.500000 1.000000
vt 0.437500 1.000000
vt 0.375000 0.937500
vt 0.375000 1.000000
vt 0.375000 0.875000
vt 0.187500 0.562500
vt 0.250000 0.562500
vt 0.250000 0.625000
vt 0.187500 0.625000
vt 0.312500 0.562500
vt 0.312500 0.625000
vt 0.250000 0.687500
vt 0.187500 0.687500
vt 0.312500 0.687500
vt 0.125000 0.500000
vt 0.187500 0.500000
vt 0.125000 0.562500
vt 0.250000 0.500000
vt 0.312500 0.500000
vt 0.312500 0.750000
vt 0.250000 0.750000
vt 0.187500 0.750000
vt 0.125000 0.687500
vt 0.125000 0.750000
vt 0.125000 0.625000
vt 0.607422 0.687500
vt 0.607422 0.625000
vt 0.619792 0.625000
vt 0.619792 0.687500
vt 0.607422 0.562500
vt 0.619792 0.562500
vt 0.624349 0.625000
vt 0.624349 0.687500
vt 0.624349 0.562500
vt 0.583333 0.750000
vt 0.583333 0.687500
vt 0.607422 0.750000
vt 0.583333 0.625000
vt 0.583333 0.562500
vt 0.583333 0.500000
vt 0.607422 0.500000
vt 0.619792 0.500000
vt 0.624349 0.500000
vt 0.625000 0.500000
vt 0.625000 0.562500
vt 0.625000 0.625000
vt 0.625000 0.687500
vt 0.624349 0.750000
vt 0.625000 0.750000
vt 0.619792 0.750000
vt 0.625000 0.937500
vt 0.625000 0.875000
vt 0.625000 0.875000
vt 0.625000 0.812500
vt 0.625000 0.812500
vt 0.625000 1.000000
vt 0.625000 0.750000
vt 0.625000 0.750000
vt 0.607734 0.187500
vt 0.609918 0.125000
vt 0.620660 0.125000
vt 0.619900 0.187500
vt 0.615655 0.062500
vt 0.622504 0.062500
vt 0.624458 0.125000
vt 0.624363 0.187500
vt 0.624688 0.062500
vt 0.583767 0.187500
vt 0.607422 0.250000
vt 0.586806 0.125000
vt 0.625000 0.000000
vt 0.625000 0.062500
vt 0.625000 0.125000
vt 0.625000 0.187500
vt 0.624349 0.250000
vt 0.625000 0.250000
vt 0.619792 0.250000
vt 0.615655 0.937500
vt 0.609918 0.875000
vt 0.620660 0.875000
vt 0.622504 0.937500
vt 0.607734 0.812500
vt 0.619900 0.812500
vt 0.624457 0.875000
vt 0.624688 0.937500
vt 0.624363 0.812500
vt 0.586806 0.875000
vt 0.583767 0.812500
vt 0.583333 0.750000
vt 0.607422 0.750000
vt 0.619792 0.750000
vt 0.624349 0.750000
vt 0.607422 0.437500
vt 0.607422 0.375000
vt 0.619792 0.375000
vt 0.619792 0.437500
vt 0.607422 0.312500
vt 0.619792 0.312500
vt 0.624349 0.375000
vt 0.624349 0.437500
vt 0.624349 0.312500
vt 0.583333 0.437500
vt 0.583333 0.375000
vt 0.583333 0.312500
vt 0.607422 0.250000
vt 0.619792 0.250000
vt 0.624349 0.250000
vt 0.625000 0.312500
vt 0.625000 0.375000
vt 0.625000 0.437500
vt 0.625000 0.687500
vt 0.625000 0.625000
vt 0.625000 0.625000
vt 0.625000 0.687500
vt 0.625000 0.562500
vt 0.625000 0.562500
vt 0.625000 0.687500
vt 0.625000 0.562500
vt 0.625000 0.750000
vt 0.625000 0.500000
vt 0.625000 0.500000
vt 0.625000 0.500000
vt 0.625000 0.437500
vt 0.625000 0.375000
vt 0.625000 0.375000
vt 0.625000 0.437500
vt 0.625000 0.312500
vt 0.625000 0.312500
vt 0.625000 0.375000
vt 0.625000 0.437500
vt 0.625000 0.250000
vt 0.625000 0.250000
vt 0.625000 0.187500
vt 0.625014 0.812500
vt 0.625109 0.812500
vt 0.625231 0.812500
vt 0.625109 0.750000
vt 0.625868 0.750000
vt 0.627604 0.750000
vt 0.625000 0.812500
vt 0.625000 0.937500
vt 0.696533 0.562500
vt 0.752387 0.562500
vt 0.753472 0.625000
vt 0.700087 0.625000
vt 0.812798 0.562500
vt 0.812934 0.625000
vt 0.752387 0.687500
vt 0.696533 0.687500
vt 0.812798 0.687500
vt 0.625000 0.500000
vt 0.687500 0.500000
vt 0.653700 0.562500
vt 0.750000 0.500000
vt 0.812500 0.500000
vt 0.875000 0.500000
vt 0.875000 0.562500
vt 0.875000 0.625000
vt 0.875000 0.687500
vt 0.875000 0.750000
vt 0.812500 0.750000
vt 0.750000 0.750000
vt 0.687500 0.750000
vt 0.653700 0.687500
vt 0.659722 0.625000
vt 0.625014 0.437500
vt 0.625000 0.375000
vt 0.625109 0.437500
vt 0.625000 0.312500
vt 0.625231 0.437500
vt 0.625000 0.312500
vt 0.625109 0.500000
vt 0.625000 0.375000
vt 0.625000 0.250000
vt 0.625000 0.250000
vt 0.625000 0.437500
vt 0.627604 0.500000
vt 0.625868 0.500000
vt 0.625312 0.687500
vt 0.625434 0.625000
vt 0.628472 0.625000
vt 0.627496 0.687500
vt 0.625312 0.562500
vt 0.627496 0.562500
vt 0.637587 0.625000
vt 0.634264 0.687500
vt 0.634264 0.562500
vt 0.625000 0.687500
vt 0.653700 0.562500
vt 0.659722 0.625000
vt 0.653700 0.687500
vt 0.625000 0.187500
vt 0.625000 0.187500
s 0
f 1507/1341/1301 1508/1342/1301 1511/1343/1301 1510/1344/1301
f 1508/1342/1302 1509/1345/1302 1512/1346/1302 1511/1343/1302
f 1510/1344/1303 1511/1343/1303 1514/1347/1303 1513/1348/1303
f 1511/1343/1304 1512/1346/1304 1515/1349/1304 1514/1347/1304
f 1323/1350/1305 1354/1351/1305 1507/1341/1305 1353/1352/1305
f 1354/1351/1306 1355/1353/1306 1508/1342/1306 1507/1341/1306
f 1355/1353/1307 1356/1354/1307 1509/1345/1307 1508/1342/1307
f 1356/1354/1308 1324/1355/1308 1357/1356/1308 1509/1345/1308
f 1509/1345/1309 1357/1356/1309 1358/1357/1309 1512/1346/1309
f 1512/1346/1310 1358/1357/1310 1359/1358/1310 1515/1349/1310
f 1515/1349/1311 1359/1358/1311 1326/1359/1311 1360/1360/1311
f 1514/1347/1312 1515/1349/1312 1360/1360/1312 1361/1361/1312
f 1513/1348/1313 1514/1347/1313 1361/1361/1313 1362/1362/1313
f 1351/1363/1314 1513/1348/1314 1362/1362/1314 1325/1364/1314
f 1352/1365/1315 1510/1344/1315 1513/1348/1315 1351/1363/1315
f 1353/1352/1316 1507/1341/1316 1510/1344/1316 1352/1365/1316
f 1516/1366/1317 1517/1367/1317 1520/1368/1317 1519/1369/1317
f 1517/1367/1318 1518/1370/1318 1521/1371/1318 1520/1368/1318
f 1519/1369/1319 1520/1368/1319 1523/1372/1319 1522/1373/1319
f 1520/1368/1320 1521/1371/1320 1524/1374/1320 1523/1372/1320
f 1325/1364/1321 1362/1362/1321 1516/1366/1321 1365/1375/1321
f 1362/1362/1322 1361/1361/1322 1517/1367/1322 1516/1366/1322
f 1361/1361/1323 1360/1360/1323 1518/1370/1323 1517/1367/1323
f 1360/1360/1324 1326/1359/1324 1366/1376/1324 1518/1370/1324
f 1518/1370/1325 1366/1376/1325 1367/1377/1325 1521/1371/1325
f 1521/1371/1326 1367/1377/1326 1368/1378/1326 1524/1374/1326
f 1524/1374/1327 1368/1378/1327 1330/1379/1327 1369/1380/1327
f 1523/1372/1328 1524/1374/1328 1369/1380/1328 1370/1381/1328
f 1522/1373/1329 1523/1372/1329 1370/1381/1329 1371/1382/1329
f 1363/1383/1330 1522/1373/1330 1371/1382/1330 1329/1384/1330
f 1364/1385/1331 1519/1369/1331 1522/1373/1331 1363/1383/1331
f 1365/1375/1332 1516/1366/1332 1519/1369/1332 1364/1385/1332
f 1525/1386/1333 1526/1387/1333 1529/1388/1333 1528/1389/1333
f 1526/1387/1334 1527/1390/1334 1530/1391/1334 1529/1388/1334
f 1528/1389/1335 1529/1388/1335 1532/1392/1335 1531/1393/1335
f 1529/1388/1336 1530/1391/1336 1533/1394/1336 1532/1392/1336
f 1329/1384/1337 1371/1382/1337 1525/1386/1337 1374/1395/1337
f 1371/1382/1338 1370/1381/1338 1526/1387/1338 1525/1386/1338
f 1370/1381/1339 1369/1380/1339 1527/1390/1339 1526/1387/1339
f 1369/1380/1340 1330/1379/1340 1375/1396/1340 1527/1390/1340
f 1527/1390/1341 1375/1396/1341 1376/1397/1341 1530/1391/1341
f 1530/1391/1342 1376/1397/1342 1377/1398/1342 1533/1394/1342
f 1533/1394/1343 1377/1398/1343 1328/1399/1343 1378/1400/1343
f 1532/1392/1344 1533/1394/1344 1378/1400/1344 1379/1401/1344
f 1531/1393/1345 1532/1392/1345 1379/1401/1345 1380/1402/1345
f 1372/1403/1346 1531/1393/1346 1380/1402/1346 1327/1404/1346
f 1373/1405/1347 1528/1389/1347 1531/1393/1347 1372/1403/1347
f 1374/1395/1348 1525/1386/1348 1528/1389/1348 1373/1405/1348
f 1534/1406/1349 1535/1407/1349 1538/1408/1349 1537/1409/1349
f 1535/1407/1350 1536/1410/1350 1539/1411/1350 1538/1408/1350
f 1537/1409/1351 1538/1408/1351 1541/1412/1351 1540/1413/1351
f 1538/1408/1352 1539/1411/1352 1542/1414/1352 1541/1412/1352
f 1327/1404/1353 1380/1402/1353 1534/1406/1353 1383/1415/1353
f 1380/1402/1354 1379/1401/1354 1535/1407/1354 1534/1406/1354
f 1379/1401/1355 1378/1400/1355 1536/1410/1355 1535/1407/1355
f 1378/1400/1356 1328/1399/1356 1384/1416/1356 1536/1410/1356
f 1536/1410/1357 1384/1416/1357 1385/1417/1357 1539/1411/1357
f 1539/1411/1358 1385/1417/1358 1386/1418/1358 1542/1414/1358
f 1542/1414/1359 1386/1418/1359 1324/1419/1359 1356/1420/1359
f 1541/1412/1360 1542/1414/1360 1356/1420/1360 1355/1421/1360
f 1540/1413/1361 1541/1412/1361 1355/1421/1361 1354/1422/1361
f 1381/1423/1362 1540/1413/1362 1354/1422/1362 1323/1424/1362
f 1382/1425/1363 1537/1409/1363 1540/1413/1363 1381/1423/1363
f 1383/1415/1364 1534/1406/1364 1537/1409/1364 1382/1425/1364
f 1543/1426/1365 1544/1427/1365 1547/1428/1365 1546/1429/1365
f 1544/1427/1366 1545/1430/1366 1548/1431/1366 1547/1428/1366
f 1546/1429/1367 1547/1428/1367 1550/1432/1367 1549/1433/1367
f 1547/1428/1368 1548/1431/1368 1551/1434/1368 1550/1432/1368
f 1325/1435/1369 1365/1436/1369 1543/1426/1369 1351/1437/1369
f 1365/1436/1370 1364/1438/1370 1544/1427/1370 1543/1426/1370
f 1364/1438/1371 1363/1439/1371 1545/1430/1371 1544/1427/1371
f 1363/1439/1372 1329/1384/1372 1374/1395/1372 1545/1430/1372
f 1545/1430/1373 1374/1395/1373 1373/1405/1373 1548/1431/1373
f 1548/1431/1374 1373/1405/1374 1372/1403/1374 1551/1434/1374
f 1551/1434/1375 1372/1403/1375 1327/1404/1375 1383/1440/1375
f 1550/1432/1376 1551/1434/1376 1383/1440/1376 1382/1441/1376
f 1549/1433/1377 1550/1432/1377 1382/1441/1377 1381/1442/1377
f 1353/1443/1378 1549/1433/1378 1381/1442/1378 1323/1444/1378
f 1352/1445/1379 1546/1429/1379 1549/1433/1379 1353/1443/1379
f 1351/1437/1380 1543/1426/1380 1546/1429/1380 1352/1445/1380
f 1552/1446/1381 1553/1447/1381 1556/1448/1381 1555/1449/1381
f 1553/1447/1382 1554/1450/1382 1557/1451/1382 1556/1448/1382
f 1555/1449/1383 1556/1448/1383 1559/1452/1383 1558/1453/1383
f 1556/1448/1384 1557/1451/1384 1560/1454/1384 1559/1452/1384
f 1328/1455/1385 1377/1456/1385 1552/1446/1385 1404/1457/1385
f 1377/1456/1386 1376/1458/1386 1553/1447/1386 1552/1446/1386
f 1376/1458/1387 1375/1459/1387 1554/1450/1387 1553/1447/1387
f 1375/1459/1388 1330/1460/1388 1399/1461/1388 1554/1450/1388
f 1554/1450/1389 1399/1461/1389 1400/1462/1389 1557/1451/1389
f 1557/1451/1390 1400/1462/1390 1401/1463/1390 1560/1454/1390
f 1560/1454/1391 1401/1463/1391 1333/1464/1391 1393/1465/1391
f 1559/1452/1392 1560/1454/1392 1393/1465/1392 1394/1466/1392
f 1558/1453/1393 1559/1452/1393 1394/1466/1393 1395/1467/1393
f 1402/1468/1394 1558/1453/1394 1395/1467/1394 1334/1469/1394
f 1403/1470/1395 1555/1449/1395 1558/1453/1395 1402/1468/1395
f 1404/1457/1396 1552/1446/1396 1555/1449/1396 1403/1470/1396
f 1561/1471/1397 1562/1472/1397 1565/1473/1397 1564/1471/1397
f 1562/1472/1398 1563/1474/1398 1566/1475/1398 1565/1473/1398
f 1564/1471/1397 1565/1473/1397 1568/1472/1397 1567/1471/1397
f 1565/1473/1398 1566/1475/1398 1569/1474/1398 1568/1472/1398
f 1331/1419/1399 1398/1471/1399 1561/1471/1399 1428/1476/1399
f 1398/1471/1400 1397/1473/1400 1562/1472/1400 1561/1471/1400
f 1397/1473/1401 1396/1475/1401 1563/1474/1401 1562/1472/1401
f 1396/1475/1402 1334/1477/1402 1423/1478/1402 1563/1474/1402
f 1563/1474/1403 1423/1478/1403 1424/1477/1403 1566/1475/1403
f 1566/1475/1403 1424/1477/1403 1425/1478/1403 1569/1474/1403
f 1569/1474/1404 1425/1478/1404 1338/1477/1404 1420/1475/1404
f 1568/1472/1401 1569/1474/1401 1420/1475/1401 1421/1473/1401
f 1567/1471/1400 1568/1472/1400 1421/1473/1400 1422/1471/1400
f 1426/1476/1405 1567/1471/1405 1422/1471/1405 1335/1419/1405
f 1427/1476/1406 1564/1471/1406 1567/1471/1406 1426/1476/1406
f 1428/1476/1406 1561/1471/1406 1564/1471/1406 1427/1476/1406
f 1570/1479/1407 1571/1480/1407 1574/1481/1407 1573/1482/1407
f 1571/1480/1408 1572/1483/1408 1575/1484/1408 1574/1481/1408
f 1573/1482/1409 1574/1481/1409 1577/1485/1409 1576/1486/1409
f 1574/1481/1410 1575/1484/1410 1578/1487/1410 1577/1485/1410
f 1326/1359/1411 1359/1488/1411 1570/1479/1411 1410/1489/1411
f 1359/1488/1412 1358/1490/1412 1571/1480/1412 1570/1479/1412
f 1358/1490/1413 1357/1356/1413 1572/1483/1413 1571/1480/1413
f 1357/1356/1414 1324/1355/1414 1405/1491/1414 1572/1483/1414
f 1572/1483/1415 1405/1491/1415 1406/1491/1415 1575/1484/1415
f 1575/1484/1416 1406/1491/1416 1407/1491/1416 1578/1487/1416
f 1578/1487/1417 1407/1491/1417 1331/1355/1417 1387/1492/1417
f 1577/1485/1418 1578/1487/1418 1387/1492/1418 1388/1493/1418
f 1576/1486/1419 1577/1485/1419 1388/1493/1419 1389/1494/1419
f 1408/1495/1420 1576/1486/1420 1389/1494/1420 1332/1496/1420
f 1409/1497/1421 1573/1482/1421 1576/1486/1421 1408/1495/1421
f 1410/1489/1422 1570/1479/1422 1573/1482/1422 1409/1497/1422
f 1579/1498/1423 1580/1499/1423 1583/1500/1423 1582/1501/1423
f 1580/1499/1424 1581/1502/1424 1584/1503/1424 1583/1500/1424
f 1582/1501/1425 1583/1500/1425 1586/1504/1425 1585/1505/1425
f 1583/1500/1426 1584/1503/1426 1587/1506/1426 1586/1504/1426
f 1324/1419/1427 1386/1418/1427 1579/1498/1427 1405/1476/1427
f 1386/1418/1428 1385/1507/1428 1580/1499/1428 1579/1498/1428
f 1385/1507/1429 1384/1508/1429 1581/1502/1429 1580/1499/1429
f 1384/1508/1430 1328/1509/1430 1404/1510/1430 1581/1502/1430
f 1581/1502/1431 1404/1510/1431 1403/1511/1431 1584/1503/1431
f 1584/1503/1432 1403/1511/1432 1402/1512/1432 1587/1506/1432
f 1587/1506/1433 1402/1512/1433 1334/1477/1433 1396/1475/1433
f 1586/1504/1434 1587/1506/1434 1396/1475/1434 1397/1473/1434
f 1585/1505/1435 1586/1504/1435 1397/1473/1435 1398/1471/1435
f 1407/1476/1436 1585/1505/1436 1398/1471/1436 1331/1419/1436
f 1406/1476/1437 1582/1501/1437 1585/1505/1437 1407/1476/1437
f 1405/1476/1438 1579/1498/1438 1582/1501/1438 1406/1476/1438
f 1588/1513/1439 1589/1514/1439 1592/1515/1439 1591/1516/1439
f 1589/1514/1440 1590/1517/1440 1593/1518/1440 1592/1515/1440
f 1591/1516/1441 1592/1515/1441 1595/1519/1441 1594/1520/1441
f 1592/1515/1442 1593/1518/1442 1596/1521/1442 1595/1519/1442
f 1330/1460/1443 1368/1522/1443 1588/1513/1443 1399/1461/1443
f 1368/1522/1444 1367/1523/1444 1589/1514/1444 1588/1513/1444
f 1367/1523/1445 1366/1524/1445 1590/1517/1445 1589/1514/1445
f 1366/1524/1446 1326/1359/1446 1410/1525/1446 1590/1517/1446
f 1590/1517/1447 1410/1525/1447 1409/1526/1447 1593/1518/1447
f 1593/1518/1448 1409/1526/1448 1408/1527/1448 1596/1521/1448
f 1596/1521/1449 1408/1527/1449 1332/1496/1449 1390/1528/1449
f 1595/1519/1450 1596/1521/1450 1390/1528/1450 1391/1529/1450
f 1594/1520/1451 1595/1519/1451 1391/1529/1451 1392/1530/1451
f 1401/1463/1452 1594/1520/1452 1392/1530/1452 1333/1464/1452
f 1400/1462/1453 1591/1516/1453 1594/1520/1453 1401/1463/1453
f 1399/1461/1454 1588/1513/1454 1591/1516/1454 1400/1462/1454
f 1597/1531/1455 1598/1532/1455 1601/1533/1455 1600/1534/1455
f 1598/1532/1456 1599/1535/1456 1602/1536/1456 1601/1533/1456
f 1600/1534/1457 1601/1533/1457 1604/1466/1457 1603/1537/1457
f 1601/1533/1458 1602/1536/1458 1605/1538/1458 1604/1466/1458
f 1338/1469/1459 1419/1467/1459 1597/1531/1459 1452/1539/1459
f 1419/1467/1460 1418/1466/1460 1598/1532/1460 1597/1531/1460
f 1418/1466/1461 1417/1465/1461 1599/1535/1461 1598/1532/1461
f 1417/1465/1462 1337/1464/1462 1447/1540/1462 1599/1535/1462
f 1599/1535/1463 1447/1540/1463 1448/1541/1463 1602/1536/1463
f 1602/1536/1464 1448/1541/1464 1449/1542/1464 1605/1538/1464
f 1605/1538/1465 1449/1542/1465 1341/1464/1465 1441/1465/1465
f 1604/1466/1466 1605/1538/1466 1441/1465/1466 1442/1466/1466
f 1603/1537/1467 1604/1466/1467 1442/1466/1467 1443/1467/1467
f 1450/1477/1468 1603/1537/1468 1443/1467/1468 1342/1469/1468
f 1451/1478/1469 1600/1534/1469 1603/1537/1469 1450/1477/1469
f 1452/1539/1470 1597/1531/1470 1600/1534/1470 1451/1478/1470
f 1606/1543/1471 1607/1544/1471 1610/1545/1471 1609/1546/1471
f 1607/1544/1472 1608/1547/1472 1611/1548/1472 1610/1545/1472
f 1609/1546/1473 1610/1545/1473 1613/1549/1473 1612/1550/1473
f 1610/1545/1474 1611/1548/1474 1614/1528/1474 1613/1549/1474
f 1333/1464/1475 1392/1530/1475 1606/1543/1475 1434/1540/1475
f 1392/1530/1476 1391/1529/1476 1607/1544/1476 1606/1543/1476
f 1391/1529/1477 1390/1528/1477 1608/1547/1477 1607/1544/1477
f 1390/1528/1478 1332/1496/1478 1429/1551/1478 1608/1547/1478
f 1608/1547/1479 1429/1551/1479 1430/1552/1479 1611/1548/1479
f 1611/1548/1480 1430/1552/1480 1431/1496/1480 1614/1528/1480
f 1614/1528/1481 1431/1496/1481 1336/1496/1481 1414/1528/1481
f 1613/1549/1482 1614/1528/1482 1414/1528/1482 1415/1529/1482
f 1612/1550/1483 1613/1549/1483 1415/1529/1483 1416/1530/1483
f 1432/1542/1484 1612/1550/1484 1416/1530/1484 1337/1464/1484
f 1433/1541/1485 1609/1546/1485 1612/1550/1485 1432/1542/1485
f 1434/1540/1486 1606/1543/1486 1609/1546/1486 1433/1541/1486
f 1615/1531/1487 1616/1532/1487 1619/1533/1487 1618/1534/1487
f 1616/1532/1488 1617/1535/1488 1620/1536/1488 1619/1533/1488
f 1618/1534/1489 1619/1533/1489 1622/1466/1489 1621/1537/1489
f 1619/1533/1488 1620/1536/1488 1623/1538/1488 1622/1466/1488
f 1334/1469/1490 1395/1467/1490 1615/1531/1490 1423/1539/1490
f 1395/1467/1491 1394/1466/1491 1616/1532/1491 1615/1531/1491
f 1394/1466/1492 1393/1465/1492 1617/1535/1492 1616/1532/1492
f 1393/1465/1493 1333/1464/1493 1434/1540/1493 1617/1535/1493
f 1617/1535/1494 1434/1540/1494 1433/1541/1494 1620/1536/1494
f 1620/1536/1495 1433/1541/1495 1432/1542/1495 1623/1538/1495
f 1623/1538/1496 1432/1542/1496 1337/1464/1496 1417/1465/1496
f 1622/1466/1497 1623/1538/1497 1417/1465/1497 1418/1466/1497
f 1621/1537/1498 1622/1466/1498 1418/1466/1498 1419/1467/1498
f 1425/1477/1490 1621/1537/1490 1419/1467/1490 1338/1469/1490
f 1424/1478/1499 1618/1534/1499 1621/1537/1499 1425/1477/1499
f 1423/1539/1499 1615/1531/1499 1618/1534/1499 1424/1478/1499
f 1624/1553/1500 1625/1493/1500 1628/1493/1500 1627/1494/1500
f 1625/1493/1501 1626/1492/1501 1629/1492/1501 1628/1493/1501
f 1627/1494/1500 1628/1493/1500 1631/1493/1500 1630/1553/1500
f 1628/1493/1502 1629/1492/1502 1632/1492/1502 1631/1493/1502
f 1332/1496/1503 1389/1494/1503 1624/1553/1503 1429/1552/1503
f 1389/1494/1504 1388/1493/1504 1625/1493/1504 1624/1553/1504
f 1388/1493/1505 1387/1492/1505 1626/1492/1505 1625/1493/1505
f 1387/1492/1506 1331/1355/1506 1428/1491/1506 1626/1492/1506
f 1626/1492/1507 1428/1491/1507 1427/1491/1507 1629/1492/1507
f 1629/1492/1507 1427/1491/1507 1426/1491/1507 1632/1492/1507
f 1632/1492/1506 1426/1491/1506 1335/1355/1506 1411/1492/1506
f 1631/1493/1508 1632/1492/1508 1411/1492/1508 1412/1493/1508
f 1630/1553/1509 1631/1493/1509 1412/1493/1509 1413/1494/1509
f 1431/1552/1510 1630/1553/1510 1413/1494/1510 1336/1496/1510
f 1430/1496/1511 1627/1494/1511 1630/1553/1511 1431/1552/1511
f 1429/1552/1512 1624/1553/1512 1627/1494/1512 1430/1496/1512
f 1633/1531/1513 1634/1532/1513 1637/1533/1513 1636/1534/1513
f 1634/1532/1514 1635/1535/1514 1638/1536/1514 1637/1533/1514
f 1636/1534/1515 1637/1533/1515 1640/1466/1515 1639/1537/1515
f 1637/1533/1516 1638/1536/1516 1641/1538/1516 1640/1466/1516
f 1342/1469/1517 1443/1467/1517 1633/1531/1517 1476/1539/1517
f 1443/1467/1518 1442/1466/1518 1634/1532/1518 1633/1531/1518
f 1442/1466/1519 1441/1465/1519 1635/1535/1519 1634/1532/1519
f 1441/1465/1520 1341/1464/1520 1471/1540/1520 1635/1535/1520
f 1635/1535/1521 1471/1540/1521 1472/1541/1521 1638/1536/1521
f 1638/1536/1522 1472/1541/1522 1473/1542/1522 1641/1538/1522
f 1641/1538/1523 1473/1542/1523 1345/1464/1523 1465/1465/1523
f 1640/1466/1524 1641/1538/1524 1465/1465/1524 1466/1466/1524
f 1639/1537/1525 1640/1466/1525 1466/1466/1525 1467/1467/1525
f 1474/1477/1526 1639/1537/1526 1467/1467/1526 1346/1469/1526
f 1475/1478/1527 1636/1534/1527 1639/1537/1527 1474/1477/1527
f 1476/1539/1528 1633/1531/1528 1636/1534/1528 1475/1478/1528
f 1642/1553/1529 1643/1493/1529 1646/1493/1529 1645/1494/1529
f 1643/1493/1530 1644/1492/1530 1647/1492/1530 1646/1493/1530
f 1645/1494/1531 1646/1493/1531 1649/1493/1531 1648/1553/1531
f 1646/1493/1532 1647/1492/1532 1650/1492/1532 1649/1493/1532
f 1336/1496/1533 1413/1494/1533 1642/1553/1533 1458/1552/1533
f 1413/1494/1534 1412/1493/1534 1643/1493/1534 1642/1553/1534
f 1412/1493/1535 1411/1492/1535 1644/1492/1535 1643/1493/1535
f 1411/1492/1536 1335/1355/1536 1453/1491/1536 1644/1492/1536
f 1644/1492/1537 1453/1491/1537 1454/1491/1537 1647/1492/1537
f 1647/1492/1538 1454/1491/1538 1455/1491/1538 1650/1492/1538
f 1650/1492/1539 1455/1491/1539 1339/1355/1539 1435/1492/1539
f 1649/1493/1540 1650/1492/1540 1435/1492/1540 1436/1493/1540
f 1648/1553/1541 1649/1493/1541 1436/1493/1541 1437/1494/1541
f 1456/1552/1542 1648/1553/1542 1437/1494/1542 1340/1496/1542
f 1457/1496/1543 1645/1494/1543 1648/1553/1543 1456/1552/1543
f 1458/1552/1544 1642/1553/1544 1645/1494/1544 1457/1496/1544
f 1651/1471/1545 1652/1472/1545 1655/1473/1545 1654/1471/1545
f 1652/1472/1546 1653/1474/1546 1656/1475/1546 1655/1473/1546
f 1654/1471/1547 1655/1473/1547 1658/1472/1547 1657/1471/1547
f 1655/1473/1548 1656/1475/1548 1659/1474/1548 1658/1472/1548
f 1335/1419/1549 1422/1471/1549 1651/1471/1549 1453/1476/1549
f 1422/1471/1550 1421/1473/1550 1652/1472/1550 1651/1471/1550
f 1421/1473/1551 1420/1475/1551 1653/1474/1551 1652/1472/1551
f 1420/1475/1552 1338/1477/1552 1452/1478/1552 1653/1474/1552
f 1653/1474/1553 1452/1478/1553 1451/1477/1553 1656/1475/1553
f 1656/1475/1554 1451/1477/1554 1450/1478/1554 1659/1474/1554
f 1659/1474/1555 1450/1478/1555 1342/1477/1555 1444/1475/1555
f 1658/1472/1556 1659/1474/1556 1444/1475/1556 1445/1473/1556
f 1657/1471/1557 1658/1472/1557 1445/1473/1557 1446/1471/1557
f 1455/1476/1558 1657/1471/1558 1446/1471/1558 1339/1419/1558
f 1454/1476/1559 1654/1471/1559 1657/1471/1559 1455/1476/1559
f 1453/1476/1560 1651/1471/1560 1654/1471/1560 1454/1476/1560
f 1660/1543/1561 1661/1544/1561 1664/1545/1561 1663/1546/1561
f 1661/1544/1562 1662/1547/1562 1665/1548/1562 1664/1545/1562
f 1663/1546/1563 1664/1545/1563 1667/1549/1563 1666/1550/1563
f 1664/1545/1564 1665/1548/1564 1668/1528/1564 1667/1549/1564
f 1337/1464/1565 1416/1530/1565 1660/1543/1565 1447/1540/1565
f 1416/1530/1566 1415/1529/1566 1661/1544/1566 1660/1543/1566
f 1415/1529/1567 1414/1528/1567 1662/1547/1567 1661/1544/1567
f 1414/1528/1568 1336/1496/1568 1458/1551/1568 1662/1547/1568
f 1662/1547/1569 1458/1551/1569 1457/1552/1569 1665/1548/1569
f 1665/1548/1570 1457/1552/1570 1456/1496/1570 1668/1528/1570
f 1668/1528/1571 1456/1496/1571 1340/1496/1571 1438/1528/1571
f 1667/1549/1572 1668/1528/1572 1438/1528/1572 1439/1529/1572
f 1666/1550/1573 1667/1549/1573 1439/1529/1573 1440/1530/1573
f 1449/1542/1574 1666/1550/1574 1440/1530/1574 1341/1464/1574
f 1448/1541/1575 1663/1546/1575 1666/1550/1575 1449/1542/1575
f 1447/1540/1576 1660/1543/1576 1663/1546/1576 1448/1541/1576
f 1669/1471/1577 1670/1472/1577 1673/1473/1577 1672/1471/1577
f 1670/1472/1578 1671/1554/1578 1674/1555/1578 1673/1473/1578
f 1672/1471/1579 1673/1473/1579 1676/1473/1579 1675/1471/1579
f 1673/1473/1580 1674/1555/1580 1677/1556/1580 1676/1473/1580
f 1343/1419/1581 1470/1471/1581 1669/1471/1581 1500/1476/1581
f 1470/1471/1582 1469/1473/1582 1670/1472/1582 1669/1471/1582
f 1469/1473/1583 1468/1475/1583 1671/1554/1583 1670/1472/1583
f 1468/1475/1584 1346/1477/1584 1495/1557/1584 1671/1554/1584
f 1671/1554/1585 1495/1557/1585 1496/1558/1585 1674/1555/1585
f 1674/1555/1586 1496/1558/1586 1497/1559/1586 1677/1556/1586
f 1677/1556/1587 1497/1559/1587 1350/1539/1587 1492/1560/1587
f 1676/1473/1588 1677/1556/1588 1492/1560/1588 1493/1473/1588
f 1675/1471/1589 1676/1473/1589 1493/1473/1589 1494/1561/1589
f 1498/1476/1590 1675/1471/1590 1494/1561/1590 1347/1476/1590
f 1499/1476/1591 1672/1471/1591 1675/1471/1591 1498/1476/1591
f 1500/1476/1592 1669/1471/1592 1672/1471/1592 1499/1476/1592
f 1678/1553/1593 1679/1493/1593 1682/1493/1593 1681/1494/1593
f 1679/1493/1594 1680/1492/1594 1683/1492/1594 1682/1493/1594
f 1681/1494/1595 1682/1493/1595 1685/1493/1595 1684/1553/1595
f 1682/1493/1596 1683/1492/1596 1686/1492/1596 1685/1493/1596
f 1340/1496/1597 1437/1494/1597 1678/1553/1597 1482/1552/1597
f 1437/1494/1598 1436/1493/1598 1679/1493/1598 1678/1553/1598
f 1436/1493/1599 1435/1492/1599 1680/1492/1599 1679/1493/1599
f 1435/1492/1600 1339/1355/1600 1477/1491/1600 1680/1492/1600
f 1680/1492/1601 1477/1491/1601 1478/1491/1601 1683/1492/1601
f 1683/1492/1602 1478/1491/1602 1479/1491/1602 1686/1492/1602
f 1686/1492/1603 1479/1491/1603 1343/1355/1603 1459/1492/1603
f 1685/1493/1604 1686/1492/1604 1459/1492/1604 1460/1493/1604
f 1684/1553/1605 1685/1493/1605 1460/1493/1605 1461/1494/1605
f 1480/1552/1606 1684/1553/1606 1461/1494/1606 1344/1496/1606
f 1481/1496/1607 1681/1494/1607 1684/1553/1607 1480/1552/1607
f 1482/1552/1608 1678/1553/1608 1681/1494/1608 1481/1496/1608
f 1687/1471/1609 1688/1472/1609 1691/1473/1609 1690/1471/1609
f 1688/1472/1610 1689/1474/1610 1692/1475/1610 1691/1473/1610
f 1690/1471/1611 1691/1473/1611 1694/1472/1611 1693/1471/1611
f 1691/1473/1612 1692/1475/1612 1695/1474/1612 1694/1472/1612
f 1339/1419/1613 1446/1471/1613 1687/1471/1613 1477/1476/1613
f 1446/1471/1614 1445/1473/1614 1688/1472/1614 1687/1471/1614
f 1445/1473/1615 1444/1475/1615 1689/1474/1615 1688/1472/1615
f 1444/1475/1616 1342/1477/1616 1476/1478/1616 1689/1474/1616
f 1689/1474/1617 1476/1478/1617 1475/1477/1617 1692/1475/1617
f 1692/1475/1618 1475/1477/1618 1474/1478/1618 1695/1474/1618
f 1695/1474/1619 1474/1478/1619 1346/1477/1619 1468/1475/1619
f 1694/1472/1620 1695/1474/1620 1468/1475/1620 1469/1473/1620
f 1693/1471/1621 1694/1472/1621 1469/1473/1621 1470/1471/1621
f 1479/1476/1622 1693/1471/1622 1470/1471/1622 1343/1419/1622
f 1478/1476/1623 1690/1471/1623 1693/1471/1623 1479/1476/1623
f 1477/1476/1624 1687/1471/1624 1690/1471/1624 1478/1476/1624
f 1696/1543/1625 1697/1544/1625 1700/1545/1625 1699/1546/1625
f 1697/1544/1626 1698/1547/1626 1701/1548/1626 1700/1545/1626
f 1699/1546/1627 1700/1545/1627 1703/1549/1627 1702/1550/1627
f 1700/1545/1628 1701/1548/1628 1704/1528/1628 1703/1549/1628
f 1341/1464/1629 1440/1530/1629 1696/1543/1629 1471/1540/1629
f 1440/1530/1630 1439/1529/1630 1697/1544/1630 1696/1543/1630
f 1439/1529/1631 1438/1528/1631 1698/1547/1631 1697/1544/1631
f 1438/1528/1632 1340/1496/1632 1482/1551/1632 1698/1547/1632
f 1698/1547/1633 1482/1551/1633 1481/1552/1633 1701/1548/1633
f 1701/1548/1634 1481/1552/1634 1480/1496/1634 1704/1528/1634
f 1704/1528/1635 1480/1496/1635 1344/1496/1635 1462/1528/1635
f 1703/1549/1636 1704/1528/1636 1462/1528/1636 1463/1529/1636
f 1702/1550/1637 1703/1549/1637 1463/1529/1637 1464/1530/1637
f 1473/1542/1638 1702/1550/1638 1464/1530/1638 1345/1464/1638
f 1472/1541/1639 1699/1546/1639 1702/1550/1639 1473/1542/1639
f 1471/1540/1640 1696/1543/1640 1699/1546/1640 1472/1541/1640
f 1705/1562/1641 1706/1563/1641 1709/1564/1641 1708/1565/1641
f 1706/1563/1642 1707/1566/1642 1710/1567/1642 1709/1564/1642
f 1708/1565/1643 1709/1564/1643 1712/1568/1643 1711/1569/1643
f 1709/1564/1644 1710/1567/1644 1713/1570/1644 1712/1568/1644
f 1349/1571/1645 1488/1572/1645 1705/1562/1645 1489/1573/1645
f 1488/1572/1646 1487/1574/1646 1706/1563/1646 1705/1562/1646
f 1487/1574/1647 1486/1575/1647 1707/1566/1647 1706/1563/1647
f 1486/1575/1648 1348/1576/1648 1485/1577/1648 1707/1566/1648
f 1707/1566/1649 1485/1577/1649 1484/1578/1649 1710/1567/1649
f 1710/1567/1650 1484/1578/1650 1483/1579/1650 1713/1570/1650
f 1713/1570/1651 1483/1579/1651 1347/1580/1651 1494/1581/1651
f 1712/1568/1652 1713/1570/1652 1494/1581/1652 1493/1582/1652
f 1711/1569/1653 1712/1568/1653 1493/1582/1653 1492/1583/1653
f 1491/1584/1654 1711/1569/1654 1492/1583/1654 1350/1539/1654
f 1490/1585/1655 1708/1565/1655 1711/1569/1655 1491/1584/1655
f 1489/1573/1656 1705/1562/1656 1708/1565/1656 1490/1585/1656
f 1714/1586/1657 1715/1587/1657 1718/1529/1657 1717/1588/1657
f 1715/1587/1658 1716/1589/1658 1719/1528/1658 1718/1529/1658
f 1717/1588/1659 1718/1529/1659 1721/1529/1659 1720/1590/1659
f 1718/1529/1660 1719/1528/1660 1722/1591/1660 1721/1529/1660
f 1345/1542/1661 1464/1546/1661 1714/1586/1661 1506/1592/1661
f 1464/1546/1662 1463/1593/1662 1715/1587/1662 1714/1586/1662
f 1463/1593/1663 1462/1528/1663 1716/1589/1663 1715/1587/1663
f 1462/1528/1664 1344/1496/1664 1501/1552/1664 1716/1589/1664
f 1716/1589/1665 1501/1552/1665 1502/1594/1665 1719/1528/1665
f 1719/1528/1666 1502/1594/1666 1503/1594/1666 1722/1591/1666
f 1722/1591/1667 1503/1594/1667 1348/1595/1667 1486/1528/1667
f 1721/1529/1668 1722/1591/1668 1486/1528/1668 1487/1529/1668
f 1720/1590/1669 1721/1529/1669 1487/1529/1669 1488/1596/1669
f 1504/1597/1670 1720/1590/1670 1488/1596/1670 1349/1571/1670
f 1505/1598/1671 1717/1588/1671 1720/1590/1671 1504/1597/1671
f 1506/1592/1672 1714/1586/1672 1717/1588/1672 1505/1598/1672
f 1723/1599/1673 1724/1600/1673 1727/1601/1673 1726/1602/1673
f 1724/1600/1674 1725/1603/1674 1728/1604/1674 1727/1601/1674
f 1726/1602/1675 1727/1601/1675 1730/1605/1675 1729/1606/1675
f 1727/1601/1676 1728/1604/1676 1731/1607/1676 1730/1605/1676
f 1346/1477/1677 1467/1608/1677 1723/1599/1677 1495/1557/1677
f 1467/1608/1678 1466/1466/1678 1724/1600/1678 1723/1599/1678
f 1466/1466/1679 1465/1538/1679 1725/1603/1679 1724/1600/1679
f 1465/1538/1680 1345/1542/1680 1506/1592/1680 1725/1603/1680
f 1725/1603/1681 1506/1592/1681 1505/1598/1681 1728/1604/1681
f 1728/1604/1682 1505/1598/1682 1504/1597/1682 1731/1607/1682
f 1731/1607/1683 1504/1597/1683 1349/1571/1683 1489/1609/1683
f 1730/1605/1684 1731/1607/1684 1489/1609/1684 1490/1610/1684
f 1729/1606/1685 1730/1605/1685 1490/1610/1685 1491/1611/1685
f 1497/1559/1686 1729/1606/1686 1491/1611/1686 1350/1539/1686
f 1496/1558/1687 1726/1602/1687 1729/1606/1687 1497/1559/1687
f 1495/1557/1688 1723/1599/1688 1726/1602/1688 1496/1558/1688
f 1732/1553/1689 1733/1493/1689 1736/1493/1689 1735/1612/1689
f 1733/1493/1690 1734/1492/1690 1737/1492/1690 1736/1493/1690
f 1735/1612/1691 1736/1493/1691 1739/1493/1691 1738/1612/1691
f 1736/1493/1692 1737/1492/1692 1740/1492/1692 1739/1493/1692
f 1344/1496/1693 1461/1494/1693 1732/1553/1693 1501/1552/1693
f 1461/1494/1694 1460/1493/1694 1733/1493/1694 1732/1553/1694
f 1460/1493/1695 1459/1492/1695 1734/1492/1695 1733/1493/1695
f 1459/1492/1696 1343/1355/1696 1500/1491/1696 1734/1492/1696
f 1734/1492/1697 1500/1491/1697 1499/1491/1697 1737/1492/1697
f 1737/1492/1698 1499/1491/1698 1498/1491/1698 1740/1492/1698
f 1740/1492/1699 1498/1491/1699 1347/1491/1699 1483/1492/1699
f 1739/1493/1700 1740/1492/1700 1483/1492/1700 1484/1493/1700
f 1738/1612/1701 1739/1493/1701 1484/1493/1701 1485/1613/1701
f 1503/1594/1702 1738/1612/1702 1485/1613/1702 1348/1595/1702
f 1502/1594/1703 1735/1612/1703 1738/1612/1703 1503/1594/1703
f 1501/1552/1704 1732/1553/1704 1735/1612/1704 1502/1594/1704
o Leg.R.001
v 0.286942 -1.084574 0.128327
v 0.312668 -1.280156 0.154053
v 0.286942 -1.084574 -0.096284
v 0.312668 -1.280156 -0.122010
v 0.062330 -1.084574 0.128327
v 0.036604 -1.280156 0.154053
v 0.062330 -1.084574 -0.096284
v 0.036604 -1.280156 -0.122010
v 0.299338 -1.604084 0.140724
v 0.299338 -1.604084 -0.108681
v 0.049934 -1.604084 -0.108681
v 0.049934 -1.604084 0.140724
v 0.262074 -2.201324 0.103459
v 0.262074 -2.201324 -0.071416
v 0.087199 -2.201324 -0.071416
v 0.087199 -2.201324 0.103459
v 0.303953 -1.074124 -0.050734
v 0.312547 -1.068874 0.016021
v 0.303953 -1.074124 0.082777
v 0.302780 -1.114543 0.144165
v 0.313970 -1.162866 0.155355
v 0.315896 -1.220833 0.157282
v 0.351490 -1.280156 0.091508
v 0.364430 -1.280156 0.016021
v 0.351490 -1.280156 -0.059465
v 0.315896 -1.220833 -0.125239
v 0.313970 -1.162866 -0.123312
v 0.302780 -1.114543 -0.112122
v 0.107881 -1.074124 -0.113295
v 0.174636 -1.068874 -0.121889
v 0.241391 -1.074124 -0.113295
v 0.250122 -1.280156 -0.160832
v 0.174636 -1.280156 -0.173772
v 0.099150 -1.280156 -0.160832
v 0.033376 -1.220833 -0.125239
v 0.035303 -1.162866 -0.123312
v 0.046492 -1.114543 -0.112122
v 0.045320 -1.074124 0.082777
v 0.036725 -1.068874 0.016021
v 0.045320 -1.074124 -0.050734
v -0.002217 -1.280156 -0.059465
v -0.015158 -1.280156 0.016021
v -0.002217 -1.280156 0.091508
v 0.033376 -1.220833 0.157282
v 0.035303 -1.162866 0.155355
v 0.046492 -1.114543 0.144165
v 0.241391 -1.074124 0.145338
v 0.174636 -1.068874 0.153932
v 0.107881 -1.074124 0.145338
v 0.099150 -1.280156 0.192875
v 0.174636 -1.280156 0.205815
v 0.250122 -1.280156 0.192875
v 0.334411 -1.604084 0.084218
v 0.346102 -1.604084 0.016021
v 0.334411 -1.604084 -0.052175
v 0.242833 -1.604084 -0.143753
v 0.174636 -1.604084 -0.155444
v 0.106440 -1.604084 -0.143753
v 0.014862 -1.604084 -0.052175
v 0.003171 -1.604084 0.016021
v 0.014862 -1.604084 0.084218
v 0.106440 -1.604084 0.175796
v 0.174636 -1.604084 0.187487
v 0.242833 -1.604084 0.175796
v 0.040331 -1.336056 -0.118283
v 0.043718 -1.399085 -0.114897
v 0.046881 -1.483632 -0.111734
v 0.046881 -1.483632 0.143777
v 0.043718 -1.399085 0.146940
v 0.040331 -1.336056 0.150326
v 0.308941 -1.336056 0.150326
v 0.305554 -1.399085 0.146940
v 0.302392 -1.483632 0.143777
v 0.302392 -1.483632 -0.111734
v 0.305554 -1.399085 -0.114897
v 0.308941 -1.336056 -0.118283
v 0.274432 -2.236884 0.067820
v 0.280608 -2.254746 0.016021
v 0.274432 -2.236884 -0.035777
v 0.226435 -2.236884 -0.083774
v 0.174636 -2.254746 -0.089950
v 0.122838 -2.236884 -0.083774
v 0.074841 -2.236884 -0.035777
v 0.068664 -2.254746 0.016021
v 0.074841 -2.236884 0.067820
v 0.122838 -2.236884 0.115817
v 0.174636 -2.254746 0.121993
v 0.226435 -2.236884 0.115817
v 0.053527 -1.766478 0.137131
v 0.060437 -1.943455 0.130221
v 0.072962 -2.100417 0.117696
v 0.276310 -2.100417 0.117696
v 0.288836 -1.943455 0.130221
v 0.295745 -1.766478 0.137131
v 0.295745 -1.766478 -0.105088
v 0.288836 -1.943455 -0.098178
v 0.276310 -2.100417 -0.085653
v 0.072962 -2.100417 -0.085653
v 0.060437 -1.943455 -0.098178
v 0.053527 -1.766478 -0.105088
v 0.338047 -1.111651 0.086668
v 0.353378 -1.162092 0.092161
v 0.355653 -1.220736 0.093266
v 0.350102 -1.109121 0.016021
v 0.366584 -1.161318 0.016021
v 0.368914 -1.220639 0.016021
v 0.338047 -1.111651 -0.054625
v 0.353378 -1.162092 -0.060118
v 0.355653 -1.220736 -0.061223
v 0.245283 -1.111651 -0.147389
v 0.250776 -1.162092 -0.162721
v 0.251881 -1.220736 -0.164996
v 0.174636 -1.109121 -0.159444
v 0.174636 -1.161318 -0.175926
v 0.174636 -1.220639 -0.178257
v 0.103990 -1.111651 -0.147389
v 0.098497 -1.162092 -0.162720
v 0.097392 -1.220736 -0.164996
v 0.011226 -1.111651 -0.054625
v -0.004106 -1.162092 -0.060118
v -0.006381 -1.220736 -0.061223
v -0.000829 -1.109121 0.016022
v -0.017311 -1.161318 0.016021
v -0.019642 -1.220639 0.016021
v 0.011226 -1.111651 0.086668
v -0.004106 -1.162092 0.092161
v -0.006381 -1.220736 0.093266
v 0.103990 -1.111651 0.179432
v 0.098497 -1.162092 0.194763
v 0.097392 -1.220736 0.197039
v 0.174636 -1.109121 0.191487
v 0.174636 -1.161318 0.207969
v 0.174636 -1.220639 0.210300
v 0.245283 -1.111651 0.179432
v 0.250776 -1.162092 0.194763
v 0.251881 -1.220736 0.197039
v 0.246455 -1.051762 -0.055798
v 0.174636 -1.044191 -0.059906
v 0.102817 -1.051762 -0.055798
v 0.250564 -1.044191 0.016022
v 0.174636 -1.035927 0.016022
v 0.098709 -1.044191 0.016021
v 0.246455 -1.051762 0.087841
v 0.174636 -1.044191 0.091949
v 0.102817 -1.051762 0.087841
v 0.002558 -1.336055 0.089470
v -0.010033 -1.336056 0.016021
v 0.002558 -1.336055 -0.057427
v 0.006897 -1.399085 0.087617
v -0.005376 -1.399085 0.016021
v 0.006897 -1.399085 -0.055574
v 0.010949 -1.483632 0.085888
v -0.001028 -1.483632 0.016021
v 0.010949 -1.483632 -0.053845
v 0.240868 -1.766807 0.171191
v 0.174636 -1.767136 0.182545
v 0.108404 -1.766807 0.171191
v 0.237092 -1.946088 0.162330
v 0.174636 -1.948722 0.173030
v 0.112181 -1.946088 0.162330
v 0.230783 -2.110257 0.145156
v 0.174636 -2.118867 0.154375
v 0.118490 -2.110257 0.145156
v 0.346715 -1.336056 -0.057427
v 0.359306 -1.336056 0.016021
v 0.346715 -1.336056 0.089470
v 0.342375 -1.399085 -0.055574
v 0.354649 -1.399085 0.016021
v 0.342375 -1.399085 0.087617
v 0.338323 -1.483632 -0.053845
v 0.350300 -1.483632 0.016021
v 0.338323 -1.483632 0.085888
v 0.248084 -1.336056 0.188100
v 0.174636 -1.336056 0.200691
v 0.101188 -1.336056 0.188100
v 0.246232 -1.399085 0.183760
v 0.174636 -1.399085 0.196034
v 0.103040 -1.399085 0.183760
v 0.244503 -1.483632 0.179708
v 0.174636 -1.483632 0.191686
v 0.104770 -1.483632 0.179708
v 0.101188 -1.336056 -0.156057
v 0.174636 -1.336056 -0.168648
v 0.248084 -1.336056 -0.156057
v 0.103040 -1.399085 -0.151717
v 0.174636 -1.399085 -0.163991
v 0.246232 -1.399085 -0.151717
v 0.104770 -1.483632 -0.147665
v 0.174636 -1.483632 -0.159643
v 0.244503 -1.483632 -0.147665
v 0.119856 -2.312973 -0.038759
v 0.174636 -2.338736 -0.041544
v 0.229416 -2.312973 -0.038759
v 0.117071 -2.338736 0.016021
v 0.174636 -2.366857 0.016021
v 0.232201 -2.338736 0.016021
v 0.119856 -2.312973 0.070802
v 0.174636 -2.338736 0.073587
v 0.229416 -2.312973 0.070802
v 0.108404 -1.766807 -0.139148
v 0.174636 -1.767136 -0.150502
v 0.240868 -1.766807 -0.139148
v 0.112181 -1.946088 -0.130287
v 0.174636 -1.948722 -0.140987
v 0.237092 -1.946088 -0.130287
v 0.118490 -2.110257 -0.113113
v 0.174636 -2.118867 -0.122332
v 0.230783 -2.110257 -0.113113
v 0.019466 -1.766807 0.082253
v 0.008113 -1.767136 0.016021
v 0.019466 -1.766807 -0.050210
v 0.028328 -1.946088 0.078477
v 0.017628 -1.948722 0.016021
v 0.028328 -1.946088 -0.046434
v 0.045502 -2.110257 0.072168
v 0.036283 -2.118867 0.016021
v 0.045502 -2.110257 -0.040125
v 0.329806 -1.766807 -0.050210
v 0.341159 -1.767136 0.016021
v 0.329806 -1.766807 0.082253
v 0.320945 -1.946088 -0.046434
v 0.331645 -1.948722 0.016021
v 0.320945 -1.946088 0.078477
v 0.303770 -2.110257 -0.040125
v 0.312990 -2.118867 0.016021
v 0.303770 -2.110257 0.072168
vn 0.9390 0.3000 0.1683
vn 0.9846 0.0400 0.1701
vn 0.9390 0.3000 -0.1683
vn 0.9846 0.0400 -0.1701
vn 0.6674 0.6160 0.4184
vn 0.8064 0.3024 0.5082
vn 0.8480 0.0443 0.5281
vn 0.8472 -0.0748 0.5260
vn 0.9829 -0.0740 0.1686
vn 0.9829 -0.0740 -0.1686
vn 0.8472 -0.0748 -0.5260
vn 0.8480 0.0443 -0.5281
vn 0.8064 0.3024 -0.5082
vn 0.6674 0.6160 -0.4184
vn 0.7238 0.6742 -0.1469
vn 0.7238 0.6742 0.1469
vn 0.1683 0.3000 -0.9390
vn 0.1701 0.0400 -0.9846
vn -0.1683 0.3000 -0.9390
vn -0.1701 0.0400 -0.9846
vn 0.4184 0.6160 -0.6674
vn 0.5082 0.3024 -0.8064
vn 0.5281 0.0443 -0.8480
vn 0.5260 -0.0748 -0.8472
vn 0.1686 -0.0740 -0.9829
vn -0.1686 -0.0740 -0.9829
vn -0.5260 -0.0748 -0.8472
vn -0.5281 0.0443 -0.8480
vn -0.5082 0.3024 -0.8064
vn -0.4184 0.6160 -0.6674
vn -0.1469 0.6742 -0.7238
vn 0.1469 0.6742 -0.7238
vn -0.9390 0.3000 -0.1683
vn -0.9846 0.0400 -0.1701
vn -0.9390 0.3000 0.1683
vn -0.9846 0.0400 0.1701
vn -0.6674 0.6160 -0.4184
vn -0.8064 0.3024 -0.5082
vn -0.8480 0.0443 -0.5281
vn -0.8472 -0.0748 -0.5260
vn -0.9829 -0.0740 -0.1686
vn -0.9829 -0.0740 0.1686
vn -0.8472 -0.0748 0.5260
vn -0.8480 0.0443 0.5281
vn -0.8064 0.3024 0.5082
vn -0.6674 0.6160 0.4184
vn -0.7238 0.6742 0.1469
vn -0.7238 0.6742 -0.1469
vn -0.1683 0.3000 0.9390
vn -0.1701 0.0400 0.9846
vn 0.1683 0.3000 0.9390
vn 0.1701 0.0400 0.9846
vn -0.4184 0.6160 0.6674
vn -0.5082 0.3024 0.8064
vn -0.5281 0.0443 0.8480
vn -0.5260 -0.0748 0.8472
vn -0.1686 -0.0740 0.9829
vn 0.1686 -0.0740 0.9829
vn 0.5260 -0.0748 0.8472
vn 0.5281 0.0443 0.8480
vn 0.5082 0.3024 0.8064
vn 0.4184 0.6160 0.6674
vn 0.1469 0.6742 0.7238
vn -0.1469 0.6742 0.7238
vn 0.1089 0.9881 -0.1089
vn -0.1089 0.9881 -0.1089
vn 0.1089 0.9881 0.1089
vn -0.1089 0.9881 0.1089
vn 0.3516 0.8676 -0.3516
vn 0.1191 0.9221 -0.3681
vn -0.1191 0.9221 -0.3681
vn -0.3516 0.8676 -0.3516
vn -0.3681 0.9221 -0.1191
vn -0.3681 0.9221 0.1191
vn -0.3516 0.8676 0.3516
vn -0.1191 0.9221 0.3681
vn 0.1191 0.9221 0.3681
vn 0.3516 0.8676 0.3516
vn 0.3681 0.9221 0.1191
vn 0.3681 0.9221 -0.1191
vn -0.9830 -0.0726 0.1685
vn -0.9830 -0.0726 -0.1685
vn -0.9844 -0.0506 0.1687
vn -0.9844 -0.0506 -0.1687
vn -0.8461 -0.0914 0.5252
vn -0.9816 -0.0900 0.1683
vn -0.9816 -0.0900 -0.1683
vn -0.8461 -0.0914 -0.5252
vn -0.8473 -0.0738 -0.5259
vn -0.8485 -0.0514 -0.5267
vn -0.8491 -0.0349 -0.5270
vn -0.9850 -0.0343 -0.1689
vn -0.9850 -0.0343 0.1689
vn -0.8491 -0.0349 0.5270
vn -0.8485 -0.0514 0.5267
vn -0.8473 -0.0738 0.5259
vn 0.1698 -0.0519 0.9841
vn -0.1698 -0.0519 0.9841
vn 0.1746 -0.1082 0.9787
vn -0.1746 -0.1082 0.9787
vn 0.5272 -0.0304 0.8492
vn 0.1690 -0.0299 0.9852
vn -0.1690 -0.0299 0.9852
vn -0.5272 -0.0304 0.8492
vn -0.5276 -0.0534 0.8478
vn -0.5293 -0.1089 0.8414
vn -0.5199 -0.2014 0.8301
vn -0.1920 -0.2276 0.9546
vn 0.1920 -0.2276 0.9546
vn 0.5199 -0.2014 0.8301
vn 0.5293 -0.1089 0.8414
vn 0.5276 -0.0534 0.8478
vn 0.9830 -0.0726 -0.1685
vn 0.9830 -0.0726 0.1685
vn 0.9844 -0.0506 -0.1687
vn 0.9844 -0.0506 0.1687
vn 0.8461 -0.0914 -0.5252
vn 0.9816 -0.0900 -0.1683
vn 0.9816 -0.0900 0.1683
vn 0.8461 -0.0914 0.5252
vn 0.8473 -0.0738 0.5259
vn 0.8485 -0.0514 0.5267
vn 0.8491 -0.0349 0.5270
vn 0.9850 -0.0343 0.1689
vn 0.9850 -0.0343 -0.1689
vn 0.8491 -0.0349 -0.5270
vn 0.8485 -0.0514 -0.5267
vn 0.8473 -0.0738 -0.5259
vn 0.1685 -0.0726 0.9830
vn -0.1685 -0.0726 0.9830
vn 0.1687 -0.0506 0.9844
vn -0.1687 -0.0506 0.9844
vn 0.5252 -0.0914 0.8461
vn 0.1683 -0.0900 0.9816
vn -0.1683 -0.0900 0.9816
vn -0.5252 -0.0914 0.8461
vn -0.5259 -0.0738 0.8473
vn -0.5267 -0.0514 0.8485
vn -0.5270 -0.0349 0.8491
vn -0.1689 -0.0343 0.9850
vn 0.1689 -0.0343 0.9850
vn 0.5270 -0.0349 0.8491
vn 0.5267 -0.0514 0.8485
vn 0.5259 -0.0738 0.8473
vn -0.1685 -0.0726 -0.9830
vn 0.1685 -0.0726 -0.9830
vn -0.1687 -0.0506 -0.9844
vn 0.1687 -0.0506 -0.9844
vn -0.5252 -0.0914 -0.8461
vn -0.1683 -0.0900 -0.9816
vn 0.1683 -0.0900 -0.9816
vn 0.5252 -0.0914 -0.8461
vn 0.5259 -0.0738 -0.8473
vn 0.5267 -0.0514 -0.8485
vn 0.5270 -0.0349 -0.8491
vn 0.1689 -0.0343 -0.9850
vn -0.1689 -0.0343 -0.9850
vn -0.5270 -0.0349 -0.8491
vn -0.5267 -0.0514 -0.8485
vn -0.5259 -0.0738 -0.8473
vn -0.4038 -0.8209 -0.4038
vn 0.4038 -0.8209 -0.4038
vn -0.4038 -0.8209 0.4038
vn 0.4038 -0.8209 0.4038
vn -0.6534 -0.3822 -0.6534
vn -0.2674 -0.4820 -0.8344
vn 0.2674 -0.4820 -0.8344
vn 0.6534 -0.3822 -0.6534
vn 0.8344 -0.4820 -0.2674
vn 0.8344 -0.4820 0.2674
vn 0.6534 -0.3822 0.6534
vn 0.2674 -0.4820 0.8344
vn -0.2674 -0.4820 0.8344
vn -0.6534 -0.3822 0.6534
vn -0.8344 -0.4820 0.2674
vn -0.8344 -0.4820 -0.2674
vn -0.1698 -0.0519 -0.9841
vn 0.1698 -0.0519 -0.9841
vn -0.1746 -0.1082 -0.9787
vn 0.1746 -0.1082 -0.9787
vn -0.5272 -0.0304 -0.8492
vn -0.1690 -0.0299 -0.9852
vn 0.1690 -0.0299 -0.9852
vn 0.5272 -0.0304 -0.8492
vn 0.5276 -0.0534 -0.8478
vn 0.5293 -0.1089 -0.8414
vn 0.5199 -0.2014 -0.8301
vn 0.1920 -0.2276 -0.9546
vn -0.1920 -0.2276 -0.9546
vn -0.5199 -0.2014 -0.8301
vn -0.5293 -0.1089 -0.8414
vn -0.5276 -0.0534 -0.8478
vn -0.9841 -0.0519 0.1698
vn -0.9841 -0.0519 -0.1698
vn -0.9787 -0.1082 0.1746
vn -0.9787 -0.1082 -0.1746
vn -0.8492 -0.0304 0.5272
vn -0.9852 -0.0299 0.1690
vn -0.9852 -0.0299 -0.1690
vn -0.8492 -0.0304 -0.5272
vn -0.8478 -0.0534 -0.5276
vn -0.8414 -0.1089 -0.5293
vn -0.8301 -0.2014 -0.5199
vn -0.9546 -0.2276 -0.1920
vn -0.9546 -0.2276 0.1920
vn -0.8301 -0.2014 0.5199
vn -0.8414 -0.1089 0.5293
vn -0.8478 -0.0534 0.5276
vn 0.9841 -0.0519 -0.1698
vn 0.9841 -0.0519 0.1698
vn 0.9787 -0.1082 -0.1746
vn 0.9787 -0.1082 0.1746
vn 0.8492 -0.0304 -0.5272
vn 0.9852 -0.0299 -0.1690
vn 0.9852 -0.0299 0.1690
vn 0.8492 -0.0304 0.5272
vn 0.8478 -0.0534 0.5276
vn 0.8414 -0.1089 0.5293
vn 0.8301 -0.2014 0.5199
vn 0.9546 -0.2276 0.1920
vn 0.9546 -0.2276 -0.1920
vn 0.8301 -0.2014 -0.5199
vn 0.8414 -0.1089 -0.5293
vn 0.8478 -0.0534 -0.5276
vt 0.437188 0.062500
vt 0.497504 0.062500
vt 0.495660 0.125000
vt 0.436957 0.125000
vt 0.553155 0.062500
vt 0.547418 0.125000
vt 0.494900 0.187500
vt 0.436863 0.187500
vt 0.545234 0.187500
vt 0.375000 0.000000
vt 0.437500 0.000000
vt 0.375000 0.062500
vt 0.500000 0.000000
vt 0.562500 0.000000
vt 0.625000 0.000000
vt 0.595920 0.062500
vt 0.586806 0.125000
vt 0.583767 0.187500
vt 0.583333 0.250000
vt 0.544922 0.250000
vt 0.494792 0.250000
vt 0.436849 0.250000
vt 0.375000 0.187500
vt 0.375000 0.250000
vt 0.375000 0.125000
vt 0.436849 0.312500
vt 0.494792 0.312500
vt 0.494792 0.375000
vt 0.436849 0.375000
vt 0.544922 0.312500
vt 0.544922 0.375000
vt 0.494792 0.437500
vt 0.436849 0.437500
vt 0.544922 0.437500
vt 0.375000 0.312500
vt 0.583333 0.312500
vt 0.583333 0.375000
vt 0.583333 0.437500
vt 0.583333 0.500000
vt 0.544922 0.500000
vt 0.494792 0.500000
vt 0.436849 0.500000
vt 0.375000 0.437500
vt 0.375000 0.500000
vt 0.375000 0.375000
vt 0.436849 0.562500
vt 0.494792 0.562500
vt 0.494792 0.625000
vt 0.436849 0.625000
vt 0.544922 0.562500
vt 0.544922 0.625000
vt 0.494792 0.687500
vt 0.436849 0.687500
vt 0.544922 0.687500
vt 0.375000 0.562500
vt 0.583333 0.562500
vt 0.583333 0.625000
vt 0.583333 0.687500
vt 0.583333 0.750000
vt 0.544922 0.750000
vt 0.494792 0.750000
vt 0.436849 0.750000
vt 0.375000 0.687500
vt 0.375000 0.750000
vt 0.375000 0.625000
vt 0.436863 0.812500
vt 0.494900 0.812500
vt 0.495660 0.875000
vt 0.436957 0.875000
vt 0.545234 0.812500
vt 0.547418 0.875000
vt 0.497504 0.937500
vt 0.437188 0.937500
vt 0.553155 0.937500
vt 0.375000 0.812500
vt 0.583767 0.812500
vt 0.586806 0.875000
vt 0.595920 0.937500
vt 0.625000 1.000000
vt 0.562500 1.000000
vt 0.500000 1.000000
vt 0.437500 1.000000
vt 0.375000 0.937500
vt 0.375000 1.000000
vt 0.375000 0.875000
vt 0.187500 0.562500
vt 0.250000 0.562500
vt 0.250000 0.625000
vt 0.187500 0.625000
vt 0.312500 0.562500
vt 0.312500 0.625000
vt 0.250000 0.687500
vt 0.187500 0.687500
vt 0.312500 0.687500
vt 0.125000 0.500000
vt 0.187500 0.500000
vt 0.125000 0.562500
vt 0.250000 0.500000
vt 0.312500 0.500000
vt 0.312500 0.750000
vt 0.250000 0.750000
vt 0.187500 0.750000
vt 0.125000 0.687500
vt 0.125000 0.750000
vt 0.125000 0.625000
vt 0.607422 0.687500
vt 0.607422 0.625000
vt 0.619792 0.625000
vt 0.619792 0.687500
vt 0.607422 0.562500
vt 0.619792 0.562500
vt 0.624349 0.625000
vt 0.624349 0.687500
vt 0.624349 0.562500
vt 0.583333 0.750000
vt 0.583333 0.687500
vt 0.607422 0.750000
vt 0.583333 0.625000
vt 0.583333 0.562500
vt 0.583333 0.500000
vt 0.607422 0.500000
vt 0.619792 0.500000
vt 0.624349 0.500000
vt 0.625000 0.500000
vt 0.625000 0.562500
vt 0.625000 0.625000
vt 0.625000 0.687500
vt 0.624349 0.750000
vt 0.625000 0.750000
vt 0.619792 0.750000
vt 0.625000 0.937500
vt 0.625000 0.875000
vt 0.625000 0.875000
vt 0.625014 0.812500
vt 0.625109 0.812500
vt 0.625231 0.812500
vt 0.625000 1.000000
vt 0.625000 0.812500
vt 0.625000 0.750000
vt 0.625109 0.750000
vt 0.625868 0.750000
vt 0.627604 0.750000
vt 0.625000 0.750000
vt 0.625000 0.812500
vt 0.625000 0.937500
vt 0.607734 0.187500
vt 0.609918 0.125000
vt 0.620660 0.125000
vt 0.619900 0.187500
vt 0.615655 0.062500
vt 0.622504 0.062500
vt 0.624458 0.125000
vt 0.624363 0.187500
vt 0.624688 0.062500
vt 0.583767 0.187500
vt 0.607422 0.250000
vt 0.586806 0.125000
vt 0.625000 0.000000
vt 0.625000 0.062500
vt 0.625000 0.125000
vt 0.625000 0.187500
vt 0.624349 0.250000
vt 0.625000 0.250000
vt 0.619792 0.250000
vt 0.615655 0.937500
vt 0.609918 0.875000
vt 0.620660 0.875000
vt 0.622504 0.937500
vt 0.607734 0.812500
vt 0.619900 0.812500
vt 0.624457 0.875000
vt 0.624688 0.937500
vt 0.624363 0.812500
vt 0.586806 0.875000
vt 0.583767 0.812500
vt 0.583333 0.750000
vt 0.607422 0.750000
vt 0.619792 0.750000
vt 0.624349 0.750000
vt 0.607422 0.437500
vt 0.607422 0.375000
vt 0.619792 0.375000
vt 0.619792 0.437500
vt 0.607422 0.312500
vt 0.619792 0.312500
vt 0.624349 0.375000
vt 0.624349 0.437500
vt 0.624349 0.312500
vt 0.583333 0.437500
vt 0.583333 0.375000
vt 0.583333 0.312500
vt 0.607422 0.250000
vt 0.619792 0.250000
vt 0.624349 0.250000
vt 0.625000 0.312500
vt 0.625000 0.375000
vt 0.625000 0.437500
vt 0.696533 0.562500
vt 0.752387 0.562500
vt 0.753472 0.625000
vt 0.700087 0.625000
vt 0.812798 0.562500
vt 0.812934 0.625000
vt 0.752387 0.687500
vt 0.696533 0.687500
vt 0.812798 0.687500
vt 0.625000 0.500000
vt 0.687500 0.500000
vt 0.653700 0.562500
vt 0.750000 0.500000
vt 0.812500 0.500000
vt 0.875000 0.500000
vt 0.875000 0.562500
vt 0.875000 0.625000
vt 0.875000 0.687500
vt 0.875000 0.750000
vt 0.812500 0.750000
vt 0.750000 0.750000
vt 0.687500 0.750000
vt 0.653700 0.687500
vt 0.659722 0.625000
vt 0.625014 0.437500
vt 0.625000 0.375000
vt 0.625109 0.437500
vt 0.625000 0.312500
vt 0.625231 0.437500
vt 0.625000 0.312500
vt 0.625000 0.500000
vt 0.625000 0.437500
vt 0.625109 0.500000
vt 0.625000 0.375000
vt 0.625000 0.250000
vt 0.625000 0.250000
vt 0.625000 0.250000
vt 0.625000 0.437500
vt 0.627604 0.500000
vt 0.625868 0.500000
vt 0.625312 0.687500
vt 0.625434 0.625000
vt 0.628472 0.625000
vt 0.627496 0.687500
vt 0.625312 0.562500
vt 0.627496 0.562500
vt 0.637587 0.625000
vt 0.634264 0.687500
vt 0.634264 0.562500
vt 0.625000 0.687500
vt 0.625000 0.562500
vt 0.653700 0.562500
vt 0.659722 0.625000
vt 0.653700 0.687500
vt 0.625000 0.187500
vt 0.625000 0.187500
vt 0.625000 0.187500
s 0
f 1841/1614/1705 1842/1615/1705 1845/1616/1705 1844/1617/1705
f 1842/1615/1706 1843/1618/1706 1846/1619/1706 1845/1616/1706
f 1844/1617/1707 1845/1616/1707 1848/1620/1707 1847/1621/1707
f 1845/1616/1708 1846/1619/1708 1849/1622/1708 1848/1620/1708
f 1741/1623/1709 1760/1624/1709 1841/1614/1709 1759/1625/1709
f 1760/1624/1710 1761/1626/1710 1842/1615/1710 1841/1614/1710
f 1761/1626/1711 1762/1627/1711 1843/1618/1711 1842/1615/1711
f 1762/1627/1712 1742/1628/1712 1763/1629/1712 1843/1618/1712
f 1843/1618/1713 1763/1629/1713 1764/1630/1713 1846/1619/1713
f 1846/1619/1714 1764/1630/1714 1765/1631/1714 1849/1622/1714
f 1849/1622/1715 1765/1631/1715 1744/1632/1715 1766/1633/1715
f 1848/1620/1716 1849/1622/1716 1766/1633/1716 1767/1634/1716
f 1847/1621/1717 1848/1620/1717 1767/1634/1717 1768/1635/1717
f 1757/1636/1718 1847/1621/1718 1768/1635/1718 1743/1637/1718
f 1758/1638/1719 1844/1617/1719 1847/1621/1719 1757/1636/1719
f 1759/1625/1720 1841/1614/1720 1844/1617/1720 1758/1638/1720
f 1850/1639/1721 1851/1640/1721 1854/1641/1721 1853/1642/1721
f 1851/1640/1722 1852/1643/1722 1855/1644/1722 1854/1641/1722
f 1853/1642/1723 1854/1641/1723 1857/1645/1723 1856/1646/1723
f 1854/1641/1724 1855/1644/1724 1858/1647/1724 1857/1645/1724
f 1743/1637/1725 1768/1635/1725 1850/1639/1725 1771/1648/1725
f 1768/1635/1726 1767/1634/1726 1851/1640/1726 1850/1639/1726
f 1767/1634/1727 1766/1633/1727 1852/1643/1727 1851/1640/1727
f 1766/1633/1728 1744/1632/1728 1772/1649/1728 1852/1643/1728
f 1852/1643/1729 1772/1649/1729 1773/1650/1729 1855/1644/1729
f 1855/1644/1730 1773/1650/1730 1774/1651/1730 1858/1647/1730
f 1858/1647/1731 1774/1651/1731 1748/1652/1731 1775/1653/1731
f 1857/1645/1732 1858/1647/1732 1775/1653/1732 1776/1654/1732
f 1856/1646/1733 1857/1645/1733 1776/1654/1733 1777/1655/1733
f 1769/1656/1734 1856/1646/1734 1777/1655/1734 1747/1657/1734
f 1770/1658/1735 1853/1642/1735 1856/1646/1735 1769/1656/1735
f 1771/1648/1736 1850/1639/1736 1853/1642/1736 1770/1658/1736
f 1859/1659/1737 1860/1660/1737 1863/1661/1737 1862/1662/1737
f 1860/1660/1738 1861/1663/1738 1864/1664/1738 1863/1661/1738
f 1862/1662/1739 1863/1661/1739 1866/1665/1739 1865/1666/1739
f 1863/1661/1740 1864/1664/1740 1867/1667/1740 1866/1665/1740
f 1747/1657/1741 1777/1655/1741 1859/1659/1741 1780/1668/1741
f 1777/1655/1742 1776/1654/1742 1860/1660/1742 1859/1659/1742
f 1776/1654/1743 1775/1653/1743 1861/1663/1743 1860/1660/1743
f 1775/1653/1744 1748/1652/1744 1781/1669/1744 1861/1663/1744
f 1861/1663/1745 1781/1669/1745 1782/1670/1745 1864/1664/1745
f 1864/1664/1746 1782/1670/1746 1783/1671/1746 1867/1667/1746
f 1867/1667/1747 1783/1671/1747 1746/1672/1747 1784/1673/1747
f 1866/1665/1748 1867/1667/1748 1784/1673/1748 1785/1674/1748
f 1865/1666/1749 1866/1665/1749 1785/1674/1749 1786/1675/1749
f 1778/1676/1750 1865/1666/1750 1786/1675/1750 1745/1677/1750
f 1779/1678/1751 1862/1662/1751 1865/1666/1751 1778/1676/1751
f 1780/1668/1752 1859/1659/1752 1862/1662/1752 1779/1678/1752
f 1868/1679/1753 1869/1680/1753 1872/1681/1753 1871/1682/1753
f 1869/1680/1754 1870/1683/1754 1873/1684/1754 1872/1681/1754
f 1871/1682/1755 1872/1681/1755 1875/1685/1755 1874/1686/1755
f 1872/1681/1756 1873/1684/1756 1876/1687/1756 1875/1685/1756
f 1745/1677/1757 1786/1675/1757 1868/1679/1757 1789/1688/1757
f 1786/1675/1758 1785/1674/1758 1869/1680/1758 1868/1679/1758
f 1785/1674/1759 1784/1673/1759 1870/1683/1759 1869/1680/1759
f 1784/1673/1760 1746/1672/1760 1790/1689/1760 1870/1683/1760
f 1870/1683/1761 1790/1689/1761 1791/1690/1761 1873/1684/1761
f 1873/1684/1762 1791/1690/1762 1792/1691/1762 1876/1687/1762
f 1876/1687/1763 1792/1691/1763 1742/1692/1763 1762/1693/1763
f 1875/1685/1764 1876/1687/1764 1762/1693/1764 1761/1694/1764
f 1874/1686/1765 1875/1685/1765 1761/1694/1765 1760/1695/1765
f 1787/1696/1766 1874/1686/1766 1760/1695/1766 1741/1697/1766
f 1788/1698/1767 1871/1682/1767 1874/1686/1767 1787/1696/1767
f 1789/1688/1768 1868/1679/1768 1871/1682/1768 1788/1698/1768
f 1877/1699/1769 1878/1700/1769 1881/1701/1769 1880/1702/1769
f 1878/1700/1770 1879/1703/1770 1882/1704/1770 1881/1701/1770
f 1880/1702/1771 1881/1701/1771 1884/1705/1771 1883/1706/1771
f 1881/1701/1772 1882/1704/1772 1885/1707/1772 1884/1705/1772
f 1743/1708/1773 1771/1709/1773 1877/1699/1773 1757/1710/1773
f 1771/1709/1774 1770/1711/1774 1878/1700/1774 1877/1699/1774
f 1770/1711/1775 1769/1712/1775 1879/1703/1775 1878/1700/1775
f 1769/1712/1776 1747/1657/1776 1780/1668/1776 1879/1703/1776
f 1879/1703/1777 1780/1668/1777 1779/1678/1777 1882/1704/1777
f 1882/1704/1778 1779/1678/1778 1778/1676/1778 1885/1707/1778
f 1885/1707/1779 1778/1676/1779 1745/1677/1779 1789/1713/1779
f 1884/1705/1780 1885/1707/1780 1789/1713/1780 1788/1714/1780
f 1883/1706/1781 1884/1705/1781 1788/1714/1781 1787/1715/1781
f 1759/1716/1782 1883/1706/1782 1787/1715/1782 1741/1717/1782
f 1758/1718/1783 1880/1702/1783 1883/1706/1783 1759/1716/1783
f 1757/1710/1784 1877/1699/1784 1880/1702/1784 1758/1718/1784
f 1886/1719/1785 1887/1720/1785 1890/1721/1785 1889/1722/1785
f 1887/1720/1786 1888/1723/1786 1891/1724/1786 1890/1721/1786
f 1889/1722/1787 1890/1721/1787 1893/1725/1787 1892/1726/1787
f 1890/1721/1788 1891/1724/1788 1894/1727/1788 1893/1725/1788
f 1746/1728/1789 1783/1729/1789 1886/1719/1789 1810/1730/1789
f 1783/1729/1790 1782/1731/1790 1887/1720/1790 1886/1719/1790
f 1782/1731/1791 1781/1732/1791 1888/1723/1791 1887/1720/1791
f 1781/1732/1792 1748/1733/1792 1805/1734/1792 1888/1723/1792
f 1888/1723/1793 1805/1734/1793 1806/1735/1793 1891/1724/1793
f 1891/1724/1794 1806/1735/1794 1807/1736/1794 1894/1727/1794
f 1894/1727/1795 1807/1736/1795 1751/1737/1795 1799/1738/1795
f 1893/1725/1796 1894/1727/1796 1799/1738/1796 1800/1739/1796
f 1892/1726/1797 1893/1725/1797 1800/1739/1797 1801/1740/1797
f 1808/1741/1798 1892/1726/1798 1801/1740/1798 1752/1742/1798
f 1809/1743/1799 1889/1722/1799 1892/1726/1799 1808/1741/1799
f 1810/1730/1800 1886/1719/1800 1889/1722/1800 1809/1743/1800
f 1895/1744/1801 1896/1745/1801 1899/1746/1801 1898/1744/1801
f 1896/1745/1802 1897/1747/1802 1900/1748/1802 1899/1746/1802
f 1898/1744/1803 1899/1746/1803 1902/1746/1803 1901/1744/1803
f 1899/1746/1804 1900/1748/1804 1903/1749/1804 1902/1746/1804
f 1749/1692/1805 1804/1744/1805 1895/1744/1805 1834/1750/1805
f 1804/1744/1806 1803/1746/1806 1896/1745/1806 1895/1744/1806
f 1803/1746/1807 1802/1751/1807 1897/1747/1807 1896/1745/1807
f 1802/1751/1808 1752/1752/1808 1829/1753/1808 1897/1747/1808
f 1897/1747/1809 1829/1753/1809 1830/1754/1809 1900/1748/1809
f 1900/1748/1810 1830/1754/1810 1831/1755/1810 1903/1749/1810
f 1903/1749/1811 1831/1755/1811 1756/1756/1811 1826/1757/1811
f 1902/1746/1812 1903/1749/1812 1826/1757/1812 1827/1746/1812
f 1901/1744/1813 1902/1746/1813 1827/1746/1813 1828/1758/1813
f 1832/1750/1814 1901/1744/1814 1828/1758/1814 1753/1750/1814
f 1833/1750/1815 1898/1744/1815 1901/1744/1815 1832/1750/1815
f 1834/1750/1816 1895/1744/1816 1898/1744/1816 1833/1750/1816
f 1904/1759/1817 1905/1760/1817 1908/1761/1817 1907/1762/1817
f 1905/1760/1818 1906/1763/1818 1909/1764/1818 1908/1761/1818
f 1907/1762/1819 1908/1761/1819 1911/1765/1819 1910/1766/1819
f 1908/1761/1820 1909/1764/1820 1912/1767/1820 1911/1765/1820
f 1744/1632/1821 1765/1768/1821 1904/1759/1821 1816/1769/1821
f 1765/1768/1822 1764/1770/1822 1905/1760/1822 1904/1759/1822
f 1764/1770/1823 1763/1629/1823 1906/1763/1823 1905/1760/1823
f 1763/1629/1824 1742/1628/1824 1811/1771/1824 1906/1763/1824
f 1906/1763/1825 1811/1771/1825 1812/1771/1825 1909/1764/1825
f 1909/1764/1826 1812/1771/1826 1813/1771/1826 1912/1767/1826
f 1912/1767/1827 1813/1771/1827 1749/1628/1827 1793/1772/1827
f 1911/1765/1828 1912/1767/1828 1793/1772/1828 1794/1773/1828
f 1910/1766/1829 1911/1765/1829 1794/1773/1829 1795/1774/1829
f 1814/1775/1830 1910/1766/1830 1795/1774/1830 1750/1776/1830
f 1815/1777/1831 1907/1762/1831 1910/1766/1831 1814/1775/1831
f 1816/1769/1832 1904/1759/1832 1907/1762/1832 1815/1777/1832
f 1913/1778/1833 1914/1779/1833 1917/1780/1833 1916/1781/1833
f 1914/1779/1834 1915/1782/1834 1918/1783/1834 1917/1780/1834
f 1916/1781/1835 1917/1780/1835 1920/1784/1835 1919/1785/1835
f 1917/1780/1836 1918/1783/1836 1921/1786/1836 1920/1784/1836
f 1742/1692/1837 1792/1691/1837 1913/1778/1837 1811/1750/1837
f 1792/1691/1838 1791/1787/1838 1914/1779/1838 1913/1778/1838
f 1791/1787/1839 1790/1788/1839 1915/1782/1839 1914/1779/1839
f 1790/1788/1840 1746/1789/1840 1810/1790/1840 1915/1782/1840
f 1915/1782/1841 1810/1790/1841 1809/1791/1841 1918/1783/1841
f 1918/1783/1842 1809/1791/1842 1808/1792/1842 1921/1786/1842
f 1921/1786/1843 1808/1792/1843 1752/1752/1843 1802/1751/1843
f 1920/1784/1844 1921/1786/1844 1802/1751/1844 1803/1746/1844
f 1919/1785/1845 1920/1784/1845 1803/1746/1845 1804/1744/1845
f 1813/1750/1846 1919/1785/1846 1804/1744/1846 1749/1692/1846
f 1812/1750/1847 1916/1781/1847 1919/1785/1847 1813/1750/1847
f 1811/1750/1848 1913/1778/1848 1916/1781/1848 1812/1750/1848
f 1922/1793/1849 1923/1794/1849 1926/1795/1849 1925/1796/1849
f 1923/1794/1850 1924/1797/1850 1927/1798/1850 1926/1795/1850
f 1925/1796/1851 1926/1795/1851 1929/1799/1851 1928/1800/1851
f 1926/1795/1852 1927/1798/1852 1930/1801/1852 1929/1799/1852
f 1748/1733/1853 1774/1802/1853 1922/1793/1853 1805/1734/1853
f 1774/1802/1854 1773/1803/1854 1923/1794/1854 1922/1793/1854
f 1773/1803/1855 1772/1804/1855 1924/1797/1855 1923/1794/1855
f 1772/1804/1856 1744/1632/1856 1816/1805/1856 1924/1797/1856
f 1924/1797/1857 1816/1805/1857 1815/1806/1857 1927/1798/1857
f 1927/1798/1858 1815/1806/1858 1814/1807/1858 1930/1801/1858
f 1930/1801/1859 1814/1807/1859 1750/1776/1859 1796/1808/1859
f 1929/1799/1860 1930/1801/1860 1796/1808/1860 1797/1809/1860
f 1928/1800/1861 1929/1799/1861 1797/1809/1861 1798/1810/1861
f 1807/1736/1862 1928/1800/1862 1798/1810/1862 1751/1737/1862
f 1806/1735/1863 1925/1796/1863 1928/1800/1863 1807/1736/1863
f 1805/1734/1864 1922/1793/1864 1925/1796/1864 1806/1735/1864
f 1931/1811/1865 1932/1812/1865 1935/1813/1865 1934/1814/1865
f 1932/1812/1866 1933/1815/1866 1936/1816/1866 1935/1813/1866
f 1934/1814/1867 1935/1813/1867 1938/1817/1867 1937/1818/1867
f 1935/1813/1868 1936/1816/1868 1939/1819/1868 1938/1817/1868
f 1755/1820/1869 1822/1821/1869 1931/1811/1869 1823/1822/1869
f 1822/1821/1870 1821/1823/1870 1932/1812/1870 1931/1811/1870
f 1821/1823/1871 1820/1824/1871 1933/1815/1871 1932/1812/1871
f 1820/1824/1872 1754/1825/1872 1819/1826/1872 1933/1815/1872
f 1933/1815/1873 1819/1826/1873 1818/1827/1873 1936/1816/1873
f 1936/1816/1874 1818/1827/1874 1817/1828/1874 1939/1819/1874
f 1939/1819/1875 1817/1828/1875 1753/1829/1875 1828/1830/1875
f 1938/1817/1876 1939/1819/1876 1828/1830/1876 1827/1831/1876
f 1937/1818/1877 1938/1817/1877 1827/1831/1877 1826/1832/1877
f 1825/1833/1878 1937/1818/1878 1826/1832/1878 1756/1756/1878
f 1824/1834/1879 1934/1814/1879 1937/1818/1879 1825/1833/1879
f 1823/1822/1880 1931/1811/1880 1934/1814/1880 1824/1834/1880
f 1940/1835/1881 1941/1836/1881 1944/1809/1881 1943/1837/1881
f 1941/1836/1882 1942/1838/1882 1945/1808/1882 1944/1809/1882
f 1943/1837/1883 1944/1809/1883 1947/1809/1883 1946/1839/1883
f 1944/1809/1884 1945/1808/1884 1948/1840/1884 1947/1809/1884
f 1751/1841/1885 1798/1842/1885 1940/1835/1885 1840/1843/1885
f 1798/1842/1886 1797/1844/1886 1941/1836/1886 1940/1835/1886
f 1797/1844/1887 1796/1808/1887 1942/1838/1887 1941/1836/1887
f 1796/1808/1888 1750/1776/1888 1835/1845/1888 1942/1838/1888
f 1942/1838/1889 1835/1845/1889 1836/1846/1889 1945/1808/1889
f 1945/1808/1890 1836/1846/1890 1837/1846/1890 1948/1840/1890
f 1948/1840/1891 1837/1846/1891 1754/1847/1891 1820/1808/1891
f 1947/1809/1892 1948/1840/1892 1820/1808/1892 1821/1809/1892
f 1946/1839/1893 1947/1809/1893 1821/1809/1893 1822/1848/1893
f 1838/1849/1894 1946/1839/1894 1822/1848/1894 1755/1820/1894
f 1839/1850/1895 1943/1837/1895 1946/1839/1895 1838/1849/1895
f 1840/1843/1896 1940/1835/1896 1943/1837/1896 1839/1850/1896
f 1949/1851/1897 1950/1852/1897 1953/1853/1897 1952/1854/1897
f 1950/1852/1898 1951/1855/1898 1954/1856/1898 1953/1853/1898
f 1952/1854/1899 1953/1853/1899 1956/1857/1899 1955/1858/1899
f 1953/1853/1900 1954/1856/1900 1957/1859/1900 1956/1857/1900
f 1752/1752/1901 1801/1860/1901 1949/1851/1901 1829/1753/1901
f 1801/1860/1902 1800/1739/1902 1950/1852/1902 1949/1851/1902
f 1800/1739/1903 1799/1861/1903 1951/1855/1903 1950/1852/1903
f 1799/1861/1904 1751/1841/1904 1840/1843/1904 1951/1855/1904
f 1951/1855/1905 1840/1843/1905 1839/1850/1905 1954/1856/1905
f 1954/1856/1906 1839/1850/1906 1838/1849/1906 1957/1859/1906
f 1957/1859/1907 1838/1849/1907 1755/1820/1907 1823/1862/1907
f 1956/1857/1908 1957/1859/1908 1823/1862/1908 1824/1863/1908
f 1955/1858/1909 1956/1857/1909 1824/1863/1909 1825/1864/1909
f 1831/1755/1910 1955/1858/1910 1825/1864/1910 1756/1756/1910
f 1830/1754/1911 1952/1854/1911 1955/1858/1911 1831/1755/1911
f 1829/1753/1912 1949/1851/1912 1952/1854/1912 1830/1754/1912
f 1958/1865/1913 1959/1773/1913 1962/1773/1913 1961/1866/1913
f 1959/1773/1914 1960/1772/1914 1963/1772/1914 1962/1773/1914
f 1961/1866/1915 1962/1773/1915 1965/1773/1915 1964/1866/1915
f 1962/1773/1916 1963/1772/1916 1966/1772/1916 1965/1773/1916
f 1750/1776/1917 1795/1774/1917 1958/1865/1917 1835/1845/1917
f 1795/1774/1918 1794/1773/1918 1959/1773/1918 1958/1865/1918
f 1794/1773/1919 1793/1772/1919 1960/1772/1919 1959/1773/1919
f 1793/1772/1920 1749/1628/1920 1834/1771/1920 1960/1772/1920
f 1960/1772/1921 1834/1771/1921 1833/1771/1921 1963/1772/1921
f 1963/1772/1922 1833/1771/1922 1832/1771/1922 1966/1772/1922
f 1966/1772/1923 1832/1771/1923 1753/1771/1923 1817/1772/1923
f 1965/1773/1924 1966/1772/1924 1817/1772/1924 1818/1773/1924
f 1964/1866/1925 1965/1773/1925 1818/1773/1925 1819/1867/1925
f 1837/1846/1926 1964/1866/1926 1819/1867/1926 1754/1847/1926
f 1836/1846/1927 1961/1866/1927 1964/1866/1927 1837/1846/1927
f 1835/1845/1928 1958/1865/1928 1961/1866/1928 1836/1846/1928
o Leg.L.001
v -0.027061 -1.084574 0.128327
v -0.001336 -1.280156 0.154053
v -0.027061 -1.084574 -0.096284
v -0.001336 -1.280156 -0.122010
v -0.251673 -1.084574 0.128327
v -0.277399 -1.280156 0.154053
v -0.251673 -1.084574 -0.096284
v -0.277399 -1.280156 -0.122010
v -0.014665 -1.604083 0.140723
v -0.014665 -1.604083 -0.108681
v -0.264069 -1.604083 -0.108681
v -0.264069 -1.604083 0.140723
v -0.051930 -2.201324 0.103459
v -0.051930 -2.201324 -0.071416
v -0.226805 -2.201324 -0.071416
v -0.226805 -2.201324 0.103459
v -0.010051 -1.074123 -0.050734
v -0.001456 -1.068874 0.016021
v -0.010051 -1.074123 0.082777
v -0.011224 -1.114543 0.144165
v -0.000034 -1.162866 0.155355
v 0.001893 -1.220832 0.157281
v 0.037486 -1.280156 0.091508
v 0.050426 -1.280156 0.016021
v 0.037486 -1.280156 -0.059465
v 0.001893 -1.220832 -0.125238
v -0.000034 -1.162866 -0.123312
v -0.011224 -1.114543 -0.112122
v -0.206123 -1.074123 -0.113295
v -0.139367 -1.068874 -0.121889
v -0.072612 -1.074123 -0.113295
v -0.063881 -1.280156 -0.160832
v -0.139367 -1.280156 -0.173772
v -0.214854 -1.280156 -0.160832
v -0.280627 -1.220832 -0.125238
v -0.278701 -1.162866 -0.123312
v -0.267511 -1.114543 -0.112122
v -0.268684 -1.074123 0.082777
v -0.277278 -1.068874 0.016021
v -0.268684 -1.074123 -0.050734
v -0.316221 -1.280156 -0.059465
v -0.329161 -1.280156 0.016021
v -0.316221 -1.280156 0.091508
v -0.280627 -1.220832 0.157281
v -0.278701 -1.162866 0.155355
v -0.267511 -1.114543 0.144165
v -0.072612 -1.074123 0.145338
v -0.139367 -1.068874 0.153932
v -0.206123 -1.074123 0.145338
v -0.214854 -1.280156 0.192875
v -0.139367 -1.280156 0.205815
v -0.063881 -1.280156 0.192875
v 0.020407 -1.604083 0.084218
v 0.032098 -1.604083 0.016021
v 0.020407 -1.604083 -0.052175
v -0.071171 -1.604083 -0.143753
v -0.139367 -1.604083 -0.155444
v -0.207564 -1.604083 -0.143753
v -0.299142 -1.604083 -0.052175
v -0.310833 -1.604083 0.016021
v -0.299142 -1.604083 0.084218
v -0.207564 -1.604083 0.175796
v -0.139367 -1.604083 0.187487
v -0.071171 -1.604083 0.175796
v -0.273672 -1.336055 -0.118283
v -0.270286 -1.399084 -0.114897
v -0.267123 -1.483631 -0.111734
v -0.267123 -1.483631 0.143777
v -0.270286 -1.399084 0.146940
v -0.273672 -1.336055 0.150326
v -0.005062 -1.336055 0.150326
v -0.008449 -1.399084 0.146940
v -0.011612 -1.483631 0.143777
v -0.011612 -1.483631 -0.111734
v -0.008449 -1.399084 -0.114897
v -0.005063 -1.336055 -0.118283
v -0.039572 -2.236884 0.067820
v -0.033396 -2.254746 0.016021
v -0.039572 -2.236884 -0.035777
v -0.087569 -2.236884 -0.083774
v -0.139368 -2.254746 -0.089950
v -0.191166 -2.236884 -0.083774
v -0.239163 -2.236884 -0.035777
v -0.245339 -2.254746 0.016021
v -0.239163 -2.236884 0.067820
v -0.191166 -2.236884 0.115817
v -0.139368 -2.254746 0.121993
v -0.087569 -2.236884 0.115817
v -0.260477 -1.766477 0.137131
v -0.253567 -1.943454 0.130221
v -0.241042 -2.100416 0.117696
v -0.037693 -2.100416 0.117696
v -0.025168 -1.943454 0.130221
v -0.018258 -1.766477 0.137131
v -0.018258 -1.766477 -0.105088
v -0.025168 -1.943454 -0.098178
v -0.037693 -2.100416 -0.085653
v -0.241042 -2.100416 -0.085653
v -0.253567 -1.943454 -0.098178
v -0.260477 -1.766477 -0.105088
v 0.024043 -1.111651 0.086668
v 0.039375 -1.162092 0.092161
v 0.041650 -1.220736 0.093266
v 0.036098 -1.109121 0.016021
v 0.052580 -1.161318 0.016021
v 0.054911 -1.220639 0.016021
v 0.024043 -1.111651 -0.054625
v 0.039375 -1.162092 -0.060118
v 0.041650 -1.220736 -0.061223
v -0.068721 -1.111651 -0.147389
v -0.063228 -1.162092 -0.162720
v -0.062123 -1.220736 -0.164996
v -0.139367 -1.109121 -0.159444
v -0.139367 -1.161318 -0.175926
v -0.139367 -1.220639 -0.178257
v -0.210014 -1.111651 -0.147389
v -0.215507 -1.162092 -0.162720
v -0.216612 -1.220736 -0.164996
v -0.302778 -1.111651 -0.054625
v -0.318109 -1.162092 -0.060118
v -0.320384 -1.220736 -0.061223
v -0.314833 -1.109121 0.016021
v -0.331315 -1.161318 0.016021
v -0.333645 -1.220639 0.016021
v -0.302778 -1.111651 0.086668
v -0.318109 -1.162092 0.092161
v -0.320384 -1.220736 0.093266
v -0.210014 -1.111651 0.179432
v -0.215507 -1.162092 0.194763
v -0.216612 -1.220736 0.197038
v -0.139367 -1.109121 0.191487
v -0.139367 -1.161318 0.207969
v -0.139367 -1.220639 0.210299
v -0.068721 -1.111651 0.179432
v -0.063228 -1.162092 0.194763
v -0.062123 -1.220736 0.197038
v -0.067548 -1.051762 -0.055798
v -0.139367 -1.044191 -0.059906
v -0.211186 -1.051762 -0.055798
v -0.063440 -1.044191 0.016021
v -0.139367 -1.035926 0.016021
v -0.215295 -1.044191 0.016021
v -0.067548 -1.051762 0.087841
v -0.139367 -1.044191 0.091949
v -0.211186 -1.051762 0.087841
v -0.311446 -1.336055 0.089469
v -0.324037 -1.336055 0.016021
v -0.311446 -1.336055 -0.057427
v -0.307106 -1.399084 0.087617
v -0.319380 -1.399084 0.016021
v -0.307106 -1.399084 -0.055574
v -0.303054 -1.483631 0.085888
v -0.315031 -1.483631 0.016021
v -0.303054 -1.483631 -0.053845
v -0.073136 -1.766807 0.171191
v -0.139367 -1.767136 0.182545
v -0.205599 -1.766807 0.171191
v -0.076912 -1.946087 0.162330
v -0.139368 -1.948721 0.173030
v -0.201823 -1.946087 0.162330
v -0.083221 -2.110256 0.145156
v -0.139368 -2.118866 0.154375
v -0.195514 -2.110256 0.145156
v 0.032711 -1.336055 -0.057427
v 0.045302 -1.336055 0.016021
v 0.032711 -1.336055 0.089470
v 0.028371 -1.399084 -0.055574
v 0.040645 -1.399084 0.016021
v 0.028371 -1.399084 0.087617
v 0.024319 -1.483631 -0.053845
v 0.036297 -1.483631 0.016021
v 0.024319 -1.483631 0.085888
v -0.065919 -1.336055 0.188100
v -0.139367 -1.336055 0.200691
v -0.212815 -1.336055 0.188100
v -0.067772 -1.399084 0.183760
v -0.139367 -1.399084 0.196034
v -0.210963 -1.399084 0.183760
v -0.069501 -1.483631 0.179708
v -0.139367 -1.483631 0.191685
v -0.209234 -1.483631 0.179708
v -0.212815 -1.336055 -0.156057
v -0.139367 -1.336055 -0.168648
v -0.065919 -1.336055 -0.156057
v -0.210963 -1.399084 -0.151717
v -0.139367 -1.399084 -0.163991
v -0.067772 -1.399084 -0.151717
v -0.209234 -1.483631 -0.147665
v -0.139367 -1.483631 -0.159642
v -0.069501 -1.483631 -0.147665
v -0.194148 -2.312972 -0.038759
v -0.139368 -2.338735 -0.041544
v -0.084587 -2.312972 -0.038759
v -0.196933 -2.338735 0.016021
v -0.139368 -2.366856 0.016021
v -0.081802 -2.338735 0.016021
v -0.194148 -2.312972 0.070802
v -0.139368 -2.338735 0.073587
v -0.084587 -2.312972 0.070802
v -0.205599 -1.766807 -0.139148
v -0.139367 -1.767136 -0.150502
v -0.073136 -1.766807 -0.139148
v -0.201823 -1.946087 -0.130287
v -0.139368 -1.948721 -0.140987
v -0.076912 -1.946087 -0.130287
v -0.195514 -2.110256 -0.113113
v -0.139368 -2.118866 -0.122332
v -0.083221 -2.110256 -0.113113
v -0.294537 -1.766807 0.082253
v -0.305891 -1.767136 0.016021
v -0.294537 -1.766807 -0.050210
v -0.285676 -1.946087 0.078477
v -0.296376 -1.948721 0.016021
v -0.285676 -1.946087 -0.046434
v -0.268502 -2.110256 0.072168
v -0.277721 -2.118866 0.016021
v -0.268502 -2.110256 -0.040125
v 0.015802 -1.766807 -0.050210
v 0.027156 -1.767136 0.016021
v 0.015802 -1.766807 0.082253
v 0.006941 -1.946087 -0.046434
v 0.017641 -1.948721 0.016021
v 0.006941 -1.946087 0.078477
v -0.010233 -2.110256 -0.040125
v -0.001014 -2.118866 0.016021
v -0.010233 -2.110256 0.072168
vn 0.9390 0.3000 0.1683
vn 0.9846 0.0400 0.1701
vn 0.9390 0.3000 -0.1683
vn 0.9846 0.0400 -0.1701
vn 0.6674 0.6160 0.4184
vn 0.8064 0.3024 0.5082
vn 0.8480 0.0443 0.5281
vn 0.8472 -0.0748 0.5260
vn 0.9829 -0.0740 0.1686
vn 0.9829 -0.0740 -0.1686
vn 0.8472 -0.0748 -0.5260
vn 0.8480 0.0443 -0.5281
vn 0.8064 0.3024 -0.5082
vn 0.6674 0.6160 -0.4184
vn 0.7238 0.6742 -0.1469
vn 0.7238 0.6742 0.1469
vn 0.1683 0.3000 -0.9390
vn 0.1701 0.0400 -0.9846
vn -0.1683 0.3000 -0.9390
vn -0.1701 0.0400 -0.9846
vn 0.4184 0.6160 -0.6674
vn 0.5082 0.3024 -0.8064
vn 0.5281 0.0443 -0.8480
vn 0.5260 -0.0748 -0.8472
vn 0.1686 -0.0740 -0.9829
vn -0.1686 -0.0740 -0.9829
vn -0.5260 -0.0748 -0.8472
vn -0.5281 0.0443 -0.8480
vn -0.5082 0.3024 -0.8064
vn -0.4184 0.6160 -0.6674
vn -0.1469 0.6742 -0.7238
vn 0.1469 0.6742 -0.7238
vn -0.9390 0.3000 -0.1683
vn -0.9846 0.0400 -0.1701
vn -0.9390 0.3000 0.1683
vn -0.9846 0.0400 0.1701
vn -0.6674 0.6160 -0.4184
vn -0.8064 0.3024 -0.5082
vn -0.8480 0.0443 -0.5281
vn -0.8472 -0.0748 -0.5260
vn -0.9829 -0.0740 -0.1686
vn -0.9829 -0.0740 0.1686
vn -0.8472 -0.0748 0.5260
vn -0.8480 0.0443 0.5281
vn -0.8064 0.3024 0.5082
vn -0.6674 0.6160 0.4184
vn -0.7238 0.6742 0.1469
vn -0.7238 0.6742 -0.1469
vn -0.1683 0.3000 0.9390
vn -0.1701 0.0400 0.9846
vn 0.1683 0.3000 0.9390
vn 0.1701 0.0400 0.9846
vn -0.4184 0.6160 0.6674
vn -0.5082 0.3024 0.8064
vn -0.5281 0.0443 0.8480
vn -0.5260 -0.0748 0.8472
vn -0.1686 -0.0740 0.9829
vn 0.1686 -0.0740 0.9829
vn 0.5260 -0.0748 0.8472
vn 0.5281 0.0443 0.8480
vn 0.5082 0.3024 0.8064
vn 0.4184 0.6160 0.6674
vn 0.1469 0.6742 0.7238
vn -0.1469 0.6742 0.7238
vn 0.1089 0.9881 -0.1089
vn -0.1089 0.9881 -0.1089
vn 0.1089 0.9881 0.1089
vn -0.1089 0.9881 0.1089
vn 0.3516 0.8676 -0.3516
vn 0.1191 0.9221 -0.3681
vn -0.1191 0.9221 -0.3681
vn -0.3516 0.8676 -0.3516
vn -0.3681 0.9221 -0.1191
vn -0.3681 0.9221 0.1191
vn -0.3516 0.8676 0.3516
vn -0.1191 0.9221 0.3681
vn 0.1191 0.9221 0.3681
vn 0.3516 0.8676 0.3516
vn 0.3681 0.9221 0.1191
vn 0.3681 0.9221 -0.1191
vn -0.9830 -0.0726 0.1685
vn -0.9830 -0.0726 -0.1685
vn -0.9844 -0.0506 0.1687
vn -0.9844 -0.0506 -0.1687
vn -0.8461 -0.0914 0.5252
vn -0.9816 -0.0900 0.1683
vn -0.9816 -0.0900 -0.1683
vn -0.8461 -0.0914 -0.5252
vn -0.8473 -0.0738 -0.5259
vn -0.8485 -0.0514 -0.5267
vn -0.8491 -0.0349 -0.5270
vn -0.9850 -0.0343 -0.1689
vn -0.9850 -0.0343 0.1689
vn -0.8491 -0.0349 0.5270
vn -0.8485 -0.0514 0.5267
vn -0.8473 -0.0738 0.5259
vn 0.1698 -0.0519 0.9841
vn -0.1698 -0.0519 0.9841
vn 0.1746 -0.1082 0.9787
vn -0.1746 -0.1082 0.9787
vn 0.5272 -0.0304 0.8492
vn 0.1690 -0.0299 0.9852
vn -0.1690 -0.0299 0.9852
vn -0.5272 -0.0304 0.8492
vn -0.5276 -0.0534 0.8478
vn -0.5293 -0.1089 0.8414
vn -0.5199 -0.2014 0.8301
vn -0.1920 -0.2276 0.9546
vn 0.1920 -0.2276 0.9546
vn 0.5199 -0.2014 0.8301
vn 0.5293 -0.1089 0.8414
vn 0.5276 -0.0534 0.8478
vn 0.9830 -0.0726 -0.1685
vn 0.9830 -0.0726 0.1685
vn 0.9844 -0.0506 -0.1687
vn 0.9844 -0.0506 0.1687
vn 0.8461 -0.0914 -0.5252
vn 0.9816 -0.0900 -0.1683
vn 0.9816 -0.0900 0.1683
vn 0.8461 -0.0914 0.5252
vn 0.8473 -0.0738 0.5259
vn 0.8485 -0.0514 0.5267
vn 0.8491 -0.0349 0.5270
vn 0.9850 -0.0343 0.1689
vn 0.9850 -0.0343 -0.1689
vn 0.8491 -0.0349 -0.5270
vn 0.8485 -0.0514 -0.5267
vn 0.8473 -0.0738 -0.5259
vn 0.1685 -0.0726 0.9830
vn -0.1685 -0.0726 0.9830
vn 0.1687 -0.0506 0.9844
vn -0.1687 -0.0506 0.9844
vn 0.5252 -0.0914 0.8461
vn 0.1683 -0.0900 0.9816
vn -0.1683 -0.0900 0.9816
vn -0.5252 -0.0914 0.8461
vn -0.5259 -0.0738 0.8473
vn -0.5267 -0.0514 0.8485
vn -0.5270 -0.0349 0.8491
vn -0.1689 -0.0343 0.9850
vn 0.1689 -0.0343 0.9850
vn 0.5270 -0.0349 0.8491
vn 0.5267 -0.0514 0.8485
vn 0.5259 -0.0738 0.8473
vn -0.1685 -0.0726 -0.9830
vn 0.1685 -0.0726 -0.9830
vn -0.1687 -0.0506 -0.9844
vn 0.1687 -0.0506 -0.9844
vn -0.5252 -0.0914 -0.8461
vn -0.1683 -0.0900 -0.9816
vn 0.1683 -0.0900 -0.9816
vn 0.5252 -0.0914 -0.8461
vn 0.5259 -0.0738 -0.8473
vn 0.5267 -0.0514 -0.8485
vn 0.5270 -0.0349 -0.8491
vn 0.1689 -0.0343 -0.9850
vn -0.1689 -0.0343 -0.9850
vn -0.5270 -0.0349 -0.8491
vn -0.5267 -0.0514 -0.8485
vn -0.5259 -0.0738 -0.8473
vn -0.4038 -0.8209 -0.4038
vn 0.4038 -0.8209 -0.4038
vn -0.4038 -0.8209 0.4038
vn 0.4038 -0.8209 0.4038
vn -0.6534 -0.3822 -0.6534
vn -0.2674 -0.4820 -0.8344
vn 0.2674 -0.4820 -0.8344
vn 0.6534 -0.3822 -0.6534
vn 0.8344 -0.4820 -0.2674
vn 0.8344 -0.4820 0.2674
vn 0.6534 -0.3822 0.6534
vn 0.2674 -0.4820 0.8344
vn -0.2674 -0.4820 0.8344
vn -0.6534 -0.3822 0.6534
vn -0.8344 -0.4820 0.2674
vn -0.8344 -0.4820 -0.2674
vn -0.1698 -0.0519 -0.9841
vn 0.1698 -0.0519 -0.9841
vn -0.1746 -0.1082 -0.9787
vn 0.1746 -0.1082 -0.9787
vn -0.5272 -0.0304 -0.8492
vn -0.1690 -0.0299 -0.9852
vn 0.1690 -0.0299 -0.9852
vn 0.5272 -0.0304 -0.8492
vn 0.5276 -0.0534 -0.8478
vn 0.5293 -0.1089 -0.8414
vn 0.5199 -0.2014 -0.8301
vn 0.1920 -0.2276 -0.9546
vn -0.1920 -0.2276 -0.9546
vn -0.5199 -0.2014 -0.8301
vn -0.5293 -0.1089 -0.8414
vn -0.5276 -0.0534 -0.8478
vn -0.9841 -0.0519 0.1698
vn -0.9841 -0.0519 -0.1698
vn -0.9787 -0.1082 0.1746
vn -0.9787 -0.1082 -0.1746
vn -0.8492 -0.0304 0.5272
vn -0.9852 -0.0299 0.1690
vn -0.9852 -0.0299 -0.1690
vn -0.8492 -0.0304 -0.5272
vn -0.8478 -0.0534 -0.5276
vn -0.8414 -0.1089 -0.5293
vn -0.8301 -0.2014 -0.5199
vn -0.9546 -0.2276 -0.1920
vn -0.9546 -0.2276 0.1920
vn -0.8301 -0.2014 0.5199
vn -0.8414 -0.1089 0.5293
vn -0.8478 -0.0534 0.5276
vn 0.9841 -0.0519 -0.1698
vn 0.9841 -0.0519 0.1698
vn 0.9787 -0.1082 -0.1746
vn 0.9787 -0.1082 0.1746
vn 0.8492 -0.0304 -0.5272
vn 0.9852 -0.0299 -0.1690
vn 0.9852 -0.0299 0.1690
vn 0.8492 -0.0304 0.5272
vn 0.8478 -0.0534 0.5276
vn 0.8414 -0.1089 0.5293
vn 0.8301 -0.2014 0.5199
vn 0.9546 -0.2276 0.1920
vn 0.9546 -0.2276 -0.1920
vn 0.8301 -0.2014 -0.5199
vn 0.8414 -0.1089 -0.5293
vn 0.8478 -0.0534 -0.5276
vt 0.437188 0.062500
vt 0.497504 0.062500
vt 0.495660 0.125000
vt 0.436957 0.125000
vt 0.553155 0.062500
vt 0.547418 0.125000
vt 0.494900 0.187500
vt 0.436863 0.187500
vt 0.545234 0.187500
vt 0.375000 0.000000
vt 0.437500 0.000000
vt 0.375000 0.062500
vt 0.500000 0.000000
vt 0.562500 0.000000
vt 0.625000 0.000000
vt 0.595920 0.062500
vt 0.586806 0.125000
vt 0.583767 0.187500
vt 0.583333 0.250000
vt 0.544922 0.250000
vt 0.494792 0.250000
vt 0.436849 0.250000
vt 0.375000 0.187500
vt 0.375000 0.250000
vt 0.375000 0.125000
vt 0.436849 0.312500
vt 0.494792 0.312500
vt 0.494792 0.375000
vt 0.436849 0.375000
vt 0.544922 0.312500
vt 0.544922 0.375000
vt 0.494792 0.437500
vt 0.436849 0.437500
vt 0.544922 0.437500
vt 0.375000 0.312500
vt 0.583333 0.312500
vt 0.583333 0.375000
vt 0.583333 0.437500
vt 0.583333 0.500000
vt 0.544922 0.500000
vt 0.494792 0.500000
vt 0.436849 0.500000
vt 0.375000 0.437500
vt 0.375000 0.500000
vt 0.375000 0.375000
vt 0.436849 0.562500
vt 0.494792 0.562500
vt 0.494792 0.625000
vt 0.436849 0.625000
vt 0.544922 0.562500
vt 0.544922 0.625000
vt 0.494792 0.687500
vt 0.436849 0.687500
vt 0.544922 0.687500
vt 0.375000 0.562500
vt 0.583333 0.562500
vt 0.583333 0.625000
vt 0.583333 0.687500
vt 0.583333 0.750000
vt 0.544922 0.750000
vt 0.494792 0.750000
vt 0.436849 0.750000
vt 0.375000 0.687500
vt 0.375000 0.750000
vt 0.375000 0.625000
vt 0.436863 0.812500
vt 0.494900 0.812500
vt 0.495660 0.875000
vt 0.436957 0.875000
vt 0.545234 0.812500
vt 0.547418 0.875000
vt 0.497504 0.937500
vt 0.437188 0.937500
vt 0.553155 0.937500
vt 0.375000 0.812500
vt 0.583767 0.812500
vt 0.586806 0.875000
vt 0.595920 0.937500
vt 0.625000 1.000000
vt 0.562500 1.000000
vt 0.500000 1.000000
vt 0.437500 1.000000
vt 0.375000 0.937500
vt 0.375000 1.000000
vt 0.375000 0.875000
vt 0.187500 0.562500
vt 0.250000 0.562500
vt 0.250000 0.625000
vt 0.187500 0.625000
vt 0.312500 0.562500
vt 0.312500 0.625000
vt 0.250000 0.687500
vt 0.187500 0.687500
vt 0.312500 0.687500
vt 0.125000 0.500000
vt 0.187500 0.500000
vt 0.125000 0.562500
vt 0.250000 0.500000
vt 0.312500 0.500000
vt 0.312500 0.750000
vt 0.250000 0.750000
vt 0.187500 0.750000
vt 0.125000 0.687500
vt 0.125000 0.750000
vt 0.125000 0.625000
vt 0.607422 0.687500
vt 0.607422 0.625000
vt 0.619792 0.625000
vt 0.619792 0.687500
vt 0.607422 0.562500
vt 0.619792 0.562500
vt 0.624349 0.625000
vt 0.624349 0.687500
vt 0.624349 0.562500
vt 0.583333 0.750000
vt 0.583333 0.687500
vt 0.607422 0.750000
vt 0.583333 0.625000
vt 0.583333 0.562500
vt 0.583333 0.500000
vt 0.607422 0.500000
vt 0.619792 0.500000
vt 0.624349 0.500000
vt 0.625000 0.500000
vt 0.625000 0.562500
vt 0.625000 0.625000
vt 0.625000 0.687500
vt 0.624349 0.750000
vt 0.625000 0.750000
vt 0.619792 0.750000
vt 0.625000 0.937500
vt 0.625000 0.875000
vt 0.625000 0.875000
vt 0.625014 0.812500
vt 0.625109 0.812500
vt 0.625231 0.812500
vt 0.625000 1.000000
vt 0.625000 0.812500
vt 0.625000 0.750000
vt 0.625109 0.750000
vt 0.625868 0.750000
vt 0.627604 0.750000
vt 0.625000 0.750000
vt 0.625000 0.812500
vt 0.625000 0.937500
vt 0.607734 0.187500
vt 0.609918 0.125000
vt 0.620660 0.125000
vt 0.619900 0.187500
vt 0.615655 0.062500
vt 0.622504 0.062500
vt 0.624458 0.125000
vt 0.624363 0.187500
vt 0.624688 0.062500
vt 0.583767 0.187500
vt 0.607422 0.250000
vt 0.586806 0.125000
vt 0.625000 0.000000
vt 0.625000 0.062500
vt 0.625000 0.125000
vt 0.625000 0.187500
vt 0.624349 0.250000
vt 0.625000 0.250000
vt 0.619792 0.250000
vt 0.615655 0.937500
vt 0.609918 0.875000
vt 0.620660 0.875000
vt 0.622504 0.937500
vt 0.607734 0.812500
vt 0.619900 0.812500
vt 0.624457 0.875000
vt 0.624688 0.937500
vt 0.624363 0.812500
vt 0.586806 0.875000
vt 0.583767 0.812500
vt 0.583333 0.750000
vt 0.607422 0.750000
vt 0.619792 0.750000
vt 0.624349 0.750000
vt 0.607422 0.437500
vt 0.607422 0.375000
vt 0.619792 0.375000
vt 0.619792 0.437500
vt 0.607422 0.312500
vt 0.619792 0.312500
vt 0.624349 0.375000
vt 0.624349 0.437500
vt 0.624349 0.312500
vt 0.583333 0.437500
vt 0.583333 0.375000
vt 0.583333 0.312500
vt 0.607422 0.250000
vt 0.619792 0.250000
vt 0.624349 0.250000
vt 0.625000 0.312500
vt 0.625000 0.375000
vt 0.625000 0.437500
vt 0.696533 0.562500
vt 0.752387 0.562500
vt 0.753472 0.625000
vt 0.700087 0.625000
vt 0.812798 0.562500
vt 0.812934 0.625000
vt 0.752387 0.687500
vt 0.696533 0.687500
vt 0.812798 0.687500
vt 0.625000 0.500000
vt 0.687500 0.500000
vt 0.653700 0.562500
vt 0.750000 0.500000
vt 0.812500 0.500000
vt 0.875000 0.500000
vt 0.875000 0.562500
vt 0.875000 0.625000
vt 0.875000 0.687500
vt 0.875000 0.750000
vt 0.812500 0.750000
vt 0.750000 0.750000
vt 0.687500 0.750000
vt 0.653700 0.687500
vt 0.659722 0.625000
vt 0.625014 0.437500
vt 0.625000 0.375000
vt 0.625109 0.437500
vt 0.625000 0.312500
vt 0.625231 0.437500
vt 0.625000 0.312500
vt 0.625000 0.500000
vt 0.625000 0.437500
vt 0.625109 0.500000
vt 0.625000 0.375000
vt 0.625000 0.250000
vt 0.625000 0.250000
vt 0.625000 0.250000
vt 0.625000 0.437500
vt 0.627604 0.500000
vt 0.625868 0.500000
vt 0.625312 0.687500
vt 0.625434 0.625000
vt 0.628472 0.625000
vt 0.627496 0.687500
vt 0.625312 0.562500
vt 0.627496 0.562500
vt 0.637587 0.625000
vt 0.634264 0.687500
vt 0.634264 0.562500
vt 0.625000 0.687500
vt 0.625000 0.562500
vt 0.653700 0.562500
vt 0.659722 0.625000
vt 0.653700 0.687500
vt 0.625000 0.187500
vt 0.625000 0.187500
vt 0.625000 0.187500
s 0
f 2067/1868/1929 2068/1869/1929 2071/1870/1929 2070/1871/1929
f 2068/1869/1930 2069/1872/1930 2072/1873/1930 2071/1870/1930
f 2070/1871/1931 2071/1870/1931 2074/1874/1931 2073/1875/1931
f 2071/1870/1932 2072/1873/1932 2075/1876/1932 2074/1874/1932
f 1967/1877/1933 1986/1878/1933 2067/1868/1933 1985/1879/1933
f 1986/1878/1934 1987/1880/1934 2068/1869/1934 2067/1868/1934
f 1987/1880/1935 1988/1881/1935 2069/1872/1935 2068/1869/1935
f 1988/1881/1936 1968/1882/1936 1989/1883/1936 2069/1872/1936
f 2069/1872/1937 1989/1883/1937 1990/1884/1937 2072/1873/1937
f 2072/1873/1938 1990/1884/1938 1991/1885/1938 2075/1876/1938
f 2075/1876/1939 1991/1885/1939 1970/1886/1939 1992/1887/1939
f 2074/1874/1940 2075/1876/1940 1992/1887/1940 1993/1888/1940
f 2073/1875/1941 2074/1874/1941 1993/1888/1941 1994/1889/1941
f 1983/1890/1942 2073/1875/1942 1994/1889/1942 1969/1891/1942
f 1984/1892/1943 2070/1871/1943 2073/1875/1943 1983/1890/1943
f 1985/1879/1944 2067/1868/1944 2070/1871/1944 1984/1892/1944
f 2076/1893/1945 2077/1894/1945 2080/1895/1945 2079/1896/1945
f 2077/1894/1946 2078/1897/1946 2081/1898/1946 2080/1895/1946
f 2079/1896/1947 2080/1895/1947 2083/1899/1947 2082/1900/1947
f 2080/1895/1948 2081/1898/1948 2084/1901/1948 2083/1899/1948
f 1969/1891/1949 1994/1889/1949 2076/1893/1949 1997/1902/1949
f 1994/1889/1950 1993/1888/1950 2077/1894/1950 2076/1893/1950
f 1993/1888/1951 1992/1887/1951 2078/1897/1951 2077/1894/1951
f 1992/1887/1952 1970/1886/1952 1998/1903/1952 2078/1897/1952
f 2078/1897/1953 1998/1903/1953 1999/1904/1953 2081/1898/1953
f 2081/1898/1954 1999/1904/1954 2000/1905/1954 2084/1901/1954
f 2084/1901/1955 2000/1905/1955 1974/1906/1955 2001/1907/1955
f 2083/1899/1956 2084/1901/1956 2001/1907/1956 2002/1908/1956
f 2082/1900/1957 2083/1899/1957 2002/1908/1957 2003/1909/1957
f 1995/1910/1958 2082/1900/1958 2003/1909/1958 1973/1911/1958
f 1996/1912/1959 2079/1896/1959 2082/1900/1959 1995/1910/1959
f 1997/1902/1960 2076/1893/1960 2079/1896/1960 1996/1912/1960
f 2085/1913/1961 2086/1914/1961 2089/1915/1961 2088/1916/1961
f 2086/1914/1962 2087/1917/1962 2090/1918/1962 2089/1915/1962
f 2088/1916/1963 2089/1915/1963 2092/1919/1963 2091/1920/1963
f 2089/1915/1964 2090/1918/1964 2093/1921/1964 2092/1919/1964
f 1973/1911/1965 2003/1909/1965 2085/1913/1965 2006/1922/1965
f 2003/1909/1966 2002/1908/1966 2086/1914/1966 2085/1913/1966
f 2002/1908/1967 2001/1907/1967 2087/1917/1967 2086/1914/1967
f 2001/1907/1968 1974/1906/1968 2007/1923/1968 2087/1917/1968
f 2087/1917/1969 2007/1923/1969 2008/1924/1969 2090/1918/1969
f 2090/1918/1970 2008/1924/1970 2009/1925/1970 2093/1921/1970
f 2093/1921/1971 2009/1925/1971 1972/1926/1971 2010/1927/1971
f 2092/1919/1972 2093/1921/1972 2010/1927/1972 2011/1928/1972
f 2091/1920/1973 2092/1919/1973 2011/1928/1973 2012/1929/1973
f 2004/1930/1974 2091/1920/1974 2012/1929/1974 1971/1931/1974
f 2005/1932/1975 2088/1916/1975 2091/1920/1975 2004/1930/1975
f 2006/1922/1976 2085/1913/1976 2088/1916/1976 2005/1932/1976
f 2094/1933/1977 2095/1934/1977 2098/1935/1977 2097/1936/1977
f 2095/1934/1978 2096/1937/1978 2099/1938/1978 2098/1935/1978
f 2097/1936/1979 2098/1935/1979 2101/1939/1979 2100/1940/1979
f 2098/1935/1980 2099/1938/1980 2102/1941/1980 2101/1939/1980
f 1971/1931/1981 2012/1929/1981 2094/1933/1981 2015/1942/1981
f 2012/1929/1982 2011/1928/1982 2095/1934/1982 2094/1933/1982
f 2011/1928/1983 2010/1927/1983 2096/1937/1983 2095/1934/1983
f 2010/1927/1984 1972/1926/1984 2016/1943/1984 2096/1937/1984
f 2096/1937/1985 2016/1943/1985 2017/1944/1985 2099/1938/1985
f 2099/1938/1986 2017/1944/1986 2018/1945/1986 2102/1941/1986
f 2102/1941/1987 2018/1945/1987 1968/1946/1987 1988/1947/1987
f 2101/1939/1988 2102/1941/1988 1988/1947/1988 1987/1948/1988
f 2100/1940/1989 2101/1939/1989 1987/1948/1989 1986/1949/1989
f 2013/1950/1990 2100/1940/1990 1986/1949/1990 1967/1951/1990
f 2014/1952/1991 2097/1936/1991 2100/1940/1991 2013/1950/1991
f 2015/1942/1992 2094/1933/1992 2097/1936/1992 2014/1952/1992
f 2103/1953/1993 2104/1954/1993 2107/1955/1993 2106/1956/1993
f 2104/1954/1994 2105/1957/1994 2108/1958/1994 2107/1955/1994
f 2106/1956/1995 2107/1955/1995 2110/1959/1995 2109/1960/1995
f 2107/1955/1996 2108/1958/1996 2111/1961/1996 2110/1959/1996
f 1969/1962/1997 1997/1963/1997 2103/1953/1997 1983/1964/1997
f 1997/1963/1998 1996/1965/1998 2104/1954/1998 2103/1953/1998
f 1996/1965/1999 1995/1966/1999 2105/1957/1999 2104/1954/1999
f 1995/1966/2000 1973/1911/2000 2006/1922/2000 2105/1957/2000
f 2105/1957/2001 2006/1922/2001 2005/1932/2001 2108/1958/2001
f 2108/1958/2002 2005/1932/2002 2004/1930/2002 2111/1961/2002
f 2111/1961/2003 2004/1930/2003 1971/1931/2003 2015/1967/2003
f 2110/1959/2004 2111/1961/2004 2015/1967/2004 2014/1968/2004
f 2109/1960/2005 2110/1959/2005 2014/1968/2005 2013/1969/2005
f 1985/1970/2006 2109/1960/2006 2013/1969/2006 1967/1971/2006
f 1984/1972/2007 2106/1956/2007 2109/1960/2007 1985/1970/2007
f 1983/1964/2008 2103/1953/2008 2106/1956/2008 1984/1972/2008
f 2112/1973/2009 2113/1974/2009 2116/1975/2009 2115/1976/2009
f 2113/1974/2010 2114/1977/2010 2117/1978/2010 2116/1975/2010
f 2115/1976/2011 2116/1975/2011 2119/1979/2011 2118/1980/2011
f 2116/1975/2012 2117/1978/2012 2120/1981/2012 2119/1979/2012
f 1972/1982/2013 2009/1983/2013 2112/1973/2013 2036/1984/2013
f 2009/1983/2014 2008/1985/2014 2113/1974/2014 2112/1973/2014
f 2008/1985/2015 2007/1986/2015 2114/1977/2015 2113/1974/2015
f 2007/1986/2016 1974/1987/2016 2031/1988/2016 2114/1977/2016
f 2114/1977/2017 2031/1988/2017 2032/1989/2017 2117/1978/2017
f 2117/1978/2018 2032/1989/2018 2033/1990/2018 2120/1981/2018
f 2120/1981/2019 2033/1990/2019 1977/1991/2019 2025/1992/2019
f 2119/1979/2020 2120/1981/2020 2025/1992/2020 2026/1993/2020
f 2118/1980/2021 2119/1979/2021 2026/1993/2021 2027/1994/2021
f 2034/1995/2022 2118/1980/2022 2027/1994/2022 1978/1996/2022
f 2035/1997/2023 2115/1976/2023 2118/1980/2023 2034/1995/2023
f 2036/1984/2024 2112/1973/2024 2115/1976/2024 2035/1997/2024
f 2121/1998/2025 2122/1999/2025 2125/2000/2025 2124/1998/2025
f 2122/1999/2026 2123/2001/2026 2126/2002/2026 2125/2000/2026
f 2124/1998/2027 2125/2000/2027 2128/2000/2027 2127/1998/2027
f 2125/2000/2028 2126/2002/2028 2129/2003/2028 2128/2000/2028
f 1975/1946/2029 2030/1998/2029 2121/1998/2029 2060/2004/2029
f 2030/1998/2030 2029/2000/2030 2122/1999/2030 2121/1998/2030
f 2029/2000/2031 2028/2005/2031 2123/2001/2031 2122/1999/2031
f 2028/2005/2032 1978/2006/2032 2055/2007/2032 2123/2001/2032
f 2123/2001/2033 2055/2007/2033 2056/2008/2033 2126/2002/2033
f 2126/2002/2034 2056/2008/2034 2057/2009/2034 2129/2003/2034
f 2129/2003/2035 2057/2009/2035 1982/2010/2035 2052/2011/2035
f 2128/2000/2036 2129/2003/2036 2052/2011/2036 2053/2000/2036
f 2127/1998/2037 2128/2000/2037 2053/2000/2037 2054/2012/2037
f 2058/2004/2038 2127/1998/2038 2054/2012/2038 1979/2004/2038
f 2059/2004/2039 2124/1998/2039 2127/1998/2039 2058/2004/2039
f 2060/2004/2040 2121/1998/2040 2124/1998/2040 2059/2004/2040
f 2130/2013/2041 2131/2014/2041 2134/2015/2041 2133/2016/2041
f 2131/2014/2042 2132/2017/2042 2135/2018/2042 2134/2015/2042
f 2133/2016/2043 2134/2015/2043 2137/2019/2043 2136/2020/2043
f 2134/2015/2044 2135/2018/2044 2138/2021/2044 2137/2019/2044
f 1970/1886/2045 1991/2022/2045 2130/2013/2045 2042/2023/2045
f 1991/2022/2046 1990/2024/2046 2131/2014/2046 2130/2013/2046
f 1990/2024/2047 1989/1883/2047 2132/2017/2047 2131/2014/2047
f 1989/1883/2048 1968/1882/2048 2037/2025/2048 2132/2017/2048
f 2132/2017/2049 2037/2025/2049 2038/2025/2049 2135/2018/2049
f 2135/2018/2050 2038/2025/2050 2039/2025/2050 2138/2021/2050
f 2138/2021/2051 2039/2025/2051 1975/1882/2051 2019/2026/2051
f 2137/2019/2052 2138/2021/2052 2019/2026/2052 2020/2027/2052
f 2136/2020/2053 2137/2019/2053 2020/2027/2053 2021/2028/2053
f 2040/2029/2054 2136/2020/2054 2021/2028/2054 1976/2030/2054
f 2041/2031/2055 2133/2016/2055 2136/2020/2055 2040/2029/2055
f 2042/2023/2056 2130/2013/2056 2133/2016/2056 2041/2031/2056
f 2139/2032/2057 2140/2033/2057 2143/2034/2057 2142/2035/2057
f 2140/2033/2058 2141/2036/2058 2144/2037/2058 2143/2034/2058
f 2142/2035/2059 2143/2034/2059 2146/2038/2059 2145/2039/2059
f 2143/2034/2060 2144/2037/2060 2147/2040/2060 2146/2038/2060
f 1968/1946/2061 2018/1945/2061 2139/2032/2061 2037/2004/2061
f 2018/1945/2062 2017/2041/2062 2140/2033/2062 2139/2032/2062
f 2017/2041/2063 2016/2042/2063 2141/2036/2063 2140/2033/2063
f 2016/2042/2064 1972/2043/2064 2036/2044/2064 2141/2036/2064
f 2141/2036/2065 2036/2044/2065 2035/2045/2065 2144/2037/2065
f 2144/2037/2066 2035/2045/2066 2034/2046/2066 2147/2040/2066
f 2147/2040/2067 2034/2046/2067 1978/2006/2067 2028/2005/2067
f 2146/2038/2068 2147/2040/2068 2028/2005/2068 2029/2000/2068
f 2145/2039/2069 2146/2038/2069 2029/2000/2069 2030/1998/2069
f 2039/2004/2070 2145/2039/2070 2030/1998/2070 1975/1946/2070
f 2038/2004/2071 2142/2035/2071 2145/2039/2071 2039/2004/2071
f 2037/2004/2072 2139/2032/2072 2142/2035/2072 2038/2004/2072
f 2148/2047/2073 2149/2048/2073 2152/2049/2073 2151/2050/2073
f 2149/2048/2074 2150/2051/2074 2153/2052/2074 2152/2049/2074
f 2151/2050/2075 2152/2049/2075 2155/2053/2075 2154/2054/2075
f 2152/2049/2076 2153/2052/2076 2156/2055/2076 2155/2053/2076
f 1974/1987/2077 2000/2056/2077 2148/2047/2077 2031/1988/2077
f 2000/2056/2078 1999/2057/2078 2149/2048/2078 2148/2047/2078
f 1999/2057/2079 1998/2058/2079 2150/2051/2079 2149/2048/2079
f 1998/2058/2080 1970/1886/2080 2042/2059/2080 2150/2051/2080
f 2150/2051/2081 2042/2059/2081 2041/2060/2081 2153/2052/2081
f 2153/2052/2082 2041/2060/2082 2040/2061/2082 2156/2055/2082
f 2156/2055/2083 2040/2061/2083 1976/2030/2083 2022/2062/2083
f 2155/2053/2084 2156/2055/2084 2022/2062/2084 2023/2063/2084
f 2154/2054/2085 2155/2053/2085 2023/2063/2085 2024/2064/2085
f 2033/1990/2086 2154/2054/2086 2024/2064/2086 1977/1991/2086
f 2032/1989/2087 2151/2050/2087 2154/2054/2087 2033/1990/2087
f 2031/1988/2088 2148/2047/2088 2151/2050/2088 2032/1989/2088
f 2157/2065/2089 2158/2066/2089 2161/2067/2089 2160/2068/2089
f 2158/2066/2090 2159/2069/2090 2162/2070/2090 2161/2067/2090
f 2160/2068/2091 2161/2067/2091 2164/2071/2091 2163/2072/2091
f 2161/2067/2092 2162/2070/2092 2165/2073/2092 2164/2071/2092
f 1981/2074/2093 2048/2075/2093 2157/2065/2093 2049/2076/2093
f 2048/2075/2094 2047/2077/2094 2158/2066/2094 2157/2065/2094
f 2047/2077/2095 2046/2078/2095 2159/2069/2095 2158/2066/2095
f 2046/2078/2096 1980/2079/2096 2045/2080/2096 2159/2069/2096
f 2159/2069/2097 2045/2080/2097 2044/2081/2097 2162/2070/2097
f 2162/2070/2098 2044/2081/2098 2043/2082/2098 2165/2073/2098
f 2165/2073/2099 2043/2082/2099 1979/2083/2099 2054/2084/2099
f 2164/2071/2100 2165/2073/2100 2054/2084/2100 2053/2085/2100
f 2163/2072/2101 2164/2071/2101 2053/2085/2101 2052/2086/2101
f 2051/2087/2102 2163/2072/2102 2052/2086/2102 1982/2010/2102
f 2050/2088/2103 2160/2068/2103 2163/2072/2103 2051/2087/2103
f 2049/2076/2104 2157/2065/2104 2160/2068/2104 2050/2088/2104
f 2166/2089/2105 2167/2090/2105 2170/2063/2105 2169/2091/2105
f 2167/2090/2106 2168/2092/2106 2171/2062/2106 2170/2063/2106
f 2169/2091/2107 2170/2063/2107 2173/2063/2107 2172/2093/2107
f 2170/2063/2108 2171/2062/2108 2174/2094/2108 2173/2063/2108
f 1977/2095/2109 2024/2096/2109 2166/2089/2109 2066/2097/2109
f 2024/2096/2110 2023/2098/2110 2167/2090/2110 2166/2089/2110
f 2023/2098/2111 2022/2062/2111 2168/2092/2111 2167/2090/2111
f 2022/2062/2112 1976/2030/2112 2061/2099/2112 2168/2092/2112
f 2168/2092/2113 2061/2099/2113 2062/2100/2113 2171/2062/2113
f 2171/2062/2114 2062/2100/2114 2063/2100/2114 2174/2094/2114
f 2174/2094/2115 2063/2100/2115 1980/2101/2115 2046/2062/2115
f 2173/2063/2116 2174/2094/2116 2046/2062/2116 2047/2063/2116
f 2172/2093/2117 2173/2063/2117 2047/2063/2117 2048/2102/2117
f 2064/2103/2118 2172/2093/2118 2048/2102/2118 1981/2074/2118
f 2065/2104/2119 2169/2091/2119 2172/2093/2119 2064/2103/2119
f 2066/2097/2120 2166/2089/2120 2169/2091/2120 2065/2104/2120
f 2175/2105/2121 2176/2106/2121 2179/2107/2121 2178/2108/2121
f 2176/2106/2122 2177/2109/2122 2180/2110/2122 2179/2107/2122
f 2178/2108/2123 2179/2107/2123 2182/2111/2123 2181/2112/2123
f 2179/2107/2124 2180/2110/2124 2183/2113/2124 2182/2111/2124
f 1978/2006/2125 2027/2114/2125 2175/2105/2125 2055/2007/2125
f 2027/2114/2126 2026/1993/2126 2176/2106/2126 2175/2105/2126
f 2026/1993/2127 2025/2115/2127 2177/2109/2127 2176/2106/2127
f 2025/2115/2128 1977/2095/2128 2066/2097/2128 2177/2109/2128
f 2177/2109/2129 2066/2097/2129 2065/2104/2129 2180/2110/2129
f 2180/2110/2130 2065/2104/2130 2064/2103/2130 2183/2113/2130
f 2183/2113/2131 2064/2103/2131 1981/2074/2131 2049/2116/2131
f 2182/2111/2132 2183/2113/2132 2049/2116/2132 2050/2117/2132
f 2181/2112/2133 2182/2111/2133 2050/2117/2133 2051/2118/2133
f 2057/2009/2134 2181/2112/2134 2051/2118/2134 1982/2010/2134
f 2056/2008/2135 2178/2108/2135 2181/2112/2135 2057/2009/2135
f 2055/2007/2136 2175/2105/2136 2178/2108/2136 2056/2008/2136
f 2184/2119/2137 2185/2027/2137 2188/2027/2137 2187/2120/2137
f 2185/2027/2138 2186/2026/2138 2189/2026/2138 2188/2027/2138
f 2187/2120/2139 2188/2027/2139 2191/2027/2139 2190/2120/2139
f 2188/2027/2140 2189/2026/2140 2192/2026/2140 2191/2027/2140
f 1976/2030/2141 2021/2028/2141 2184/2119/2141 2061/2099/2141
f 2021/2028/2142 2020/2027/2142 2185/2027/2142 2184/2119/2142
f 2020/2027/2143 2019/2026/2143 2186/2026/2143 2185/2027/2143
f 2019/2026/2144 1975/1882/2144 2060/2025/2144 2186/2026/2144
f 2186/2026/2145 2060/2025/2145 2059/2025/2145 2189/2026/2145
f 2189/2026/2146 2059/2025/2146 2058/2025/2146 2192/2026/2146
f 2192/2026/2147 2058/2025/2147 1979/2025/2147 2043/2026/2147
f 2191/2027/2148 2192/2026/2148 2043/2026/2148 2044/2027/2148
f 2190/2120/2149 2191/2027/2149 2044/2027/2149 2045/2121/2149
f 2063/2100/2150 2190/2120/2150 2045/2121/2150 1980/2101/2150
f 2062/2100/2151 2187/2120/2151 2190/2120/2151 2063/2100/2151
f 2061/2099/2152 2184/2119/2152 2187/2120/2152 2062/2100/2152
o Leg.R.002
v 0.021664 -3.523243 0.168994
v 0.036604 -3.235861 0.154053
v 0.021664 -3.523243 -0.136951
v 0.036605 -3.235861 -0.122010
v 0.327609 -3.523243 0.168994
v 0.312668 -3.235861 0.154053
v 0.327609 -3.523243 -0.136951
v 0.312668 -3.235861 -0.122010
v 0.049934 -2.896799 0.140723
v 0.049934 -2.896799 -0.108681
v 0.299338 -2.896799 -0.108681
v 0.299338 -2.896799 0.140723
v 0.087199 -2.247949 0.103459
v 0.087199 -2.247949 -0.071416
v 0.262074 -2.247949 -0.071416
v 0.262074 -2.247949 0.103459
v 0.057484 -3.808357 -0.101131
v 0.057484 -3.808357 0.133174
v 0.291789 -3.808357 -0.101131
v 0.291789 -3.808357 0.133174
v -0.021359 -3.523243 -0.067635
v -0.035701 -3.523243 0.016021
v -0.021359 -3.523243 0.099678
v 0.024624 -3.440307 0.166034
v 0.028378 -3.364815 0.162280
v 0.032511 -3.296691 0.158147
v -0.002217 -3.235861 0.091508
v -0.015157 -3.235861 0.016021
v -0.002217 -3.235861 -0.059465
v 0.032511 -3.296691 -0.126104
v 0.028378 -3.364815 -0.130237
v 0.024624 -3.440307 -0.133991
v 0.258293 -3.523243 -0.179974
v 0.174636 -3.523243 -0.194315
v 0.090980 -3.523243 -0.179974
v 0.099150 -3.235861 -0.160832
v 0.174636 -3.235861 -0.173772
v 0.250122 -3.235861 -0.160832
v 0.316762 -3.296691 -0.126104
v 0.320894 -3.364815 -0.130237
v 0.324649 -3.440307 -0.133991
v 0.370632 -3.523243 0.099678
v 0.384973 -3.523243 0.016022
v 0.370632 -3.523243 -0.067635
v 0.351490 -3.235861 -0.059465
v 0.364430 -3.235861 0.016021
v 0.351490 -3.235861 0.091508
v 0.316762 -3.296691 0.158147
v 0.320894 -3.364815 0.162280
v 0.324649 -3.440307 0.166034
v 0.090980 -3.523243 0.212017
v 0.174636 -3.523243 0.226358
v 0.258293 -3.523243 0.212017
v 0.250122 -3.235861 0.192875
v 0.174636 -3.235861 0.205815
v 0.099150 -3.235861 0.192875
v 0.014862 -2.896799 0.084218
v 0.003171 -2.896799 0.016021
v 0.014862 -2.896799 -0.052175
v 0.106440 -2.896799 -0.143753
v 0.174636 -2.896799 -0.155444
v 0.242833 -2.896799 -0.143753
v 0.334411 -2.896799 -0.052175
v 0.346102 -2.896799 0.016021
v 0.334411 -2.896799 0.084218
v 0.242833 -2.896799 0.175796
v 0.174636 -2.896799 0.187487
v 0.106440 -2.896799 0.175796
v 0.308941 -3.179637 -0.118283
v 0.305554 -3.114883 -0.114897
v 0.302392 -3.025853 -0.111734
v 0.302392 -3.025853 0.143777
v 0.305554 -3.114883 0.146940
v 0.308941 -3.179637 0.150326
v 0.040331 -3.179637 0.150326
v 0.043718 -3.114883 0.146940
v 0.046881 -3.025853 0.143777
v 0.046881 -3.025853 -0.111734
v 0.043718 -3.114883 -0.114897
v 0.040331 -3.179637 -0.118283
v 0.074841 -2.209169 0.067820
v 0.068664 -2.189690 0.016021
v 0.074841 -2.209169 -0.035777
v 0.122838 -2.209169 -0.083774
v 0.174636 -2.189690 -0.089950
v 0.226435 -2.209169 -0.083774
v 0.274432 -2.209169 -0.035777
v 0.280608 -2.189690 0.016021
v 0.274432 -2.209169 0.067820
v 0.226435 -2.209169 0.115817
v 0.174636 -2.189690 0.121993
v 0.122838 -2.209169 0.115817
v 0.295746 -2.721127 0.137131
v 0.288836 -2.528859 0.130221
v 0.276311 -2.357955 0.117696
v 0.072962 -2.357955 0.117696
v 0.060437 -2.528859 0.130221
v 0.053527 -2.721127 0.137131
v 0.053527 -2.721127 -0.105088
v 0.060437 -2.528859 -0.098178
v 0.072962 -2.357955 -0.085653
v 0.276311 -2.357955 -0.085653
v 0.288836 -2.528859 -0.098178
v 0.295746 -2.721127 -0.105088
v 0.040395 -3.823194 -0.053485
v 0.031811 -3.830647 0.016022
v 0.040395 -3.823194 0.085528
v 0.244143 -3.823194 -0.118220
v 0.174636 -3.830647 -0.126803
v 0.105130 -3.823194 -0.118220
v 0.308877 -3.823194 0.085528
v 0.317461 -3.830647 0.016022
v 0.308877 -3.823194 -0.053485
v 0.105130 -3.823194 0.150263
v 0.174636 -3.830647 0.158846
v 0.244143 -3.823194 0.150263
v 0.020632 -3.611764 0.170026
v 0.025526 -3.696270 0.165132
v 0.039610 -3.765691 0.151048
v 0.309663 -3.765691 0.151048
v 0.323747 -3.696270 0.165132
v 0.328640 -3.611764 0.170026
v 0.328640 -3.611764 -0.137983
v 0.323747 -3.696270 -0.133089
v 0.309663 -3.765691 -0.119005
v 0.039610 -3.765691 -0.119005
v 0.025526 -3.696270 -0.133089
v 0.020632 -3.611764 -0.137983
v -0.017567 -3.440307 0.098060
v -0.012757 -3.364815 0.096006
v -0.007462 -3.296691 0.093746
v -0.031631 -3.440307 0.016021
v -0.026469 -3.364815 0.016021
v -0.020786 -3.296691 0.016021
v -0.017567 -3.440307 -0.066017
v -0.012757 -3.364815 -0.063963
v -0.007462 -3.296691 -0.061703
v 0.092598 -3.440307 -0.176182
v 0.094651 -3.364815 -0.171372
v 0.096911 -3.296691 -0.166077
v 0.174636 -3.440307 -0.190246
v 0.174636 -3.364815 -0.185083
v 0.174636 -3.296691 -0.179401
v 0.256674 -3.440307 -0.176182
v 0.254621 -3.364815 -0.171372
v 0.252361 -3.296691 -0.166077
v 0.366840 -3.440307 -0.066017
v 0.362030 -3.364815 -0.063963
v 0.356735 -3.296691 -0.061703
v 0.380904 -3.440307 0.016022
v 0.375741 -3.364815 0.016021
v 0.370059 -3.296691 0.016021
v 0.366840 -3.440307 0.098060
v 0.362030 -3.364815 0.096006
v 0.356735 -3.296691 0.093746
v 0.256674 -3.440307 0.208225
v 0.254621 -3.364815 0.203415
v 0.252361 -3.296691 0.198120
v 0.174636 -3.440307 0.222289
v 0.174636 -3.364815 0.217126
v 0.174636 -3.296691 0.211444
v 0.092598 -3.440307 0.208225
v 0.094651 -3.364815 0.203415
v 0.096911 -3.296691 0.198120
v 0.258854 -3.611901 0.213351
v 0.174636 -3.612039 0.227797
v 0.090418 -3.611901 0.213351
v 0.256156 -3.697368 0.207165
v 0.174636 -3.698467 0.221206
v 0.093117 -3.697368 0.207165
v 0.249146 -3.769797 0.187822
v 0.174636 -3.773389 0.200269
v 0.100126 -3.769797 0.187822
v 0.346715 -3.179637 0.089469
v 0.359306 -3.179637 0.016021
v 0.346715 -3.179637 -0.057427
v 0.342375 -3.114883 0.087617
v 0.354649 -3.114883 0.016021
v 0.342375 -3.114883 -0.055574
v 0.338323 -3.025853 0.085888
v 0.350300 -3.025853 0.016021
v 0.338323 -3.025853 -0.053845
v 0.108404 -2.720768 0.171191
v 0.174636 -2.720409 0.182545
v 0.240868 -2.720768 0.171191
v 0.112181 -2.525987 0.162330
v 0.174636 -2.523115 0.173030
v 0.237092 -2.525987 0.162330
v 0.118490 -2.347223 0.145156
v 0.174636 -2.337834 0.154375
v 0.230783 -2.347224 0.145156
v 0.002558 -3.179637 -0.057427
v -0.010033 -3.179637 0.016021
v 0.002558 -3.179637 0.089470
v 0.006898 -3.114883 -0.055574
v -0.005376 -3.114883 0.016021
v 0.006898 -3.114883 0.087617
v 0.010949 -3.025853 -0.053845
v -0.001028 -3.025853 0.016021
v 0.010949 -3.025853 0.085888
v 0.101188 -3.179637 0.188100
v 0.174636 -3.179637 0.200691
v 0.248084 -3.179637 0.188100
v 0.103041 -3.114883 0.183760
v 0.174636 -3.114883 0.196034
v 0.246232 -3.114883 0.183760
v 0.104770 -3.025853 0.179708
v 0.174636 -3.025853 0.191686
v 0.244503 -3.025853 0.179708
v 0.248084 -3.179637 -0.156057
v 0.174636 -3.179637 -0.168648
v 0.101188 -3.179637 -0.156057
v 0.246232 -3.114883 -0.151717
v 0.174636 -3.114883 -0.163991
v 0.103041 -3.114883 -0.151717
v 0.244503 -3.025853 -0.147665
v 0.174636 -3.025853 -0.159642
v 0.104770 -3.025853 -0.147665
v 0.229417 -2.126191 -0.038759
v 0.174636 -2.098096 -0.041544
v 0.119856 -2.126191 -0.038759
v 0.232201 -2.098096 0.016021
v 0.174636 -2.067428 0.016021
v 0.117071 -2.098096 0.016021
v 0.229417 -2.126191 0.070802
v 0.174636 -2.098096 0.073587
v 0.119856 -2.126191 0.070802
v 0.240868 -2.720768 -0.139148
v 0.174636 -2.720409 -0.150502
v 0.108404 -2.720768 -0.139148
v 0.237092 -2.525987 -0.130287
v 0.174636 -2.523115 -0.140987
v 0.112181 -2.525987 -0.130287
v 0.230783 -2.347223 -0.113113
v 0.174636 -2.337834 -0.122332
v 0.118490 -2.347224 -0.113113
v 0.329806 -2.720768 0.082253
v 0.341160 -2.720409 0.016021
v 0.329806 -2.720768 -0.050210
v 0.320945 -2.525987 0.078477
v 0.331645 -2.523115 0.016021
v 0.320945 -2.525987 -0.046434
v 0.303770 -2.347223 0.072168
v 0.312990 -2.337834 0.016021
v 0.303770 -2.347224 -0.040125
v 0.019466 -2.720768 -0.050210
v 0.008113 -2.720409 0.016021
v 0.019466 -2.720768 0.082253
v 0.028328 -2.525987 -0.046434
v 0.017628 -2.523115 0.016021
v 0.028328 -2.525987 0.078477
v 0.045502 -2.347223 -0.040125
v 0.036283 -2.337834 0.016021
v 0.045502 -2.347224 0.072168
v 0.100559 -3.854943 -0.058056
v 0.174636 -3.865693 -0.062035
v 0.248714 -3.854943 -0.058056
v 0.096580 -3.865693 0.016022
v 0.174636 -3.877427 0.016022
v 0.252693 -3.865693 0.016021
v 0.100559 -3.854943 0.090099
v 0.174636 -3.865693 0.094078
v 0.248714 -3.854943 0.090099
v 0.090418 -3.611901 -0.181308
v 0.174636 -3.612039 -0.195754
v 0.258854 -3.611901 -0.181308
v 0.093117 -3.697368 -0.175122
v 0.174636 -3.698467 -0.189163
v 0.256156 -3.697368 -0.175122
v 0.100126 -3.769797 -0.155779
v 0.174636 -3.773389 -0.168226
v 0.249146 -3.769797 -0.155779
v -0.022693 -3.611901 0.100239
v -0.037139 -3.612039 0.016021
v -0.022693 -3.611901 -0.068196
v -0.016507 -3.697368 0.097541
v -0.030548 -3.698467 0.016022
v -0.016507 -3.697368 -0.065498
v 0.002836 -3.769797 0.090532
v -0.009611 -3.773389 0.016021
v 0.002836 -3.769797 -0.058489
v 0.371966 -3.611901 -0.068196
v 0.386412 -3.612039 0.016022
v 0.371966 -3.611901 0.100239
v 0.365780 -3.697368 -0.065498
v 0.379821 -3.698467 0.016021
v 0.365780 -3.697368 0.097541
v 0.346437 -3.769797 -0.058489
v 0.358883 -3.773389 0.016022
v 0.346437 -3.769797 0.090532
vn -0.9834 0.0672 0.1686
vn -0.9823 0.0819 0.1684
vn -0.9834 0.0672 -0.1686
vn -0.9823 0.0819 -0.1684
vn -0.8486 0.0491 0.5267
vn -0.8477 0.0683 0.5261
vn -0.8467 0.0832 0.5255
vn -0.8460 0.0923 0.5251
vn -0.9815 0.0908 0.1683
vn -0.9815 0.0908 -0.1683
vn -0.8460 0.0923 -0.5251
vn -0.8467 0.0832 -0.5255
vn -0.8477 0.0683 -0.5261
vn -0.8486 0.0491 -0.5267
vn -0.9845 0.0483 -0.1688
vn -0.9845 0.0483 0.1688
vn -0.1686 0.0672 -0.9834
vn -0.1684 0.0819 -0.9823
vn 0.1686 0.0672 -0.9834
vn 0.1684 0.0819 -0.9823
vn -0.5267 0.0491 -0.8486
vn -0.5261 0.0683 -0.8477
vn -0.5255 0.0832 -0.8467
vn -0.5251 0.0923 -0.8460
vn -0.1683 0.0908 -0.9815
vn 0.1683 0.0908 -0.9815
vn 0.5251 0.0923 -0.8460
vn 0.5255 0.0832 -0.8467
vn 0.5261 0.0683 -0.8477
vn 0.5267 0.0491 -0.8486
vn 0.1688 0.0483 -0.9845
vn -0.1688 0.0483 -0.9845
vn 0.9834 0.0672 -0.1686
vn 0.9823 0.0819 -0.1684
vn 0.9834 0.0672 0.1686
vn 0.9823 0.0819 0.1684
vn 0.8486 0.0491 -0.5267
vn 0.8477 0.0683 -0.5261
vn 0.8467 0.0832 -0.5255
vn 0.8460 0.0923 -0.5251
vn 0.9815 0.0908 -0.1683
vn 0.9815 0.0908 0.1683
vn 0.8460 0.0923 0.5251
vn 0.8467 0.0832 0.5255
vn 0.8477 0.0683 0.5261
vn 0.8486 0.0491 0.5267
vn 0.9845 0.0483 0.1688
vn 0.9845 0.0483 -0.1688
vn 0.1686 0.0672 0.9834
vn 0.1684 0.0819 0.9823
vn -0.1686 0.0672 0.9834
vn -0.1684 0.0819 0.9823
vn 0.5267 0.0491 0.8486
vn 0.5261 0.0683 0.8477
vn 0.5255 0.0832 0.8467
vn 0.5251 0.0923 0.8460
vn 0.1683 0.0908 0.9815
vn -0.1683 0.0908 0.9815
vn -0.5251 0.0923 0.8460
vn -0.5255 0.0832 0.8467
vn -0.5261 0.0683 0.8477
vn -0.5267 0.0491 0.8486
vn -0.1688 0.0483 0.9845
vn 0.1688 0.0483 0.9845
vn 0.1695 -0.0757 0.9826
vn -0.1695 -0.0757 0.9826
vn 0.1691 -0.2674 0.9486
vn -0.1691 -0.2674 0.9486
vn 0.5273 0.0161 0.8495
vn 0.1690 0.0159 0.9855
vn -0.1690 0.0159 0.9855
vn -0.5273 0.0161 0.8495
vn -0.5266 -0.0787 0.8464
vn -0.5126 -0.2684 0.8156
vn -0.4514 -0.5242 0.7221
vn -0.1611 -0.5782 0.7998
vn 0.1611 -0.5782 0.7998
vn 0.4514 -0.5242 0.7221
vn 0.5126 -0.2684 0.8156
vn 0.5266 -0.0787 0.8464
vn 0.9832 0.0707 0.1685
vn 0.9832 0.0707 -0.1685
vn 0.9845 0.0481 0.1688
vn 0.9845 0.0481 -0.1688
vn 0.8461 0.0909 0.5252
vn 0.9817 0.0895 0.1683
vn 0.9817 0.0895 -0.1683
vn 0.8461 0.0909 -0.5252
vn 0.8474 0.0718 -0.5260
vn 0.8486 0.0489 -0.5267
vn 0.8492 0.0326 -0.5271
vn 0.9851 0.0321 -0.1689
vn 0.9851 0.0321 0.1689
vn 0.8492 0.0326 0.5271
vn 0.8486 0.0489 0.5267
vn 0.8474 0.0718 0.5260
vn -0.1699 0.0478 0.9843
vn 0.1699 0.0478 0.9843
vn -0.1748 0.0994 0.9796
vn 0.1748 0.0994 0.9796
vn -0.5272 0.0281 0.8493
vn -0.1690 0.0276 0.9852
vn 0.1690 0.0276 0.9852
vn 0.5272 0.0281 0.8493
vn 0.5277 0.0491 0.8480
vn 0.5298 0.1001 0.8422
vn 0.5216 0.1854 0.8328
vn 0.1928 0.2097 0.9586
vn -0.1928 0.2097 0.9586
vn -0.5216 0.1854 0.8328
vn -0.5298 0.1001 0.8422
vn -0.5277 0.0491 0.8480
vn -0.9832 0.0707 -0.1685
vn -0.9832 0.0707 0.1685
vn -0.9845 0.0481 -0.1688
vn -0.9845 0.0481 0.1688
vn -0.8461 0.0909 -0.5252
vn -0.9817 0.0895 -0.1683
vn -0.9817 0.0895 0.1683
vn -0.8461 0.0909 0.5252
vn -0.8474 0.0718 0.5260
vn -0.8486 0.0489 0.5267
vn -0.8492 0.0326 0.5271
vn -0.9851 0.0321 0.1689
vn -0.9851 0.0321 -0.1689
vn -0.8492 0.0326 -0.5271
vn -0.8486 0.0489 -0.5267
vn -0.8474 0.0718 -0.5260
vn -0.1685 0.0707 0.9832
vn 0.1685 0.0707 0.9832
vn -0.1688 0.0481 0.9845
vn 0.1688 0.0481 0.9845
vn -0.5252 0.0909 0.8461
vn -0.1683 0.0895 0.9817
vn 0.1683 0.0895 0.9817
vn 0.5252 0.0909 0.8461
vn 0.5260 0.0718 0.8474
vn 0.5267 0.0489 0.8486
vn 0.5271 0.0326 0.8492
vn 0.1689 0.0321 0.9851
vn -0.1689 0.0321 0.9851
vn -0.5271 0.0326 0.8492
vn -0.5267 0.0489 0.8486
vn -0.5260 0.0718 0.8474
vn 0.1685 0.0707 -0.9832
vn -0.1685 0.0707 -0.9832
vn 0.1688 0.0481 -0.9845
vn -0.1688 0.0481 -0.9845
vn 0.5252 0.0909 -0.8461
vn 0.1683 0.0895 -0.9817
vn -0.1683 0.0895 -0.9817
vn -0.5252 0.0909 -0.8461
vn -0.5260 0.0718 -0.8474
vn -0.5267 0.0489 -0.8486
vn -0.5271 0.0326 -0.8492
vn -0.1689 0.0321 -0.9851
vn 0.1689 0.0321 -0.9851
vn 0.5271 0.0326 -0.8492
vn 0.5267 0.0489 -0.8486
vn 0.5260 0.0718 -0.8474
vn 0.4273 0.7967 -0.4273
vn -0.4273 0.7967 -0.4273
vn 0.4273 0.7967 0.4273
vn -0.4273 0.7967 0.4273
vn 0.6611 0.3547 -0.6611
vn 0.2725 0.4504 -0.8502
vn -0.2725 0.4504 -0.8502
vn -0.6611 0.3547 -0.6611
vn -0.8502 0.4504 -0.2725
vn -0.8502 0.4504 0.2725
vn -0.6611 0.3547 0.6611
vn -0.2725 0.4504 0.8502
vn 0.2725 0.4504 0.8502
vn 0.6611 0.3547 0.6611
vn 0.8502 0.4504 0.2725
vn 0.8502 0.4504 -0.2725
vn 0.1699 0.0478 -0.9843
vn -0.1699 0.0478 -0.9843
vn 0.1748 0.0994 -0.9796
vn -0.1748 0.0994 -0.9796
vn 0.5272 0.0281 -0.8493
vn 0.1690 0.0276 -0.9852
vn -0.1690 0.0276 -0.9852
vn -0.5272 0.0281 -0.8493
vn -0.5277 0.0491 -0.8480
vn -0.5298 0.1001 -0.8422
vn -0.5216 0.1854 -0.8328
vn -0.1928 0.2097 -0.9586
vn 0.1928 0.2097 -0.9586
vn 0.5216 0.1854 -0.8328
vn 0.5298 0.1001 -0.8422
vn 0.5277 0.0491 -0.8480
vn 0.9843 0.0478 0.1699
vn 0.9843 0.0478 -0.1699
vn 0.9796 0.0994 0.1748
vn 0.9796 0.0994 -0.1748
vn 0.8493 0.0281 0.5272
vn 0.9852 0.0276 0.1690
vn 0.9852 0.0276 -0.1690
vn 0.8493 0.0281 -0.5272
vn 0.8480 0.0491 -0.5277
vn 0.8422 0.1001 -0.5298
vn 0.8328 0.1854 -0.5216
vn 0.9586 0.2097 -0.1928
vn 0.9586 0.2097 0.1928
vn 0.8328 0.1854 0.5216
vn 0.8422 0.1001 0.5298
vn 0.8480 0.0491 0.5277
vn -0.9843 0.0478 -0.1699
vn -0.9843 0.0478 0.1699
vn -0.9796 0.0994 -0.1748
vn -0.9796 0.0994 0.1748
vn -0.8493 0.0281 -0.5272
vn -0.9852 0.0276 -0.1690
vn -0.9852 0.0276 0.1690
vn -0.8493 0.0281 0.5272
vn -0.8480 0.0491 0.5277
vn -0.8422 0.1001 0.5298
vn -0.8328 0.1854 0.5216
vn -0.9586 0.2097 0.1928
vn -0.9586 0.2097 -0.1928
vn -0.8328 0.1854 -0.5216
vn -0.8422 0.1001 -0.5298
vn -0.8480 0.0491 -0.5277
vn -0.1484 -0.9777 -0.1484
vn 0.1484 -0.9777 -0.1484
vn -0.1484 -0.9777 0.1484
vn 0.1484 -0.9777 0.1484
vn -0.4295 -0.7943 -0.4295
vn -0.1514 -0.8694 -0.4704
vn 0.1514 -0.8694 -0.4704
vn 0.4295 -0.7943 -0.4295
vn 0.4704 -0.8694 -0.1514
vn 0.4704 -0.8694 0.1514
vn 0.4295 -0.7943 0.4295
vn 0.1514 -0.8694 0.4704
vn -0.1514 -0.8694 0.4704
vn -0.4295 -0.7943 0.4295
vn -0.4704 -0.8694 0.1514
vn -0.4704 -0.8694 -0.1514
vn -0.1695 -0.0757 -0.9826
vn 0.1695 -0.0757 -0.9826
vn -0.1691 -0.2674 -0.9486
vn 0.1691 -0.2674 -0.9486
vn -0.5273 0.0161 -0.8495
vn -0.1690 0.0159 -0.9855
vn 0.1690 0.0159 -0.9855
vn 0.5273 0.0161 -0.8495
vn 0.5266 -0.0787 -0.8464
vn 0.5126 -0.2684 -0.8156
vn 0.4514 -0.5242 -0.7221
vn 0.1611 -0.5782 -0.7998
vn -0.1611 -0.5782 -0.7998
vn -0.4514 -0.5242 -0.7221
vn -0.5126 -0.2684 -0.8156
vn -0.5266 -0.0787 -0.8464
vn -0.9826 -0.0757 0.1695
vn -0.9826 -0.0757 -0.1695
vn -0.9486 -0.2674 0.1691
vn -0.9486 -0.2674 -0.1691
vn -0.8495 0.0161 0.5273
vn -0.9855 0.0159 0.1690
vn -0.9855 0.0159 -0.1690
vn -0.8495 0.0161 -0.5273
vn -0.8464 -0.0787 -0.5266
vn -0.8156 -0.2684 -0.5126
vn -0.7221 -0.5242 -0.4514
vn -0.7998 -0.5782 -0.1611
vn -0.7998 -0.5782 0.1611
vn -0.7221 -0.5242 0.4514
vn -0.8156 -0.2684 0.5126
vn -0.8464 -0.0787 0.5266
vn 0.9826 -0.0757 -0.1695
vn 0.9826 -0.0757 0.1695
vn 0.9486 -0.2674 -0.1691
vn 0.9486 -0.2674 0.1691
vn 0.8495 0.0161 -0.5273
vn 0.9855 0.0159 -0.1690
vn 0.9855 0.0159 0.1690
vn 0.8495 0.0161 0.5273
vn 0.8464 -0.0787 0.5266
vn 0.8156 -0.2684 0.5126
vn 0.7221 -0.5242 0.4514
vn 0.7998 -0.5782 0.1611
vn 0.7998 -0.5782 -0.1611
vn 0.7221 -0.5242 -0.4514
vn 0.8156 -0.2684 -0.5126
vn 0.8464 -0.0787 -0.5266
vt 0.446533 0.062500
vt 0.500000 0.062500
vt 0.500000 0.125000
vt 0.452040 0.125000
vt 0.553467 0.062500
vt 0.547960 0.125000
vt 0.500000 0.187500
vt 0.454129 0.187500
vt 0.545871 0.187500
vt 0.375000 0.000000
vt 0.437500 0.000000
vt 0.404080 0.062500
vt 0.500000 0.000000
vt 0.562500 0.000000
vt 0.625000 0.000000
vt 0.595920 0.062500
vt 0.586806 0.125000
vt 0.583767 0.187500
vt 0.583333 0.250000
vt 0.545573 0.250000
vt 0.500000 0.250000
vt 0.454427 0.250000
vt 0.416233 0.187500
vt 0.416667 0.250000
vt 0.413194 0.125000
vt 0.454427 0.312500
vt 0.500000 0.312500
vt 0.500000 0.375000
vt 0.454427 0.375000
vt 0.545573 0.312500
vt 0.545573 0.375000
vt 0.500000 0.437500
vt 0.454427 0.437500
vt 0.545573 0.437500
vt 0.454427 0.250000
vt 0.416667 0.312500
vt 0.500000 0.250000
vt 0.545573 0.250000
vt 0.583333 0.312500
vt 0.583333 0.375000
vt 0.583333 0.437500
vt 0.583333 0.500000
vt 0.545573 0.500000
vt 0.500000 0.500000
vt 0.454427 0.500000
vt 0.416667 0.437500
vt 0.416667 0.500000
vt 0.416667 0.375000
vt 0.454427 0.562500
vt 0.500000 0.562500
vt 0.500000 0.625000
vt 0.454427 0.625000
vt 0.545573 0.562500
vt 0.545573 0.625000
vt 0.500000 0.687500
vt 0.454427 0.687500
vt 0.545573 0.687500
vt 0.416667 0.562500
vt 0.583333 0.562500
vt 0.583333 0.625000
vt 0.583333 0.687500
vt 0.583333 0.750000
vt 0.545573 0.750000
vt 0.500000 0.750000
vt 0.454427 0.750000
vt 0.416667 0.687500
vt 0.416667 0.750000
vt 0.416667 0.625000
vt 0.454129 0.812500
vt 0.500000 0.812500
vt 0.500000 0.875000
vt 0.452040 0.875000
vt 0.545871 0.812500
vt 0.547960 0.875000
vt 0.500000 0.937500
vt 0.446533 0.937500
vt 0.553467 0.937500
vt 0.416667 0.750000
vt 0.454427 0.750000
vt 0.416233 0.812500
vt 0.500000 0.750000
vt 0.545573 0.750000
vt 0.583333 0.750000
vt 0.583767 0.812500
vt 0.586806 0.875000
vt 0.595920 0.937500
vt 0.625000 1.000000
vt 0.562500 1.000000
vt 0.500000 1.000000
vt 0.437500 1.000000
vt 0.404080 0.937500
vt 0.375000 1.000000
vt 0.413194 0.875000
vt 0.392253 0.812500
vt 0.390082 0.875000
vt 0.379340 0.875000
vt 0.379991 0.812500
vt 0.384345 0.937500
vt 0.377496 0.937500
vt 0.375543 0.875000
vt 0.375407 0.812500
vt 0.375312 0.937500
vt 0.416667 0.750000
vt 0.392470 0.750000
vt 0.413194 0.875000
vt 0.404080 0.937500
vt 0.375000 1.000000
vt 0.375000 1.000000
vt 0.375000 0.937500
vt 0.375000 0.875000
vt 0.375000 0.812500
vt 0.373047 0.750000
vt 0.375000 0.750000
vt 0.379340 0.750000
vt 0.607422 0.687500
vt 0.607422 0.625000
vt 0.619792 0.625000
vt 0.619792 0.687500
vt 0.607422 0.562500
vt 0.619792 0.562500
vt 0.624349 0.625000
vt 0.624349 0.687500
vt 0.624349 0.562500
vt 0.583333 0.750000
vt 0.583333 0.687500
vt 0.607422 0.750000
vt 0.583333 0.625000
vt 0.583333 0.562500
vt 0.607422 0.500000
vt 0.619792 0.500000
vt 0.624349 0.500000
vt 0.625000 0.500000
vt 0.625000 0.562500
vt 0.625000 0.625000
vt 0.625000 0.687500
vt 0.624349 0.750000
vt 0.625000 0.750000
vt 0.619792 0.750000
vt 0.625000 0.937500
vt 0.625000 0.875000
vt 0.625000 0.875000
vt 0.625014 0.812500
vt 0.625109 0.812500
vt 0.625231 0.812500
vt 0.625000 1.000000
vt 0.625000 0.812500
vt 0.625000 0.750000
vt 0.625109 0.750000
vt 0.625868 0.750000
vt 0.627604 0.750000
vt 0.625000 0.750000
vt 0.625000 0.812500
vt 0.625000 0.937500
vt 0.607734 0.187500
vt 0.609918 0.125000
vt 0.620660 0.125000
vt 0.619900 0.187500
vt 0.615655 0.062500
vt 0.622504 0.062500
vt 0.624458 0.125000
vt 0.624363 0.187500
vt 0.624688 0.062500
vt 0.583767 0.187500
vt 0.607422 0.250000
vt 0.586806 0.125000
vt 0.625000 0.000000
vt 0.625000 0.062500
vt 0.625000 0.125000
vt 0.625000 0.187500
vt 0.624349 0.250000
vt 0.625000 0.250000
vt 0.619792 0.250000
vt 0.615655 0.937500
vt 0.609918 0.875000
vt 0.620660 0.875000
vt 0.622504 0.937500
vt 0.607734 0.812500
vt 0.619900 0.812500
vt 0.624457 0.875000
vt 0.624688 0.937500
vt 0.624363 0.812500
vt 0.586806 0.875000
vt 0.583767 0.812500
vt 0.607422 0.750000
vt 0.619792 0.750000
vt 0.624349 0.750000
vt 0.607422 0.437500
vt 0.607422 0.375000
vt 0.619792 0.375000
vt 0.619792 0.437500
vt 0.607422 0.312500
vt 0.619792 0.312500
vt 0.624349 0.375000
vt 0.624349 0.437500
vt 0.624349 0.312500
vt 0.583333 0.437500
vt 0.583333 0.375000
vt 0.583333 0.312500
vt 0.607422 0.250000
vt 0.619792 0.250000
vt 0.624349 0.250000
vt 0.625000 0.312500
vt 0.625000 0.375000
vt 0.625000 0.437500
vt 0.696533 0.562500
vt 0.752387 0.562500
vt 0.753472 0.625000
vt 0.700087 0.625000
vt 0.812798 0.562500
vt 0.812934 0.625000
vt 0.752387 0.687500
vt 0.696533 0.687500
vt 0.812798 0.687500
vt 0.625000 0.500000
vt 0.687500 0.500000
vt 0.653700 0.562500
vt 0.750000 0.500000
vt 0.812500 0.500000
vt 0.875000 0.500000
vt 0.875000 0.562500
vt 0.875000 0.625000
vt 0.875000 0.687500
vt 0.875000 0.750000
vt 0.812500 0.750000
vt 0.750000 0.750000
vt 0.687500 0.750000
vt 0.653700 0.687500
vt 0.659722 0.625000
vt 0.625014 0.437500
vt 0.625000 0.375000
vt 0.625109 0.437500
vt 0.625000 0.312500
vt 0.625231 0.437500
vt 0.625000 0.312500
vt 0.625000 0.500000
vt 0.625000 0.437500
vt 0.625109 0.500000
vt 0.625000 0.375000
vt 0.625000 0.250000
vt 0.625000 0.250000
vt 0.625000 0.250000
vt 0.625000 0.437500
vt 0.627604 0.500000
vt 0.625868 0.500000
vt 0.625312 0.687500
vt 0.625434 0.625000
vt 0.628472 0.625000
vt 0.627496 0.687500
vt 0.625312 0.562500
vt 0.627496 0.562500
vt 0.637587 0.625000
vt 0.634264 0.687500
vt 0.634264 0.562500
vt 0.625000 0.687500
vt 0.625000 0.562500
vt 0.653700 0.562500
vt 0.659722 0.625000
vt 0.653700 0.687500
vt 0.625000 0.187500
vt 0.625000 0.187500
vt 0.625000 0.187500
vt 0.187202 0.562500
vt 0.247613 0.562500
vt 0.246528 0.625000
vt 0.187066 0.625000
vt 0.303467 0.562500
vt 0.299913 0.625000
vt 0.247613 0.687500
vt 0.187202 0.687500
vt 0.303467 0.687500
vt 0.125000 0.500000
vt 0.187500 0.500000
vt 0.125000 0.562500
vt 0.250000 0.500000
vt 0.312500 0.500000
vt 0.375000 0.500000
vt 0.346300 0.562500
vt 0.340278 0.625000
vt 0.346300 0.687500
vt 0.312500 0.750000
vt 0.250000 0.750000
vt 0.187500 0.750000
vt 0.125000 0.687500
vt 0.125000 0.750000
vt 0.125000 0.625000
vt 0.392578 0.312500
vt 0.392578 0.375000
vt 0.380208 0.375000
vt 0.380208 0.312500
vt 0.392565 0.437500
vt 0.380100 0.437500
vt 0.375651 0.375000
vt 0.375651 0.312500
vt 0.375420 0.437500
vt 0.416667 0.250000
vt 0.416667 0.312500
vt 0.392578 0.250000
vt 0.416667 0.375000
vt 0.416667 0.500000
vt 0.392470 0.500000
vt 0.379340 0.500000
vt 0.373047 0.500000
vt 0.375000 0.437500
vt 0.375000 0.375000
vt 0.375000 0.312500
vt 0.375651 0.250000
vt 0.375000 0.250000
vt 0.380208 0.250000
vt 0.384345 0.062500
vt 0.390083 0.125000
vt 0.379340 0.125000
vt 0.377496 0.062500
vt 0.392266 0.187500
vt 0.380100 0.187500
vt 0.375543 0.125000
vt 0.375312 0.062500
vt 0.375638 0.187500
vt 0.404080 0.062500
vt 0.375000 0.000000
vt 0.413194 0.125000
vt 0.416233 0.187500
vt 0.375000 0.187500
vt 0.375000 0.125000
vt 0.375000 0.062500
vt 0.375000 0.000000
vt 0.392266 0.562500
vt 0.392144 0.625000
vt 0.376736 0.625000
vt 0.377713 0.562500
vt 0.392266 0.687500
vt 0.377713 0.687500
vt 0.363064 0.625000
vt 0.366387 0.562500
vt 0.366387 0.687500
vt 0.416667 0.562500
vt 0.416667 0.625000
vt 0.416667 0.687500
s 0
f 2321/2122/2153 2322/2123/2153 2325/2124/2153 2324/2125/2153
f 2322/2123/2154 2323/2126/2154 2326/2127/2154 2325/2124/2154
f 2324/2125/2155 2325/2124/2155 2328/2128/2155 2327/2129/2155
f 2325/2124/2156 2326/2127/2156 2329/2130/2156 2328/2128/2156
f 2193/2131/2157 2216/2132/2157 2321/2122/2157 2215/2133/2157
f 2216/2132/2158 2217/2134/2158 2322/2123/2158 2321/2122/2158
f 2217/2134/2159 2218/2135/2159 2323/2126/2159 2322/2123/2159
f 2218/2135/2160 2194/2136/2160 2219/2137/2160 2323/2126/2160
f 2323/2126/2161 2219/2137/2161 2220/2138/2161 2326/2127/2161
f 2326/2127/2162 2220/2138/2162 2221/2139/2162 2329/2130/2162
f 2329/2130/2163 2221/2139/2163 2196/2140/2163 2222/2141/2163
f 2328/2128/2164 2329/2130/2164 2222/2141/2164 2223/2142/2164
f 2327/2129/2165 2328/2128/2165 2223/2142/2165 2224/2143/2165
f 2213/2144/2166 2327/2129/2166 2224/2143/2166 2195/2145/2166
f 2214/2146/2167 2324/2125/2167 2327/2129/2167 2213/2144/2167
f 2215/2133/2168 2321/2122/2168 2324/2125/2168 2214/2146/2168
f 2330/2147/2169 2331/2148/2169 2334/2149/2169 2333/2150/2169
f 2331/2148/2170 2332/2151/2170 2335/2152/2170 2334/2149/2170
f 2333/2150/2171 2334/2149/2171 2337/2153/2171 2336/2154/2171
f 2334/2149/2172 2335/2152/2172 2338/2155/2172 2337/2153/2172
f 2195/2145/2173 2224/2156/2173 2330/2147/2173 2227/2157/2173
f 2224/2156/2174 2223/2158/2174 2331/2148/2174 2330/2147/2174
f 2223/2158/2175 2222/2159/2175 2332/2151/2175 2331/2148/2175
f 2222/2159/2176 2196/2140/2176 2228/2160/2176 2332/2151/2176
f 2332/2151/2177 2228/2160/2177 2229/2161/2177 2335/2152/2177
f 2335/2152/2178 2229/2161/2178 2230/2162/2178 2338/2155/2178
f 2338/2155/2179 2230/2162/2179 2200/2163/2179 2231/2164/2179
f 2337/2153/2180 2338/2155/2180 2231/2164/2180 2232/2165/2180
f 2336/2154/2181 2337/2153/2181 2232/2165/2181 2233/2166/2181
f 2225/2167/2182 2336/2154/2182 2233/2166/2182 2199/2168/2182
f 2226/2169/2183 2333/2150/2183 2336/2154/2183 2225/2167/2183
f 2227/2157/2184 2330/2147/2184 2333/2150/2184 2226/2169/2184
f 2339/2170/2185 2340/2171/2185 2343/2172/2185 2342/2173/2185
f 2340/2171/2186 2341/2174/2186 2344/2175/2186 2343/2172/2186
f 2342/2173/2187 2343/2172/2187 2346/2176/2187 2345/2177/2187
f 2343/2172/2188 2344/2175/2188 2347/2178/2188 2346/2176/2188
f 2199/2168/2189 2233/2166/2189 2339/2170/2189 2236/2179/2189
f 2233/2166/2190 2232/2165/2190 2340/2171/2190 2339/2170/2190
f 2232/2165/2191 2231/2164/2191 2341/2174/2191 2340/2171/2191
f 2231/2164/2192 2200/2163/2192 2237/2180/2192 2341/2174/2192
f 2341/2174/2193 2237/2180/2193 2238/2181/2193 2344/2175/2193
f 2344/2175/2194 2238/2181/2194 2239/2182/2194 2347/2178/2194
f 2347/2178/2195 2239/2182/2195 2198/2183/2195 2240/2184/2195
f 2346/2176/2196 2347/2178/2196 2240/2184/2196 2241/2185/2196
f 2345/2177/2197 2346/2176/2197 2241/2185/2197 2242/2186/2197
f 2234/2187/2198 2345/2177/2198 2242/2186/2198 2197/2188/2198
f 2235/2189/2199 2342/2173/2199 2345/2177/2199 2234/2187/2199
f 2236/2179/2200 2339/2170/2200 2342/2173/2200 2235/2189/2200
f 2348/2190/2201 2349/2191/2201 2352/2192/2201 2351/2193/2201
f 2349/2191/2202 2350/2194/2202 2353/2195/2202 2352/2192/2202
f 2351/2193/2203 2352/2192/2203 2355/2196/2203 2354/2197/2203
f 2352/2192/2204 2353/2195/2204 2356/2198/2204 2355/2196/2204
f 2197/2199/2205 2242/2200/2205 2348/2190/2205 2245/2201/2205
f 2242/2200/2206 2241/2202/2206 2349/2191/2206 2348/2190/2206
f 2241/2202/2207 2240/2203/2207 2350/2194/2207 2349/2191/2207
f 2240/2203/2208 2198/2204/2208 2246/2205/2208 2350/2194/2208
f 2350/2194/2209 2246/2205/2209 2247/2206/2209 2353/2195/2209
f 2353/2195/2210 2247/2206/2210 2248/2207/2210 2356/2198/2210
f 2356/2198/2211 2248/2207/2211 2194/2208/2211 2218/2209/2211
f 2355/2196/2212 2356/2198/2212 2218/2209/2212 2217/2210/2212
f 2354/2197/2213 2355/2196/2213 2217/2210/2213 2216/2211/2213
f 2243/2212/2214 2354/2197/2214 2216/2211/2214 2193/2213/2214
f 2244/2214/2215 2351/2193/2215 2354/2197/2215 2243/2212/2215
f 2245/2201/2216 2348/2190/2216 2351/2193/2216 2244/2214/2216
f 2357/2215/2217 2358/2216/2217 2361/2217/2217 2360/2218/2217
f 2358/2216/2218 2359/2219/2218 2362/2220/2218 2361/2217/2218
f 2360/2218/2219 2361/2217/2219 2364/2221/2219 2363/2222/2219
f 2361/2217/2220 2362/2220/2220 2365/2223/2220 2364/2221/2220
f 2197/2224/2221 2245/2201/2221 2357/2215/2221 2314/2225/2221
f 2245/2201/2222 2244/2226/2222 2358/2216/2222 2357/2215/2222
f 2244/2226/2223 2243/2227/2223 2359/2219/2223 2358/2216/2223
f 2243/2227/2224 2193/2213/2224 2309/2228/2224 2359/2219/2224
f 2359/2219/2225 2309/2228/2225 2310/2228/2225 2362/2220/2225
f 2362/2220/2226 2310/2228/2226 2311/2228/2226 2365/2223/2226
f 2365/2223/2227 2311/2228/2227 2210/2229/2227 2306/2230/2227
f 2364/2221/2228 2365/2223/2228 2306/2230/2228 2307/2231/2228
f 2363/2222/2229 2364/2221/2229 2307/2231/2229 2308/2232/2229
f 2312/2233/2230 2363/2222/2230 2308/2232/2230 2212/2234/2230
f 2313/2235/2231 2360/2218/2231 2363/2222/2231 2312/2233/2231
f 2314/2225/2232 2357/2215/2232 2360/2218/2232 2313/2235/2232
f 2366/2236/2233 2367/2237/2233 2370/2238/2233 2369/2239/2233
f 2367/2237/2234 2368/2240/2234 2371/2241/2234 2370/2238/2234
f 2369/2239/2235 2370/2238/2235 2373/2242/2235 2372/2243/2235
f 2370/2238/2236 2371/2241/2236 2374/2244/2236 2373/2242/2236
f 2198/2245/2237 2239/2246/2237 2366/2236/2237 2266/2247/2237
f 2239/2246/2238 2238/2248/2238 2367/2237/2238 2366/2236/2238
f 2238/2248/2239 2237/2249/2239 2368/2240/2239 2367/2237/2239
f 2237/2249/2240 2200/2163/2240 2261/2250/2240 2368/2240/2240
f 2368/2240/2241 2261/2250/2241 2262/2251/2241 2371/2241/2241
f 2371/2241/2242 2262/2251/2242 2263/2252/2242 2374/2244/2242
f 2374/2244/2243 2263/2252/2243 2203/2253/2243 2255/2254/2243
f 2373/2242/2244 2374/2244/2244 2255/2254/2244 2256/2255/2244
f 2372/2243/2245 2373/2242/2245 2256/2255/2245 2257/2256/2245
f 2264/2257/2246 2372/2243/2246 2257/2256/2246 2204/2258/2246
f 2265/2259/2247 2369/2239/2247 2372/2243/2247 2264/2257/2247
f 2266/2247/2248 2366/2236/2248 2369/2239/2248 2265/2259/2248
f 2375/2260/2249 2376/2261/2249 2379/2262/2249 2378/2260/2249
f 2376/2261/2250 2377/2263/2250 2380/2264/2250 2379/2262/2250
f 2378/2260/2251 2379/2262/2251 2382/2262/2251 2381/2260/2251
f 2379/2262/2252 2380/2264/2252 2383/2265/2252 2382/2262/2252
f 2201/2208/2253 2260/2260/2253 2375/2260/2253 2290/2266/2253
f 2260/2260/2254 2259/2262/2254 2376/2261/2254 2375/2260/2254
f 2259/2262/2255 2258/2267/2255 2377/2263/2255 2376/2261/2255
f 2258/2267/2256 2204/2268/2256 2285/2269/2256 2377/2263/2256
f 2377/2263/2257 2285/2269/2257 2286/2270/2257 2380/2264/2257
f 2380/2264/2258 2286/2270/2258 2287/2271/2258 2383/2265/2258
f 2383/2265/2259 2287/2271/2259 2208/2272/2259 2282/2273/2259
f 2382/2262/2260 2383/2265/2260 2282/2273/2260 2283/2262/2260
f 2381/2260/2261 2382/2262/2261 2283/2262/2261 2284/2274/2261
f 2288/2266/2262 2381/2260/2262 2284/2274/2262 2205/2266/2262
f 2289/2266/2263 2378/2260/2263 2381/2260/2263 2288/2266/2263
f 2290/2266/2264 2375/2260/2264 2378/2260/2264 2289/2266/2264
f 2384/2275/2265 2385/2276/2265 2388/2277/2265 2387/2278/2265
f 2385/2276/2266 2386/2279/2266 2389/2280/2266 2388/2277/2266
f 2387/2278/2267 2388/2277/2267 2391/2281/2267 2390/2282/2267
f 2388/2277/2268 2389/2280/2268 2392/2283/2268 2391/2281/2268
f 2196/2140/2269 2221/2284/2269 2384/2275/2269 2272/2285/2269
f 2221/2284/2270 2220/2286/2270 2385/2276/2270 2384/2275/2270
f 2220/2286/2271 2219/2137/2271 2386/2279/2271 2385/2276/2271
f 2219/2137/2272 2194/2136/2272 2267/2287/2272 2386/2279/2272
f 2386/2279/2273 2267/2287/2273 2268/2287/2273 2389/2280/2273
f 2389/2280/2274 2268/2287/2274 2269/2287/2274 2392/2283/2274
f 2392/2283/2275 2269/2287/2275 2201/2136/2275 2249/2288/2275
f 2391/2281/2276 2392/2283/2276 2249/2288/2276 2250/2289/2276
f 2390/2282/2277 2391/2281/2277 2250/2289/2277 2251/2290/2277
f 2270/2291/2278 2390/2282/2278 2251/2290/2278 2202/2292/2278
f 2271/2293/2279 2387/2278/2279 2390/2282/2279 2270/2291/2279
f 2272/2285/2280 2384/2275/2280 2387/2278/2280 2271/2293/2280
f 2393/2294/2281 2394/2295/2281 2397/2296/2281 2396/2297/2281
f 2394/2295/2282 2395/2298/2282 2398/2299/2282 2397/2296/2282
f 2396/2297/2283 2397/2296/2283 2400/2300/2283 2399/2301/2283
f 2397/2296/2284 2398/2299/2284 2401/2302/2284 2400/2300/2284
f 2194/2208/2285 2248/2207/2285 2393/2294/2285 2267/2266/2285
f 2248/2207/2286 2247/2303/2286 2394/2295/2286 2393/2294/2286
f 2247/2303/2287 2246/2304/2287 2395/2298/2287 2394/2295/2287
f 2246/2304/2288 2198/2183/2288 2266/2305/2288 2395/2298/2288
f 2395/2298/2289 2266/2305/2289 2265/2306/2289 2398/2299/2289
f 2398/2299/2290 2265/2306/2290 2264/2307/2290 2401/2302/2290
f 2401/2302/2291 2264/2307/2291 2204/2268/2291 2258/2267/2291
f 2400/2300/2292 2401/2302/2292 2258/2267/2292 2259/2262/2292
f 2399/2301/2293 2400/2300/2293 2259/2262/2293 2260/2260/2293
f 2269/2266/2294 2399/2301/2294 2260/2260/2294 2201/2208/2294
f 2268/2266/2295 2396/2297/2295 2399/2301/2295 2269/2266/2295
f 2267/2266/2296 2393/2294/2296 2396/2297/2296 2268/2266/2296
f 2402/2308/2297 2403/2309/2297 2406/2310/2297 2405/2311/2297
f 2403/2309/2298 2404/2312/2298 2407/2313/2298 2406/2310/2298
f 2405/2311/2299 2406/2310/2299 2409/2314/2299 2408/2315/2299
f 2406/2310/2300 2407/2313/2300 2410/2316/2300 2409/2314/2300
f 2200/2163/2301 2230/2317/2301 2402/2308/2301 2261/2250/2301
f 2230/2317/2302 2229/2318/2302 2403/2309/2302 2402/2308/2302
f 2229/2318/2303 2228/2319/2303 2404/2312/2303 2403/2309/2303
f 2228/2319/2304 2196/2140/2304 2272/2320/2304 2404/2312/2304
f 2404/2312/2305 2272/2320/2305 2271/2321/2305 2407/2313/2305
f 2407/2313/2306 2271/2321/2306 2270/2322/2306 2410/2316/2306
f 2410/2316/2307 2270/2322/2307 2202/2292/2307 2252/2323/2307
f 2409/2314/2308 2410/2316/2308 2252/2323/2308 2253/2324/2308
f 2408/2315/2309 2409/2314/2309 2253/2324/2309 2254/2325/2309
f 2263/2252/2310 2408/2315/2310 2254/2325/2310 2203/2253/2310
f 2262/2251/2311 2405/2311/2311 2408/2315/2311 2263/2252/2311
f 2261/2250/2312 2402/2308/2312 2405/2311/2312 2262/2251/2312
f 2411/2326/2313 2412/2327/2313 2415/2328/2313 2414/2329/2313
f 2412/2327/2314 2413/2330/2314 2416/2331/2314 2415/2328/2314
f 2414/2329/2315 2415/2328/2315 2418/2332/2315 2417/2333/2315
f 2415/2328/2316 2416/2331/2316 2419/2334/2316 2418/2332/2316
f 2207/2335/2317 2278/2336/2317 2411/2326/2317 2279/2337/2317
f 2278/2336/2318 2277/2338/2318 2412/2327/2318 2411/2326/2318
f 2277/2338/2319 2276/2339/2319 2413/2330/2319 2412/2327/2319
f 2276/2339/2320 2206/2340/2320 2275/2341/2320 2413/2330/2320
f 2413/2330/2321 2275/2341/2321 2274/2342/2321 2416/2331/2321
f 2416/2331/2322 2274/2342/2322 2273/2343/2322 2419/2334/2322
f 2419/2334/2323 2273/2343/2323 2205/2344/2323 2284/2345/2323
f 2418/2332/2324 2419/2334/2324 2284/2345/2324 2283/2346/2324
f 2417/2333/2325 2418/2332/2325 2283/2346/2325 2282/2347/2325
f 2281/2348/2326 2417/2333/2326 2282/2347/2326 2208/2272/2326
f 2280/2349/2327 2414/2329/2327 2417/2333/2327 2281/2348/2327
f 2279/2337/2328 2411/2326/2328 2414/2329/2328 2280/2349/2328
f 2420/2350/2329 2421/2351/2329 2424/2324/2329 2423/2352/2329
f 2421/2351/2330 2422/2353/2330 2425/2323/2330 2424/2324/2330
f 2423/2352/2331 2424/2324/2331 2427/2324/2331 2426/2354/2331
f 2424/2324/2332 2425/2323/2332 2428/2355/2332 2427/2324/2332
f 2203/2356/2333 2254/2357/2333 2420/2350/2333 2296/2358/2333
f 2254/2357/2334 2253/2359/2334 2421/2351/2334 2420/2350/2334
f 2253/2359/2335 2252/2323/2335 2422/2353/2335 2421/2351/2335
f 2252/2323/2336 2202/2292/2336 2291/2360/2336 2422/2353/2336
f 2422/2353/2337 2291/2360/2337 2292/2361/2337 2425/2323/2337
f 2425/2323/2338 2292/2361/2338 2293/2361/2338 2428/2355/2338
f 2428/2355/2339 2293/2361/2339 2206/2362/2339 2276/2323/2339
f 2427/2324/2340 2428/2355/2340 2276/2323/2340 2277/2324/2340
f 2426/2354/2341 2427/2324/2341 2277/2324/2341 2278/2363/2341
f 2294/2364/2342 2426/2354/2342 2278/2363/2342 2207/2335/2342
f 2295/2365/2343 2423/2352/2343 2426/2354/2343 2294/2364/2343
f 2296/2358/2344 2420/2350/2344 2423/2352/2344 2295/2365/2344
f 2429/2366/2345 2430/2367/2345 2433/2368/2345 2432/2369/2345
f 2430/2367/2346 2431/2370/2346 2434/2371/2346 2433/2368/2346
f 2432/2369/2347 2433/2368/2347 2436/2372/2347 2435/2373/2347
f 2433/2368/2348 2434/2371/2348 2437/2374/2348 2436/2372/2348
f 2204/2268/2349 2257/2375/2349 2429/2366/2349 2285/2269/2349
f 2257/2375/2350 2256/2255/2350 2430/2367/2350 2429/2366/2350
f 2256/2255/2351 2255/2376/2351 2431/2370/2351 2430/2367/2351
f 2255/2376/2352 2203/2356/2352 2296/2358/2352 2431/2370/2352
f 2431/2370/2353 2296/2358/2353 2295/2365/2353 2434/2371/2353
f 2434/2371/2354 2295/2365/2354 2294/2364/2354 2437/2374/2354
f 2437/2374/2355 2294/2364/2355 2207/2335/2355 2279/2377/2355
f 2436/2372/2356 2437/2374/2356 2279/2377/2356 2280/2378/2356
f 2435/2373/2357 2436/2372/2357 2280/2378/2357 2281/2379/2357
f 2287/2271/2358 2435/2373/2358 2281/2379/2358 2208/2272/2358
f 2286/2270/2359 2432/2369/2359 2435/2373/2359 2287/2271/2359
f 2285/2269/2360 2429/2366/2360 2432/2369/2360 2286/2270/2360
f 2438/2380/2361 2439/2289/2361 2442/2289/2361 2441/2381/2361
f 2439/2289/2362 2440/2288/2362 2443/2288/2362 2442/2289/2362
f 2441/2381/2363 2442/2289/2363 2445/2289/2363 2444/2381/2363
f 2442/2289/2364 2443/2288/2364 2446/2288/2364 2445/2289/2364
f 2202/2292/2365 2251/2290/2365 2438/2380/2365 2291/2360/2365
f 2251/2290/2366 2250/2289/2366 2439/2289/2366 2438/2380/2366
f 2250/2289/2367 2249/2288/2367 2440/2288/2367 2439/2289/2367
f 2249/2288/2368 2201/2136/2368 2290/2287/2368 2440/2288/2368
f 2440/2288/2369 2290/2287/2369 2289/2287/2369 2443/2288/2369
f 2443/2288/2370 2289/2287/2370 2288/2287/2370 2446/2288/2370
f 2446/2288/2371 2288/2287/2371 2205/2287/2371 2273/2288/2371
f 2445/2289/2372 2446/2288/2372 2273/2288/2372 2274/2289/2372
f 2444/2381/2373 2445/2289/2373 2274/2289/2373 2275/2382/2373
f 2293/2361/2374 2444/2381/2374 2275/2382/2374 2206/2362/2374
f 2292/2361/2375 2441/2381/2375 2444/2381/2375 2293/2361/2375
f 2291/2360/2376 2438/2380/2376 2441/2381/2376 2292/2361/2376
f 2447/2383/2377 2448/2384/2377 2451/2385/2377 2450/2386/2377
f 2448/2384/2378 2449/2387/2378 2452/2388/2378 2451/2385/2378
f 2450/2386/2379 2451/2385/2379 2454/2389/2379 2453/2390/2379
f 2451/2385/2380 2452/2388/2380 2455/2391/2380 2454/2389/2380
f 2209/2392/2381 2302/2393/2381 2447/2383/2381 2297/2394/2381
f 2302/2393/2382 2301/2395/2382 2448/2384/2382 2447/2383/2382
f 2301/2395/2383 2300/2396/2383 2449/2387/2383 2448/2384/2383
f 2300/2396/2384 2211/2397/2384 2305/2398/2384 2449/2387/2384
f 2449/2387/2385 2305/2398/2385 2304/2399/2385 2452/2388/2385
f 2452/2388/2386 2304/2399/2386 2303/2400/2386 2455/2391/2386
f 2455/2391/2387 2303/2400/2387 2212/2234/2387 2308/2401/2387
f 2454/2389/2388 2455/2391/2388 2308/2401/2388 2307/2402/2388
f 2453/2390/2389 2454/2389/2389 2307/2402/2389 2306/2403/2389
f 2299/2404/2390 2453/2390/2390 2306/2403/2390 2210/2405/2390
f 2298/2406/2391 2450/2386/2391 2453/2390/2391 2299/2404/2391
f 2297/2394/2392 2447/2383/2392 2450/2386/2392 2298/2406/2392
f 2456/2407/2393 2457/2408/2393 2460/2409/2393 2459/2410/2393
f 2457/2408/2394 2458/2411/2394 2461/2412/2394 2460/2409/2394
f 2459/2410/2395 2460/2409/2395 2463/2413/2395 2462/2414/2395
f 2460/2409/2396 2461/2412/2396 2464/2415/2396 2463/2413/2396
f 2195/2416/2397 2227/2417/2397 2456/2407/2397 2320/2418/2397
f 2227/2417/2398 2226/2419/2398 2457/2408/2398 2456/2407/2398
f 2226/2419/2399 2225/2167/2399 2458/2411/2399 2457/2408/2399
f 2225/2167/2400 2199/2420/2400 2315/2421/2400 2458/2411/2400
f 2458/2411/2401 2315/2421/2401 2316/2422/2401 2461/2412/2401
f 2461/2412/2402 2316/2422/2402 2317/2423/2402 2464/2415/2402
f 2464/2415/2403 2317/2423/2403 2211/2397/2403 2300/2424/2403
f 2463/2413/2404 2464/2415/2404 2300/2424/2404 2301/2425/2404
f 2462/2414/2405 2463/2413/2405 2301/2425/2405 2302/2426/2405
f 2318/2427/2406 2462/2414/2406 2302/2426/2406 2209/2428/2406
f 2319/2429/2407 2459/2410/2407 2462/2414/2407 2318/2427/2407
f 2320/2418/2408 2456/2407/2408 2459/2410/2408 2319/2429/2408
f 2465/2430/2409 2466/2431/2409 2469/2432/2409 2468/2433/2409
f 2466/2431/2410 2467/2434/2410 2470/2435/2410 2469/2432/2410
f 2468/2433/2411 2469/2432/2411 2472/2436/2411 2471/2437/2411
f 2469/2432/2412 2470/2435/2412 2473/2438/2412 2472/2436/2412
f 2193/2131/2413 2215/2439/2413 2465/2430/2413 2309/2440/2413
f 2215/2439/2414 2214/2441/2414 2466/2431/2414 2465/2430/2414
f 2214/2441/2415 2213/2442/2415 2467/2434/2415 2466/2431/2415
f 2213/2442/2416 2195/2416/2416 2320/2418/2416 2467/2434/2416
f 2467/2434/2417 2320/2418/2417 2319/2429/2417 2470/2435/2417
f 2470/2435/2418 2319/2429/2418 2318/2427/2418 2473/2438/2418
f 2473/2438/2419 2318/2427/2419 2209/2428/2419 2297/2443/2419
f 2472/2436/2420 2473/2438/2420 2297/2443/2420 2298/2444/2420
f 2471/2437/2421 2472/2436/2421 2298/2444/2421 2299/2445/2421
f 2311/2440/2422 2471/2437/2422 2299/2445/2422 2210/2446/2422
f 2310/2440/2423 2468/2433/2423 2471/2437/2423 2311/2440/2423
f 2309/2440/2424 2465/2430/2424 2468/2433/2424 2310/2440/2424
f 2474/2447/2425 2475/2448/2425 2478/2449/2425 2477/2450/2425
f 2475/2448/2426 2476/2451/2426 2479/2452/2426 2478/2449/2426
f 2477/2450/2427 2478/2449/2427 2481/2453/2427 2480/2454/2427
f 2478/2449/2428 2479/2452/2428 2482/2455/2428 2481/2453/2428
f 2199/2420/2429 2236/2456/2429 2474/2447/2429 2315/2421/2429
f 2236/2456/2430 2235/2457/2430 2475/2448/2430 2474/2447/2430
f 2235/2457/2431 2234/2458/2431 2476/2451/2431 2475/2448/2431
f 2234/2458/2432 2197/2224/2432 2314/2225/2432 2476/2451/2432
f 2476/2451/2433 2314/2225/2433 2313/2235/2433 2479/2452/2433
f 2479/2452/2434 2313/2235/2434 2312/2233/2434 2482/2455/2434
f 2482/2455/2435 2312/2233/2435 2212/2234/2435 2303/2400/2435
f 2481/2453/2436 2482/2455/2436 2303/2400/2436 2304/2399/2436
f 2480/2454/2437 2481/2453/2437 2304/2399/2437 2305/2398/2437
f 2317/2423/2438 2480/2454/2438 2305/2398/2438 2211/2397/2438
f 2316/2422/2439 2477/2450/2439 2480/2454/2439 2317/2423/2439
f 2315/2421/2440 2474/2447/2440 2477/2450/2440 2316/2422/2440
o Leg.L.002
v -0.292870 -3.523243 0.168994
v -0.277929 -3.235861 0.154053
v -0.292870 -3.523243 -0.136951
v -0.277929 -3.235861 -0.122010
v 0.013075 -3.523243 0.168994
v -0.001866 -3.235861 0.154053
v 0.013075 -3.523243 -0.136951
v -0.001866 -3.235861 -0.122010
v -0.264599 -2.896799 0.140723
v -0.264599 -2.896799 -0.108681
v -0.015195 -2.896799 -0.108681
v -0.015195 -2.896799 0.140723
v -0.227335 -2.247948 0.103459
v -0.227335 -2.247948 -0.071416
v -0.052460 -2.247948 -0.071416
v -0.052460 -2.247948 0.103459
v -0.257050 -3.808356 -0.101131
v -0.257050 -3.808356 0.133174
v -0.022745 -3.808356 -0.101131
v -0.022745 -3.808356 0.133174
v -0.335893 -3.523243 -0.067635
v -0.350234 -3.523243 0.016021
v -0.335893 -3.523243 0.099678
v -0.289910 -3.440307 0.166034
v -0.286155 -3.364815 0.162280
v -0.282023 -3.296691 0.158147
v -0.316751 -3.235861 0.091508
v -0.329691 -3.235861 0.016021
v -0.316751 -3.235861 -0.059465
v -0.282023 -3.296691 -0.126104
v -0.286155 -3.364815 -0.130237
v -0.289910 -3.440307 -0.133991
v -0.056241 -3.523243 -0.179974
v -0.139897 -3.523243 -0.194315
v -0.223554 -3.523243 -0.179974
v -0.215384 -3.235861 -0.160832
v -0.139897 -3.235861 -0.173772
v -0.064411 -3.235861 -0.160832
v 0.002228 -3.296691 -0.126104
v 0.006361 -3.364815 -0.130237
v 0.010115 -3.440307 -0.133991
v 0.056098 -3.523243 0.099678
v 0.070440 -3.523243 0.016022
v 0.056098 -3.523243 -0.067635
v 0.036956 -3.235861 -0.059465
v 0.049896 -3.235861 0.016021
v 0.036956 -3.235861 0.091508
v 0.002228 -3.296691 0.158147
v 0.006361 -3.364815 0.162280
v 0.010115 -3.440307 0.166034
v -0.223554 -3.523243 0.212017
v -0.139897 -3.523243 0.226358
v -0.056241 -3.523243 0.212017
v -0.064411 -3.235861 0.192875
v -0.139897 -3.235861 0.205815
v -0.215384 -3.235861 0.192875
v -0.299672 -2.896799 0.084218
v -0.311363 -2.896799 0.016021
v -0.299672 -2.896799 -0.052175
v -0.208094 -2.896799 -0.143753
v -0.139897 -2.896799 -0.155444
v -0.071701 -2.896799 -0.143753
v 0.019877 -2.896799 -0.052175
v 0.031568 -2.896799 0.016021
v 0.019877 -2.896799 0.084218
v -0.071701 -2.896799 0.175796
v -0.139897 -2.896799 0.187487
v -0.208094 -2.896799 0.175796
v -0.005592 -3.179636 -0.118283
v -0.008979 -3.114883 -0.114897
v -0.012142 -3.025853 -0.111734
v -0.012142 -3.025853 0.143777
v -0.008979 -3.114883 0.146940
v -0.005592 -3.179636 0.150326
v -0.274202 -3.179636 0.150326
v -0.270815 -3.114883 0.146940
v -0.267653 -3.025853 0.143777
v -0.267653 -3.025853 -0.111734
v -0.270815 -3.114883 -0.114897
v -0.274202 -3.179636 -0.118283
v -0.239693 -2.209169 0.067820
v -0.245869 -2.189689 0.016021
v -0.239693 -2.209169 -0.035777
v -0.191696 -2.209169 -0.083774
v -0.139897 -2.189689 -0.089950
v -0.088099 -2.209169 -0.083774
v -0.040102 -2.209169 -0.035777
v -0.033925 -2.189689 0.016021
v -0.040102 -2.209169 0.067820
v -0.088099 -2.209168 0.115817
v -0.139897 -2.189689 0.121993
v -0.191696 -2.209168 0.115817
v -0.018788 -2.721127 0.137131
v -0.025698 -2.528858 0.130221
v -0.038223 -2.357954 0.117696
v -0.241572 -2.357954 0.117696
v -0.254097 -2.528858 0.130221
v -0.261007 -2.721127 0.137131
v -0.261007 -2.721127 -0.105088
v -0.254097 -2.528858 -0.098178
v -0.241572 -2.357954 -0.085653
v -0.038223 -2.357954 -0.085653
v -0.025698 -2.528858 -0.098178
v -0.018788 -2.721127 -0.105088
v -0.274138 -3.823194 -0.053485
v -0.282722 -3.830647 0.016021
v -0.274138 -3.823194 0.085528
v -0.070391 -3.823194 -0.118220
v -0.139897 -3.830647 -0.126803
v -0.209404 -3.823194 -0.118220
v -0.005656 -3.823194 0.085528
v 0.002928 -3.830647 0.016021
v -0.005656 -3.823194 -0.053485
v -0.209404 -3.823194 0.150263
v -0.139897 -3.830647 0.158846
v -0.070391 -3.823194 0.150263
v -0.293902 -3.611763 0.170026
v -0.289008 -3.696269 0.165132
v -0.274924 -3.765690 0.151048
v -0.004871 -3.765690 0.151048
v 0.009213 -3.696269 0.165132
v 0.014107 -3.611763 0.170026
v 0.014107 -3.611763 -0.137983
v 0.009213 -3.696269 -0.133089
v -0.004871 -3.765690 -0.119005
v -0.274924 -3.765690 -0.119005
v -0.289008 -3.696269 -0.133089
v -0.293902 -3.611763 -0.137983
v -0.332101 -3.440307 0.098060
v -0.327291 -3.364815 0.096006
v -0.321996 -3.296691 0.093746
v -0.346165 -3.440307 0.016021
v -0.341002 -3.364815 0.016021
v -0.335320 -3.296691 0.016021
v -0.332101 -3.440307 -0.066017
v -0.327291 -3.364815 -0.063963
v -0.321996 -3.296691 -0.061703
v -0.221936 -3.440307 -0.176182
v -0.219882 -3.364815 -0.171372
v -0.217622 -3.296691 -0.166077
v -0.139897 -3.440307 -0.190246
v -0.139897 -3.364815 -0.185083
v -0.139897 -3.296691 -0.179401
v -0.057859 -3.440307 -0.176182
v -0.059912 -3.364815 -0.171372
v -0.062172 -3.296691 -0.166077
v 0.052306 -3.440307 -0.066017
v 0.047496 -3.364815 -0.063963
v 0.042201 -3.296691 -0.061703
v 0.066370 -3.440307 0.016021
v 0.061208 -3.364815 0.016021
v 0.055525 -3.296691 0.016021
v 0.052306 -3.440307 0.098060
v 0.047496 -3.364815 0.096006
v 0.042201 -3.296691 0.093746
v -0.057859 -3.440307 0.208225
v -0.059912 -3.364815 0.203415
v -0.062172 -3.296691 0.198120
v -0.139897 -3.440307 0.222289
v -0.139897 -3.364815 0.217126
v -0.139897 -3.296691 0.211444
v -0.221936 -3.440307 0.208225
v -0.219882 -3.364815 0.203415
v -0.217622 -3.296691 0.198120
v -0.055680 -3.611901 0.213351
v -0.139897 -3.612038 0.227797
v -0.224115 -3.611901 0.213351
v -0.058378 -3.697368 0.207165
v -0.139897 -3.698467 0.221206
v -0.221417 -3.697368 0.207165
v -0.065387 -3.769796 0.187822
v -0.139897 -3.773389 0.200269
v -0.214407 -3.769796 0.187822
v 0.032181 -3.179636 0.089469
v 0.044772 -3.179636 0.016021
v 0.032181 -3.179636 -0.057427
v 0.027841 -3.114883 0.087617
v 0.040115 -3.114883 0.016021
v 0.027841 -3.114883 -0.055574
v 0.023790 -3.025853 0.085888
v 0.035767 -3.025853 0.016021
v 0.023790 -3.025853 -0.053845
v -0.206129 -2.720768 0.171191
v -0.139897 -2.720409 0.182545
v -0.073665 -2.720768 0.171191
v -0.202353 -2.525986 0.162330
v -0.139897 -2.523114 0.173030
v -0.077442 -2.525986 0.162330
v -0.196044 -2.347223 0.145156
v -0.139897 -2.337834 0.154375
v -0.083751 -2.347223 0.145156
v -0.311976 -3.179636 -0.057427
v -0.324567 -3.179636 0.016021
v -0.311976 -3.179636 0.089470
v -0.307636 -3.114883 -0.055574
v -0.319910 -3.114883 0.016021
v -0.307636 -3.114883 0.087617
v -0.303584 -3.025853 -0.053845
v -0.315561 -3.025853 0.016021
v -0.303584 -3.025853 0.085888
v -0.213345 -3.179636 0.188100
v -0.139897 -3.179636 0.200691
v -0.066449 -3.179636 0.188100
v -0.211493 -3.114883 0.183760
v -0.139897 -3.114883 0.196034
v -0.068302 -3.114883 0.183760
v -0.209764 -3.025853 0.179708
v -0.139897 -3.025853 0.191685
v -0.070031 -3.025853 0.179708
v -0.066449 -3.179636 -0.156057
v -0.139897 -3.179636 -0.168648
v -0.213345 -3.179636 -0.156057
v -0.068302 -3.114883 -0.151717
v -0.139897 -3.114883 -0.163991
v -0.211493 -3.114883 -0.151717
v -0.070031 -3.025853 -0.147665
v -0.139897 -3.025853 -0.159642
v -0.209764 -3.025853 -0.147665
v -0.085117 -2.126191 -0.038759
v -0.139897 -2.098095 -0.041544
v -0.194678 -2.126191 -0.038759
v -0.082332 -2.098095 0.016021
v -0.139897 -2.067427 0.016021
v -0.197463 -2.098095 0.016021
v -0.085117 -2.126191 0.070802
v -0.139897 -2.098095 0.073587
v -0.194678 -2.126191 0.070802
v -0.073665 -2.720768 -0.139148
v -0.139897 -2.720409 -0.150502
v -0.206129 -2.720768 -0.139148
v -0.077442 -2.525986 -0.130287
v -0.139897 -2.523114 -0.140987
v -0.202353 -2.525986 -0.130287
v -0.083751 -2.347223 -0.113113
v -0.139897 -2.337834 -0.122332
v -0.196044 -2.347223 -0.113113
v 0.015273 -2.720768 0.082253
v 0.026626 -2.720409 0.016021
v 0.015273 -2.720768 -0.050210
v 0.006411 -2.525986 0.078477
v 0.017111 -2.523114 0.016021
v 0.006411 -2.525986 -0.046434
v -0.010763 -2.347223 0.072168
v -0.001544 -2.337834 0.016021
v -0.010763 -2.347223 -0.040125
v -0.295067 -2.720768 -0.050210
v -0.306421 -2.720409 0.016021
v -0.295067 -2.720768 0.082253
v -0.286206 -2.525986 -0.046434
v -0.296906 -2.523114 0.016021
v -0.286206 -2.525986 0.078477
v -0.269032 -2.347223 -0.040125
v -0.278251 -2.337834 0.016021
v -0.269032 -2.347223 0.072168
v -0.213975 -3.854942 -0.058056
v -0.139897 -3.865692 -0.062035
v -0.065820 -3.854942 -0.058056
v -0.217954 -3.865692 0.016022
v -0.139897 -3.877426 0.016021
v -0.061841 -3.865692 0.016021
v -0.213975 -3.854942 0.090099
v -0.139897 -3.865692 0.094078
v -0.065820 -3.854942 0.090099
v -0.224115 -3.611901 -0.181308
v -0.139897 -3.612038 -0.195754
v -0.055680 -3.611901 -0.181308
v -0.221417 -3.697368 -0.175122
v -0.139897 -3.698467 -0.189163
v -0.058378 -3.697368 -0.175122
v -0.214407 -3.769796 -0.155779
v -0.139897 -3.773389 -0.168226
v -0.065387 -3.769796 -0.155779
v -0.337227 -3.611901 0.100239
v -0.351673 -3.612038 0.016021
v -0.337227 -3.611901 -0.068196
v -0.331041 -3.697368 0.097541
v -0.345082 -3.698467 0.016021
v -0.331041 -3.697368 -0.065498
v -0.311698 -3.769796 0.090532
v -0.324144 -3.773389 0.016021
v -0.311698 -3.769796 -0.058489
v 0.057432 -3.611901 -0.068196
v 0.071878 -3.612038 0.016021
v 0.057432 -3.611901 0.100239
v 0.051246 -3.697368 -0.065498
v 0.065287 -3.698467 0.016021
v 0.051246 -3.697368 0.097541
v 0.031903 -3.769796 -0.058489
v 0.044350 -3.773389 0.016021
v 0.031903 -3.769796 0.090532
vn -0.9834 0.0672 0.1686
vn -0.9823 0.0819 0.1684
vn -0.9834 0.0672 -0.1686
vn -0.9823 0.0819 -0.1684
vn -0.8486 0.0491 0.5267
vn -0.8477 0.0683 0.5261
vn -0.8467 0.0832 0.5255
vn -0.8460 0.0923 0.5251
vn -0.9815 0.0908 0.1683
vn -0.9815 0.0908 -0.1683
vn -0.8460 0.0923 -0.5251
vn -0.8467 0.0832 -0.5255
vn -0.8477 0.0683 -0.5261
vn -0.8486 0.0491 -0.5267
vn -0.9845 0.0483 -0.1688
vn -0.9845 0.0483 0.1688
vn -0.1686 0.0672 -0.9834
vn -0.1684 0.0819 -0.9823
vn 0.1686 0.0672 -0.9834
vn 0.1684 0.0819 -0.9823
vn -0.5267 0.0491 -0.8486
vn -0.5261 0.0683 -0.8477
vn -0.5255 0.0832 -0.8467
vn -0.5251 0.0923 -0.8460
vn -0.1683 0.0908 -0.9815
vn 0.1683 0.0908 -0.9815
vn 0.5251 0.0923 -0.8460
vn 0.5255 0.0832 -0.8467
vn 0.5261 0.0683 -0.8477
vn 0.5267 0.0491 -0.8486
vn 0.1688 0.0483 -0.9845
vn -0.1688 0.0483 -0.9845
vn 0.9834 0.0672 -0.1686
vn 0.9823 0.0819 -0.1684
vn 0.9834 0.0672 0.1686
vn 0.9823 0.0819 0.1684
vn 0.8486 0.0491 -0.5267
vn 0.8477 0.0683 -0.5261
vn 0.8467 0.0832 -0.5255
vn 0.8460 0.0923 -0.5251
vn 0.9815 0.0908 -0.1683
vn 0.9815 0.0908 0.1683
vn 0.8460 0.0923 0.5251
vn 0.8467 0.0832 0.5255
vn 0.8477 0.0683 0.5261
vn 0.8486 0.0491 0.5267
vn 0.9845 0.0483 0.1688
vn 0.9845 0.0483 -0.1688
vn 0.1686 0.0672 0.9834
vn 0.1684 0.0819 0.9823
vn -0.1686 0.0672 0.9834
vn -0.1684 0.0819 0.9823
vn 0.5267 0.0491 0.8486
vn 0.5261 0.0683 0.8477
vn 0.5255 0.0832 0.8467
vn 0.5251 0.0923 0.8460
vn 0.1683 0.0908 0.9815
vn -0.1683 0.0908 0.9815
vn -0.5251 0.0923 0.8460
vn -0.5255 0.0832 0.8467
vn -0.5261 0.0683 0.8477
vn -0.5267 0.0491 0.8486
vn -0.1688 0.0483 0.9845
vn 0.1688 0.0483 0.9845
vn 0.1695 -0.0757 0.9826
vn -0.1695 -0.0757 0.9826
vn 0.1691 -0.2674 0.9486
vn -0.1691 -0.2674 0.9486
vn 0.5273 0.0161 0.8495
vn 0.1690 0.0159 0.9855
vn -0.1690 0.0159 0.9855
vn -0.5273 0.0161 0.8495
vn -0.5266 -0.0787 0.8464
vn -0.5126 -0.2684 0.8156
vn -0.4514 -0.5242 0.7221
vn -0.1611 -0.5782 0.7998
vn 0.1611 -0.5782 0.7998
vn 0.4514 -0.5242 0.7221
vn 0.5126 -0.2684 0.8156
vn 0.5266 -0.0787 0.8464
vn 0.9832 0.0707 0.1685
vn 0.9832 0.0707 -0.1685
vn 0.9845 0.0481 0.1688
vn 0.9845 0.0481 -0.1688
vn 0.8461 0.0909 0.5252
vn 0.9817 0.0895 0.1683
vn 0.9817 0.0895 -0.1683
vn 0.8461 0.0909 -0.5252
vn 0.8474 0.0718 -0.5260
vn 0.8486 0.0489 -0.5267
vn 0.8492 0.0326 -0.5271
vn 0.9851 0.0321 -0.1689
vn 0.9851 0.0321 0.1689
vn 0.8492 0.0326 0.5271
vn 0.8486 0.0489 0.5267
vn 0.8474 0.0718 0.5260
vn -0.1699 0.0478 0.9843
vn 0.1699 0.0478 0.9843
vn -0.1748 0.0994 0.9796
vn 0.1748 0.0994 0.9796
vn -0.5272 0.0281 0.8493
vn -0.1690 0.0276 0.9852
vn 0.1690 0.0276 0.9852
vn 0.5272 0.0281 0.8493
vn 0.5277 0.0491 0.8480
vn 0.5298 0.1001 0.8422
vn 0.5216 0.1854 0.8328
vn 0.1928 0.2097 0.9586
vn -0.1928 0.2097 0.9586
vn -0.5216 0.1854 0.8328
vn -0.5298 0.1001 0.8422
vn -0.5277 0.0491 0.8480
vn -0.9832 0.0707 -0.1685
vn -0.9832 0.0707 0.1685
vn -0.9845 0.0481 -0.1688
vn -0.9845 0.0481 0.1688
vn -0.8461 0.0909 -0.5252
vn -0.9817 0.0895 -0.1683
vn -0.9817 0.0895 0.1683
vn -0.8461 0.0909 0.5252
vn -0.8474 0.0718 0.5260
vn -0.8486 0.0489 0.5267
vn -0.8492 0.0326 0.5271
vn -0.9851 0.0321 0.1689
vn -0.9851 0.0321 -0.1689
vn -0.8492 0.0326 -0.5271
vn -0.8486 0.0489 -0.5267
vn -0.8474 0.0718 -0.5260
vn -0.1685 0.0707 0.9832
vn 0.1685 0.0707 0.9832
vn -0.1688 0.0481 0.9845
vn 0.1688 0.0481 0.9845
vn -0.5252 0.0909 0.8461
vn -0.1683 0.0895 0.9817
vn 0.1683 0.0895 0.9817
vn 0.5252 0.0909 0.8461
vn 0.5260 0.0718 0.8474
vn 0.5267 0.0489 0.8486
vn 0.5271 0.0326 0.8492
vn 0.1689 0.0321 0.9851
vn -0.1689 0.0321 0.9851
vn -0.5271 0.0326 0.8492
vn -0.5267 0.0489 0.8486
vn -0.5260 0.0718 0.8474
vn 0.1685 0.0707 -0.9832
vn -0.1685 0.0707 -0.9832
vn 0.1688 0.0481 -0.9845
vn -0.1688 0.0481 -0.9845
vn 0.5252 0.0909 -0.8461
vn 0.1683 0.0895 -0.9817
vn -0.1683 0.0895 -0.9817
vn -0.5252 0.0909 -0.8461
vn -0.5260 0.0718 -0.8474
vn -0.5267 0.0489 -0.8486
vn -0.5271 0.0326 -0.8492
vn -0.1689 0.0321 -0.9851
vn 0.1689 0.0321 -0.9851
vn 0.5271 0.0326 -0.8492
vn 0.5267 0.0489 -0.8486
vn 0.5260 0.0718 -0.8474
vn 0.4273 0.7967 -0.4273
vn -0.4273 0.7967 -0.4273
vn 0.4273 0.7967 0.4273
vn -0.4273 0.7967 0.4273
vn 0.6611 0.3547 -0.6611
vn 0.2725 0.4504 -0.8502
vn -0.2725 0.4504 -0.8502
vn -0.6611 0.3547 -0.6611
vn -0.8502 0.4504 -0.2725
vn -0.8502 0.4504 0.2725
vn -0.6611 0.3547 0.6611
vn -0.2725 0.4504 0.8502
vn 0.2725 0.4504 0.8502
vn 0.6611 0.3547 0.6611
vn 0.8502 0.4504 0.2725
vn 0.8502 0.4504 -0.2725
vn 0.1699 0.0478 -0.9843
vn -0.1699 0.0478 -0.9843
vn 0.1748 0.0994 -0.9796
vn -0.1748 0.0994 -0.9796
vn 0.5272 0.0281 -0.8493
vn 0.1690 0.0276 -0.9852
vn -0.1690 0.0276 -0.9852
vn -0.5272 0.0281 -0.8493
vn -0.5277 0.0491 -0.8480
vn -0.5298 0.1001 -0.8422
vn -0.5216 0.1854 -0.8328
vn -0.1928 0.2097 -0.9586
vn 0.1928 0.2097 -0.9586
vn 0.5216 0.1854 -0.8328
vn 0.5298 0.1001 -0.8422
vn 0.5277 0.0491 -0.8480
vn 0.9843 0.0478 0.1699
vn 0.9843 0.0478 -0.1699
vn 0.9796 0.0994 0.1748
vn 0.9796 0.0994 -0.1748
vn 0.8493 0.0281 0.5272
vn 0.9852 0.0276 0.1690
vn 0.9852 0.0276 -0.1690
vn 0.8493 0.0281 -0.5272
vn 0.8480 0.0491 -0.5277
vn 0.8422 0.1001 -0.5298
vn 0.8328 0.1854 -0.5216
vn 0.9586 0.2097 -0.1928
vn 0.9586 0.2097 0.1928
vn 0.8328 0.1854 0.5216
vn 0.8422 0.1001 0.5298
vn 0.8480 0.0491 0.5277
vn -0.9843 0.0478 -0.1699
vn -0.9843 0.0478 0.1699
vn -0.9796 0.0994 -0.1748
vn -0.9796 0.0994 0.1748
vn -0.8493 0.0281 -0.5272
vn -0.9852 0.0276 -0.1690
vn -0.9852 0.0276 0.1690
vn -0.8493 0.0281 0.5272
vn -0.8480 0.0491 0.5277
vn -0.8422 0.1001 0.5298
vn -0.8328 0.1854 0.5216
vn -0.9586 0.2097 0.1928
vn -0.9586 0.2097 -0.1928
vn -0.8328 0.1854 -0.5216
vn -0.8422 0.1001 -0.5298
vn -0.8480 0.0491 -0.5277
vn -0.1484 -0.9777 -0.1484
vn 0.1484 -0.9777 -0.1484
vn -0.1484 -0.9777 0.1484
vn 0.1484 -0.9777 0.1484
vn -0.4295 -0.7943 -0.4295
vn -0.1514 -0.8694 -0.4704
vn 0.1514 -0.8694 -0.4704
vn 0.4295 -0.7943 -0.4295
vn 0.4704 -0.8694 -0.1514
vn 0.4704 -0.8694 0.1514
vn 0.4295 -0.7943 0.4295
vn 0.1514 -0.8694 0.4704
vn -0.1514 -0.8694 0.4704
vn -0.4295 -0.7943 0.4295
vn -0.4704 -0.8694 0.1514
vn -0.4704 -0.8694 -0.1514
vn -0.1695 -0.0757 -0.9826
vn 0.1695 -0.0757 -0.9826
vn -0.1691 -0.2674 -0.9486
vn 0.1691 -0.2674 -0.9486
vn -0.5273 0.0161 -0.8495
vn -0.1690 0.0159 -0.9855
vn 0.1690 0.0159 -0.9855
vn 0.5273 0.0161 -0.8495
vn 0.5266 -0.0787 -0.8464
vn 0.5126 -0.2684 -0.8156
vn 0.4514 -0.5242 -0.7221
vn 0.1611 -0.5782 -0.7998
vn -0.1611 -0.5782 -0.7998
vn -0.4514 -0.5242 -0.7221
vn -0.5126 -0.2684 -0.8156
vn -0.5266 -0.0787 -0.8464
vn -0.9826 -0.0757 0.1695
vn -0.9826 -0.0757 -0.1695
vn -0.9486 -0.2674 0.1691
vn -0.9486 -0.2674 -0.1691
vn -0.8495 0.0161 0.5273
vn -0.9855 0.0159 0.1690
vn -0.9855 0.0159 -0.1690
vn -0.8495 0.0161 -0.5273
vn -0.8464 -0.0787 -0.5266
vn -0.8156 -0.2684 -0.5126
vn -0.7221 -0.5242 -0.4514
vn -0.7998 -0.5782 -0.1611
vn -0.7998 -0.5782 0.1611
vn -0.7221 -0.5242 0.4514
vn -0.8156 -0.2684 0.5126
vn -0.8464 -0.0787 0.5266
vn 0.9826 -0.0757 -0.1695
vn 0.9826 -0.0757 0.1695
vn 0.9486 -0.2674 -0.1691
vn 0.9486 -0.2674 0.1691
vn 0.8495 0.0161 -0.5273
vn 0.9855 0.0159 -0.1690
vn 0.9855 0.0159 0.1690
vn 0.8495 0.0161 0.5273
vn 0.8464 -0.0787 0.5266
vn 0.8156 -0.2684 0.5126
vn 0.7221 -0.5242 0.4514
vn 0.7998 -0.5782 0.1611
vn 0.7998 -0.5782 -0.1611
vn 0.7221 -0.5242 -0.4514
vn 0.8156 -0.2684 -0.5126
vn 0.8464 -0.0787 -0.5266
vt 0.446533 0.062500
vt 0.500000 0.062500
vt 0.500000 0.125000
vt 0.452040 0.125000
vt 0.553467 0.062500
vt 0.547960 0.125000
vt 0.500000 0.187500
vt 0.454129 0.187500
vt 0.545871 0.187500
vt 0.375000 0.000000
vt 0.437500 0.000000
vt 0.404080 0.062500
vt 0.500000 0.000000
vt 0.562500 0.000000
vt 0.625000 0.000000
vt 0.595920 0.062500
vt 0.586806 0.125000
vt 0.583767 0.187500
vt 0.583333 0.250000
vt 0.545573 0.250000
vt 0.500000 0.250000
vt 0.454427 0.250000
vt 0.416233 0.187500
vt 0.416667 0.250000
vt 0.413194 0.125000
vt 0.454427 0.312500
vt 0.500000 0.312500
vt 0.500000 0.375000
vt 0.454427 0.375000
vt 0.545573 0.312500
vt 0.545573 0.375000
vt 0.500000 0.437500
vt 0.454427 0.437500
vt 0.545573 0.437500
vt 0.454427 0.250000
vt 0.416667 0.312500
vt 0.500000 0.250000
vt 0.545573 0.250000
vt 0.583333 0.312500
vt 0.583333 0.375000
vt 0.583333 0.437500
vt 0.583333 0.500000
vt 0.545573 0.500000
vt 0.500000 0.500000
vt 0.454427 0.500000
vt 0.416667 0.437500
vt 0.416667 0.500000
vt 0.416667 0.375000
vt 0.454427 0.562500
vt 0.500000 0.562500
vt 0.500000 0.625000
vt 0.454427 0.625000
vt 0.545573 0.562500
vt 0.545573 0.625000
vt 0.500000 0.687500
vt 0.454427 0.687500
vt 0.545573 0.687500
vt 0.416667 0.562500
vt 0.583333 0.562500
vt 0.583333 0.625000
vt 0.583333 0.687500
vt 0.583333 0.750000
vt 0.545573 0.750000
vt 0.500000 0.750000
vt 0.454427 0.750000
vt 0.416667 0.687500
vt 0.416667 0.750000
vt 0.416667 0.625000
vt 0.454129 0.812500
vt 0.500000 0.812500
vt 0.500000 0.875000
vt 0.452040 0.875000
vt 0.545871 0.812500
vt 0.547960 0.875000
vt 0.500000 0.937500
vt 0.446533 0.937500
vt 0.553467 0.937500
vt 0.416667 0.750000
vt 0.454427 0.750000
vt 0.416233 0.812500
vt 0.500000 0.750000
vt 0.545573 0.750000
vt 0.583333 0.750000
vt 0.583767 0.812500
vt 0.586806 0.875000
vt 0.595920 0.937500
vt 0.625000 1.000000
vt 0.562500 1.000000
vt 0.500000 1.000000
vt 0.437500 1.000000
vt 0.404080 0.937500
vt 0.375000 1.000000
vt 0.413194 0.875000
vt 0.392253 0.812500
vt 0.390082 0.875000
vt 0.379340 0.875000
vt 0.379991 0.812500
vt 0.384345 0.937500
vt 0.377496 0.937500
vt 0.375543 0.875000
vt 0.375407 0.812500
vt 0.375312 0.937500
vt 0.416667 0.750000
vt 0.392470 0.750000
vt 0.413194 0.875000
vt 0.404080 0.937500
vt 0.375000 1.000000
vt 0.375000 1.000000
vt 0.375000 0.937500
vt 0.375000 0.875000
vt 0.375000 0.812500
vt 0.373047 0.750000
vt 0.375000 0.750000
vt 0.379340 0.750000
vt 0.607422 0.687500
vt 0.607422 0.625000
vt 0.619792 0.625000
vt 0.619792 0.687500
vt 0.607422 0.562500
vt 0.619792 0.562500
vt 0.624349 0.625000
vt 0.624349 0.687500
vt 0.624349 0.562500
vt 0.583333 0.750000
vt 0.583333 0.687500
vt 0.607422 0.750000
vt 0.583333 0.625000
vt 0.583333 0.562500
vt 0.607422 0.500000
vt 0.619792 0.500000
vt 0.624349 0.500000
vt 0.625000 0.500000
vt 0.625000 0.562500
vt 0.625000 0.625000
vt 0.625000 0.687500
vt 0.624349 0.750000
vt 0.625000 0.750000
vt 0.619792 0.750000
vt 0.625000 0.937500
vt 0.625000 0.875000
vt 0.625000 0.875000
vt 0.625014 0.812500
vt 0.625109 0.812500
vt 0.625231 0.812500
vt 0.625000 1.000000
vt 0.625000 0.812500
vt 0.625000 0.750000
vt 0.625109 0.750000
vt 0.625868 0.750000
vt 0.627604 0.750000
vt 0.625000 0.750000
vt 0.625000 0.812500
vt 0.625000 0.937500
vt 0.607734 0.187500
vt 0.609918 0.125000
vt 0.620660 0.125000
vt 0.619900 0.187500
vt 0.615655 0.062500
vt 0.622504 0.062500
vt 0.624458 0.125000
vt 0.624363 0.187500
vt 0.624688 0.062500
vt 0.583767 0.187500
vt 0.607422 0.250000
vt 0.586806 0.125000
vt 0.625000 0.000000
vt 0.625000 0.062500
vt 0.625000 0.125000
vt 0.625000 0.187500
vt 0.624349 0.250000
vt 0.625000 0.250000
vt 0.619792 0.250000
vt 0.615655 0.937500
vt 0.609918 0.875000
vt 0.620660 0.875000
vt 0.622504 0.937500
vt 0.607734 0.812500
vt 0.619900 0.812500
vt 0.624457 0.875000
vt 0.624688 0.937500
vt 0.624363 0.812500
vt 0.586806 0.875000
vt 0.583767 0.812500
vt 0.607422 0.750000
vt 0.619792 0.750000
vt 0.624349 0.750000
vt 0.607422 0.437500
vt 0.607422 0.375000
vt 0.619792 0.375000
vt 0.619792 0.437500
vt 0.607422 0.312500
vt 0.619792 0.312500
vt 0.624349 0.375000
vt 0.624349 0.437500
vt 0.624349 0.312500
vt 0.583333 0.437500
vt 0.583333 0.375000
vt 0.583333 0.312500
vt 0.607422 0.250000
vt 0.619792 0.250000
vt 0.624349 0.250000
vt 0.625000 0.312500
vt 0.625000 0.375000
vt 0.625000 0.437500
vt 0.696533 0.562500
vt 0.752387 0.562500
vt 0.753472 0.625000
vt 0.700087 0.625000
vt 0.812798 0.562500
vt 0.812934 0.625000
vt 0.752387 0.687500
vt 0.696533 0.687500
vt 0.812798 0.687500
vt 0.625000 0.500000
vt 0.687500 0.500000
vt 0.653700 0.562500
vt 0.750000 0.500000
vt 0.812500 0.500000
vt 0.875000 0.500000
vt 0.875000 0.562500
vt 0.875000 0.625000
vt 0.875000 0.687500
vt 0.875000 0.750000
vt 0.812500 0.750000
vt 0.750000 0.750000
vt 0.687500 0.750000
vt 0.653700 0.687500
vt 0.659722 0.625000
vt 0.625014 0.437500
vt 0.625000 0.375000
vt 0.625109 0.437500
vt 0.625000 0.312500
vt 0.625231 0.437500
vt 0.625000 0.312500
vt 0.625000 0.500000
vt 0.625000 0.437500
vt 0.625109 0.500000
vt 0.625000 0.375000
vt 0.625000 0.250000
vt 0.625000 0.250000
vt 0.625000 0.250000
vt 0.625000 0.437500
vt 0.627604 0.500000
vt 0.625868 0.500000
vt 0.625312 0.687500
vt 0.625434 0.625000
vt 0.628472 0.625000
vt 0.627496 0.687500
vt 0.625312 0.562500
vt 0.627496 0.562500
vt 0.637587 0.625000
vt 0.634264 0.687500
vt 0.634264 0.562500
vt 0.625000 0.687500
vt 0.625000 0.562500
vt 0.653700 0.562500
vt 0.659722 0.625000
vt 0.653700 0.687500
vt 0.625000 0.187500
vt 0.625000 0.187500
vt 0.625000 0.187500
vt 0.187202 0.562500
vt 0.247613 0.562500
vt 0.246528 0.625000
vt 0.187066 0.625000
vt 0.303467 0.562500
vt 0.299913 0.625000
vt 0.247613 0.687500
vt 0.187202 0.687500
vt 0.303467 0.687500
vt 0.125000 0.500000
vt 0.187500 0.500000
vt 0.125000 0.562500
vt 0.250000 0.500000
vt 0.312500 0.500000
vt 0.375000 0.500000
vt 0.346300 0.562500
vt 0.340278 0.625000
vt 0.346300 0.687500
vt 0.312500 0.750000
vt 0.250000 0.750000
vt 0.187500 0.750000
vt 0.125000 0.687500
vt 0.125000 0.750000
vt 0.125000 0.625000
vt 0.392578 0.312500
vt 0.392578 0.375000
vt 0.380208 0.375000
vt 0.380208 0.312500
vt 0.392565 0.437500
vt 0.380100 0.437500
vt 0.375651 0.375000
vt 0.375651 0.312500
vt 0.375420 0.437500
vt 0.416667 0.250000
vt 0.416667 0.312500
vt 0.392578 0.250000
vt 0.416667 0.375000
vt 0.416667 0.500000
vt 0.392470 0.500000
vt 0.379340 0.500000
vt 0.373047 0.500000
vt 0.375000 0.437500
vt 0.375000 0.375000
vt 0.375000 0.312500
vt 0.375651 0.250000
vt 0.375000 0.250000
vt 0.380208 0.250000
vt 0.384345 0.062500
vt 0.390083 0.125000
vt 0.379340 0.125000
vt 0.377496 0.062500
vt 0.392266 0.187500
vt 0.380100 0.187500
vt 0.375543 0.125000
vt 0.375312 0.062500
vt 0.375638 0.187500
vt 0.404080 0.062500
vt 0.375000 0.000000
vt 0.413194 0.125000
vt 0.416233 0.187500
vt 0.375000 0.187500
vt 0.375000 0.125000
vt 0.375000 0.062500
vt 0.375000 0.000000
vt 0.392266 0.562500
vt 0.392144 0.625000
vt 0.376736 0.625000
vt 0.377713 0.562500
vt 0.392266 0.687500
vt 0.377713 0.687500
vt 0.363064 0.625000
vt 0.366387 0.562500
vt 0.366387 0.687500
vt 0.416667 0.562500
vt 0.416667 0.625000
vt 0.416667 0.687500
s 0
f 2611/2459/2441 2612/2460/2441 2615/2461/2441 2614/2462/2441
f 2612/2460/2442 2613/2463/2442 2616/2464/2442 2615/2461/2442
f 2614/2462/2443 2615/2461/2443 2618/2465/2443 2617/2466/2443
f 2615/2461/2444 2616/2464/2444 2619/2467/2444 2618/2465/2444
f 2483/2468/2445 2506/2469/2445 2611/2459/2445 2505/2470/2445
f 2506/2469/2446 2507/2471/2446 2612/2460/2446 2611/2459/2446
f 2507/2471/2447 2508/2472/2447 2613/2463/2447 2612/2460/2447
f 2508/2472/2448 2484/2473/2448 2509/2474/2448 2613/2463/2448
f 2613/2463/2449 2509/2474/2449 2510/2475/2449 2616/2464/2449
f 2616/2464/2450 2510/2475/2450 2511/2476/2450 2619/2467/2450
f 2619/2467/2451 2511/2476/2451 2486/2477/2451 2512/2478/2451
f 2618/2465/2452 2619/2467/2452 2512/2478/2452 2513/2479/2452
f 2617/2466/2453 2618/2465/2453 2513/2479/2453 2514/2480/2453
f 2503/2481/2454 2617/2466/2454 2514/2480/2454 2485/2482/2454
f 2504/2483/2455 2614/2462/2455 2617/2466/2455 2503/2481/2455
f 2505/2470/2456 2611/2459/2456 2614/2462/2456 2504/2483/2456
f 2620/2484/2457 2621/2485/2457 2624/2486/2457 2623/2487/2457
f 2621/2485/2458 2622/2488/2458 2625/2489/2458 2624/2486/2458
f 2623/2487/2459 2624/2486/2459 2627/2490/2459 2626/2491/2459
f 2624/2486/2460 2625/2489/2460 2628/2492/2460 2627/2490/2460
f 2485/2482/2461 2514/2493/2461 2620/2484/2461 2517/2494/2461
f 2514/2493/2462 2513/2495/2462 2621/2485/2462 2620/2484/2462
f 2513/2495/2463 2512/2496/2463 2622/2488/2463 2621/2485/2463
f 2512/2496/2464 2486/2477/2464 2518/2497/2464 2622/2488/2464
f 2622/2488/2465 2518/2497/2465 2519/2498/2465 2625/2489/2465
f 2625/2489/2466 2519/2498/2466 2520/2499/2466 2628/2492/2466
f 2628/2492/2467 2520/2499/2467 2490/2500/2467 2521/2501/2467
f 2627/2490/2468 2628/2492/2468 2521/2501/2468 2522/2502/2468
f 2626/2491/2469 2627/2490/2469 2522/2502/2469 2523/2503/2469
f 2515/2504/2470 2626/2491/2470 2523/2503/2470 2489/2505/2470
f 2516/2506/2471 2623/2487/2471 2626/2491/2471 2515/2504/2471
f 2517/2494/2472 2620/2484/2472 2623/2487/2472 2516/2506/2472
f 2629/2507/2473 2630/2508/2473 2633/2509/2473 2632/2510/2473
f 2630/2508/2474 2631/2511/2474 2634/2512/2474 2633/2509/2474
f 2632/2510/2475 2633/2509/2475 2636/2513/2475 2635/2514/2475
f 2633/2509/2476 2634/2512/2476 2637/2515/2476 2636/2513/2476
f 2489/2505/2477 2523/2503/2477 2629/2507/2477 2526/2516/2477
f 2523/2503/2478 2522/2502/2478 2630/2508/2478 2629/2507/2478
f 2522/2502/2479 2521/2501/2479 2631/2511/2479 2630/2508/2479
f 2521/2501/2480 2490/2500/2480 2527/2517/2480 2631/2511/2480
f 2631/2511/2481 2527/2517/2481 2528/2518/2481 2634/2512/2481
f 2634/2512/2482 2528/2518/2482 2529/2519/2482 2637/2515/2482
f 2637/2515/2483 2529/2519/2483 2488/2520/2483 2530/2521/2483
f 2636/2513/2484 2637/2515/2484 2530/2521/2484 2531/2522/2484
f 2635/2514/2485 2636/2513/2485 2531/2522/2485 2532/2523/2485
f 2524/2524/2486 2635/2514/2486 2532/2523/2486 2487/2525/2486
f 2525/2526/2487 2632/2510/2487 2635/2514/2487 2524/2524/2487
f 2526/2516/2488 2629/2507/2488 2632/2510/2488 2525/2526/2488
f 2638/2527/2489 2639/2528/2489 2642/2529/2489 2641/2530/2489
f 2639/2528/2490 2640/2531/2490 2643/2532/2490 2642/2529/2490
f 2641/2530/2491 2642/2529/2491 2645/2533/2491 2644/2534/2491
f 2642/2529/2492 2643/2532/2492 2646/2535/2492 2645/2533/2492
f 2487/2536/2493 2532/2537/2493 2638/2527/2493 2535/2538/2493
f 2532/2537/2494 2531/2539/2494 2639/2528/2494 2638/2527/2494
f 2531/2539/2495 2530/2540/2495 2640/2531/2495 2639/2528/2495
f 2530/2540/2496 2488/2541/2496 2536/2542/2496 2640/2531/2496
f 2640/2531/2497 2536/2542/2497 2537/2543/2497 2643/2532/2497
f 2643/2532/2498 2537/2543/2498 2538/2544/2498 2646/2535/2498
f 2646/2535/2499 2538/2544/2499 2484/2545/2499 2508/2546/2499
f 2645/2533/2500 2646/2535/2500 2508/2546/2500 2507/2547/2500
f 2644/2534/2501 2645/2533/2501 2507/2547/2501 2506/2548/2501
f 2533/2549/2502 2644/2534/2502 2506/2548/2502 2483/2550/2502
f 2534/2551/2503 2641/2530/2503 2644/2534/2503 2533/2549/2503
f 2535/2538/2504 2638/2527/2504 2641/2530/2504 2534/2551/2504
f 2647/2552/2505 2648/2553/2505 2651/2554/2505 2650/2555/2505
f 2648/2553/2506 2649/2556/2506 2652/2557/2506 2651/2554/2506
f 2650/2555/2507 2651/2554/2507 2654/2558/2507 2653/2559/2507
f 2651/2554/2508 2652/2557/2508 2655/2560/2508 2654/2558/2508
f 2487/2561/2509 2535/2538/2509 2647/2552/2509 2604/2562/2509
f 2535/2538/2510 2534/2563/2510 2648/2553/2510 2647/2552/2510
f 2534/2563/2511 2533/2564/2511 2649/2556/2511 2648/2553/2511
f 2533/2564/2512 2483/2550/2512 2599/2565/2512 2649/2556/2512
f 2649/2556/2513 2599/2565/2513 2600/2565/2513 2652/2557/2513
f 2652/2557/2514 2600/2565/2514 2601/2565/2514 2655/2560/2514
f 2655/2560/2515 2601/2565/2515 2500/2566/2515 2596/2567/2515
f 2654/2558/2516 2655/2560/2516 2596/2567/2516 2597/2568/2516
f 2653/2559/2517 2654/2558/2517 2597/2568/2517 2598/2569/2517
f 2602/2570/2518 2653/2559/2518 2598/2569/2518 2502/2571/2518
f 2603/2572/2519 2650/2555/2519 2653/2559/2519 2602/2570/2519
f 2604/2562/2520 2647/2552/2520 2650/2555/2520 2603/2572/2520
f 2656/2573/2521 2657/2574/2521 2660/2575/2521 2659/2576/2521
f 2657/2574/2522 2658/2577/2522 2661/2578/2522 2660/2575/2522
f 2659/2576/2523 2660/2575/2523 2663/2579/2523 2662/2580/2523
f 2660/2575/2524 2661/2578/2524 2664/2581/2524 2663/2579/2524
f 2488/2582/2525 2529/2583/2525 2656/2573/2525 2556/2584/2525
f 2529/2583/2526 2528/2585/2526 2657/2574/2526 2656/2573/2526
f 2528/2585/2527 2527/2586/2527 2658/2577/2527 2657/2574/2527
f 2527/2586/2528 2490/2500/2528 2551/2587/2528 2658/2577/2528
f 2658/2577/2529 2551/2587/2529 2552/2588/2529 2661/2578/2529
f 2661/2578/2530 2552/2588/2530 2553/2589/2530 2664/2581/2530
f 2664/2581/2531 2553/2589/2531 2493/2590/2531 2545/2591/2531
f 2663/2579/2532 2664/2581/2532 2545/2591/2532 2546/2592/2532
f 2662/2580/2533 2663/2579/2533 2546/2592/2533 2547/2593/2533
f 2554/2594/2534 2662/2580/2534 2547/2593/2534 2494/2595/2534
f 2555/2596/2535 2659/2576/2535 2662/2580/2535 2554/2594/2535
f 2556/2584/2536 2656/2573/2536 2659/2576/2536 2555/2596/2536
f 2665/2597/2537 2666/2598/2537 2669/2599/2537 2668/2597/2537
f 2666/2598/2538 2667/2600/2538 2670/2601/2538 2669/2599/2538
f 2668/2597/2539 2669/2599/2539 2672/2599/2539 2671/2597/2539
f 2669/2599/2540 2670/2601/2540 2673/2602/2540 2672/2599/2540
f 2491/2545/2541 2550/2597/2541 2665/2597/2541 2580/2603/2541
f 2550/2597/2542 2549/2599/2542 2666/2598/2542 2665/2597/2542
f 2549/2599/2543 2548/2604/2543 2667/2600/2543 2666/2598/2543
f 2548/2604/2544 2494/2605/2544 2575/2606/2544 2667/2600/2544
f 2667/2600/2545 2575/2606/2545 2576/2607/2545 2670/2601/2545
f 2670/2601/2546 2576/2607/2546 2577/2608/2546 2673/2602/2546
f 2673/2602/2547 2577/2608/2547 2498/2609/2547 2572/2610/2547
f 2672/2599/2548 2673/2602/2548 2572/2610/2548 2573/2599/2548
f 2671/2597/2549 2672/2599/2549 2573/2599/2549 2574/2611/2549
f 2578/2603/2550 2671/2597/2550 2574/2611/2550 2495/2603/2550
f 2579/2603/2551 2668/2597/2551 2671/2597/2551 2578/2603/2551
f 2580/2603/2552 2665/2597/2552 2668/2597/2552 2579/2603/2552
f 2674/2612/2553 2675/2613/2553 2678/2614/2553 2677/2615/2553
f 2675/2613/2554 2676/2616/2554 2679/2617/2554 2678/2614/2554
f 2677/2615/2555 2678/2614/2555 2681/2618/2555 2680/2619/2555
f 2678/2614/2556 2679/2617/2556 2682/2620/2556 2681/2618/2556
f 2486/2477/2557 2511/2621/2557 2674/2612/2557 2562/2622/2557
f 2511/2621/2558 2510/2623/2558 2675/2613/2558 2674/2612/2558
f 2510/2623/2559 2509/2474/2559 2676/2616/2559 2675/2613/2559
f 2509/2474/2560 2484/2473/2560 2557/2624/2560 2676/2616/2560
f 2676/2616/2561 2557/2624/2561 2558/2624/2561 2679/2617/2561
f 2679/2617/2562 2558/2624/2562 2559/2624/2562 2682/2620/2562
f 2682/2620/2563 2559/2624/2563 2491/2473/2563 2539/2625/2563
f 2681/2618/2564 2682/2620/2564 2539/2625/2564 2540/2626/2564
f 2680/2619/2565 2681/2618/2565 2540/2626/2565 2541/2627/2565
f 2560/2628/2566 2680/2619/2566 2541/2627/2566 2492/2629/2566
f 2561/2630/2567 2677/2615/2567 2680/2619/2567 2560/2628/2567
f 2562/2622/2568 2674/2612/2568 2677/2615/2568 2561/2630/2568
f 2683/2631/2569 2684/2632/2569 2687/2633/2569 2686/2634/2569
f 2684/2632/2570 2685/2635/2570 2688/2636/2570 2687/2633/2570
f 2686/2634/2571 2687/2633/2571 2690/2637/2571 2689/2638/2571
f 2687/2633/2572 2688/2636/2572 2691/2639/2572 2690/2637/2572
f 2484/2545/2573 2538/2544/2573 2683/2631/2573 2557/2603/2573
f 2538/2544/2574 2537/2640/2574 2684/2632/2574 2683/2631/2574
f 2537/2640/2575 2536/2641/2575 2685/2635/2575 2684/2632/2575
f 2536/2641/2576 2488/2520/2576 2556/2642/2576 2685/2635/2576
f 2685/2635/2577 2556/2642/2577 2555/2643/2577 2688/2636/2577
f 2688/2636/2578 2555/2643/2578 2554/2644/2578 2691/2639/2578
f 2691/2639/2579 2554/2644/2579 2494/2605/2579 2548/2604/2579
f 2690/2637/2580 2691/2639/2580 2548/2604/2580 2549/2599/2580
f 2689/2638/2581 2690/2637/2581 2549/2599/2581 2550/2597/2581
f 2559/2603/2582 2689/2638/2582 2550/2597/2582 2491/2545/2582
f 2558/2603/2583 2686/2634/2583 2689/2638/2583 2559/2603/2583
f 2557/2603/2584 2683/2631/2584 2686/2634/2584 2558/2603/2584
f 2692/2645/2585 2693/2646/2585 2696/2647/2585 2695/2648/2585
f 2693/2646/2586 2694/2649/2586 2697/2650/2586 2696/2647/2586
f 2695/2648/2587 2696/2647/2587 2699/2651/2587 2698/2652/2587
f 2696/2647/2588 2697/2650/2588 2700/2653/2588 2699/2651/2588
f 2490/2500/2589 2520/2654/2589 2692/2645/2589 2551/2587/2589
f 2520/2654/2590 2519/2655/2590 2693/2646/2590 2692/2645/2590
f 2519/2655/2591 2518/2656/2591 2694/2649/2591 2693/2646/2591
f 2518/2656/2592 2486/2477/2592 2562/2657/2592 2694/2649/2592
f 2694/2649/2593 2562/2657/2593 2561/2658/2593 2697/2650/2593
f 2697/2650/2594 2561/2658/2594 2560/2659/2594 2700/2653/2594
f 2700/2653/2595 2560/2659/2595 2492/2629/2595 2542/2660/2595
f 2699/2651/2596 2700/2653/2596 2542/2660/2596 2543/2661/2596
f 2698/2652/2597 2699/2651/2597 2543/2661/2597 2544/2662/2597
f 2553/2589/2598 2698/2652/2598 2544/2662/2598 2493/2590/2598
f 2552/2588/2599 2695/2648/2599 2698/2652/2599 2553/2589/2599
f 2551/2587/2600 2692/2645/2600 2695/2648/2600 2552/2588/2600
f 2701/2663/2601 2702/2664/2601 2705/2665/2601 2704/2666/2601
f 2702/2664/2602 2703/2667/2602 2706/2668/2602 2705/2665/2602
f 2704/2666/2603 2705/2665/2603 2708/2669/2603 2707/2670/2603
f 2705/2665/2604 2706/2668/2604 2709/2671/2604 2708/2669/2604
f 2497/2672/2605 2568/2673/2605 2701/2663/2605 2569/2674/2605
f 2568/2673/2606 2567/2675/2606 2702/2664/2606 2701/2663/2606
f 2567/2675/2607 2566/2676/2607 2703/2667/2607 2702/2664/2607
f 2566/2676/2608 2496/2677/2608 2565/2678/2608 2703/2667/2608
f 2703/2667/2609 2565/2678/2609 2564/2679/2609 2706/2668/2609
f 2706/2668/2610 2564/2679/2610 2563/2680/2610 2709/2671/2610
f 2709/2671/2611 2563/2680/2611 2495/2681/2611 2574/2682/2611
f 2708/2669/2612 2709/2671/2612 2574/2682/2612 2573/2683/2612
f 2707/2670/2613 2708/2669/2613 2573/2683/2613 2572/2684/2613
f 2571/2685/2614 2707/2670/2614 2572/2684/2614 2498/2609/2614
f 2570/2686/2615 2704/2666/2615 2707/2670/2615 2571/2685/2615
f 2569/2674/2616 2701/2663/2616 2704/2666/2616 2570/2686/2616
f 2710/2687/2617 2711/2688/2617 2714/2661/2617 2713/2689/2617
f 2711/2688/2618 2712/2690/2618 2715/2660/2618 2714/2661/2618
f 2713/2689/2619 2714/2661/2619 2717/2661/2619 2716/2691/2619
f 2714/2661/2620 2715/2660/2620 2718/2692/2620 2717/2661/2620
f 2493/2693/2621 2544/2694/2621 2710/2687/2621 2586/2695/2621
f 2544/2694/2622 2543/2696/2622 2711/2688/2622 2710/2687/2622
f 2543/2696/2623 2542/2660/2623 2712/2690/2623 2711/2688/2623
f 2542/2660/2624 2492/2629/2624 2581/2697/2624 2712/2690/2624
f 2712/2690/2625 2581/2697/2625 2582/2698/2625 2715/2660/2625
f 2715/2660/2626 2582/2698/2626 2583/2698/2626 2718/2692/2626
f 2718/2692/2627 2583/2698/2627 2496/2699/2627 2566/2660/2627
f 2717/2661/2628 2718/2692/2628 2566/2660/2628 2567/2661/2628
f 2716/2691/2629 2717/2661/2629 2567/2661/2629 2568/2700/2629
f 2584/2701/2630 2716/2691/2630 2568/2700/2630 2497/2672/2630
f 2585/2702/2631 2713/2689/2631 2716/2691/2631 2584/2701/2631
f 2586/2695/2632 2710/2687/2632 2713/2689/2632 2585/2702/2632
f 2719/2703/2633 2720/2704/2633 2723/2705/2633 2722/2706/2633
f 2720/2704/2634 2721/2707/2634 2724/2708/2634 2723/2705/2634
f 2722/2706/2635 2723/2705/2635 2726/2709/2635 2725/2710/2635
f 2723/2705/2636 2724/2708/2636 2727/2711/2636 2726/2709/2636
f 2494/2605/2637 2547/2712/2637 2719/2703/2637 2575/2606/2637
f 2547/2712/2638 2546/2592/2638 2720/2704/2638 2719/2703/2638
f 2546/2592/2639 2545/2713/2639 2721/2707/2639 2720/2704/2639
f 2545/2713/2640 2493/2693/2640 2586/2695/2640 2721/2707/2640
f 2721/2707/2641 2586/2695/2641 2585/2702/2641 2724/2708/2641
f 2724/2708/2642 2585/2702/2642 2584/2701/2642 2727/2711/2642
f 2727/2711/2643 2584/2701/2643 2497/2672/2643 2569/2714/2643
f 2726/2709/2644 2727/2711/2644 2569/2714/2644 2570/2715/2644
f 2725/2710/2645 2726/2709/2645 2570/2715/2645 2571/2716/2645
f 2577/2608/2646 2725/2710/2646 2571/2716/2646 2498/2609/2646
f 2576/2607/2647 2722/2706/2647 2725/2710/2647 2577/2608/2647
f 2575/2606/2648 2719/2703/2648 2722/2706/2648 2576/2607/2648
f 2728/2717/2649 2729/2626/2649 2732/2626/2649 2731/2718/2649
f 2729/2626/2650 2730/2625/2650 2733/2625/2650 2732/2626/2650
f 2731/2718/2651 2732/2626/2651 2735/2626/2651 2734/2718/2651
f 2732/2626/2652 2733/2625/2652 2736/2625/2652 2735/2626/2652
f 2492/2629/2653 2541/2627/2653 2728/2717/2653 2581/2697/2653
f 2541/2627/2654 2540/2626/2654 2729/2626/2654 2728/2717/2654
f 2540/2626/2655 2539/2625/2655 2730/2625/2655 2729/2626/2655
f 2539/2625/2656 2491/2473/2656 2580/2624/2656 2730/2625/2656
f 2730/2625/2657 2580/2624/2657 2579/2624/2657 2733/2625/2657
f 2733/2625/2658 2579/2624/2658 2578/2624/2658 2736/2625/2658
f 2736/2625/2659 2578/2624/2659 2495/2624/2659 2563/2625/2659
f 2735/2626/2660 2736/2625/2660 2563/2625/2660 2564/2626/2660
f 2734/2718/2661 2735/2626/2661 2564/2626/2661 2565/2719/2661
f 2583/2698/2662 2734/2718/2662 2565/2719/2662 2496/2699/2662
f 2582/2698/2663 2731/2718/2663 2734/2718/2663 2583/2698/2663
f 2581/2697/2664 2728/2717/2664 2731/2718/2664 2582/2698/2664
f 2737/2720/2665 2738/2721/2665 2741/2722/2665 2740/2723/2665
f 2738/2721/2666 2739/2724/2666 2742/2725/2666 2741/2722/2666
f 2740/2723/2667 2741/2722/2667 2744/2726/2667 2743/2727/2667
f 2741/2722/2668 2742/2725/2668 2745/2728/2668 2744/2726/2668
f 2499/2729/2669 2592/2730/2669 2737/2720/2669 2587/2731/2669
f 2592/2730/2670 2591/2732/2670 2738/2721/2670 2737/2720/2670
f 2591/2732/2671 2590/2733/2671 2739/2724/2671 2738/2721/2671
f 2590/2733/2672 2501/2734/2672 2595/2735/2672 2739/2724/2672
f 2739/2724/2673 2595/2735/2673 2594/2736/2673 2742/2725/2673
f 2742/2725/2674 2594/2736/2674 2593/2737/2674 2745/2728/2674
f 2745/2728/2675 2593/2737/2675 2502/2571/2675 2598/2738/2675
f 2744/2726/2676 2745/2728/2676 2598/2738/2676 2597/2739/2676
f 2743/2727/2677 2744/2726/2677 2597/2739/2677 2596/2740/2677
f 2589/2741/2678 2743/2727/2678 2596/2740/2678 2500/2742/2678
f 2588/2743/2679 2740/2723/2679 2743/2727/2679 2589/2741/2679
f 2587/2731/2680 2737/2720/2680 2740/2723/2680 2588/2743/2680
f 2746/2744/2681 2747/2745/2681 2750/2746/2681 2749/2747/2681
f 2747/2745/2682 2748/2748/2682 2751/2749/2682 2750/2746/2682
f 2749/2747/2683 2750/2746/2683 2753/2750/2683 2752/2751/2683
f 2750/2746/2684 2751/2749/2684 2754/2752/2684 2753/2750/2684
f 2485/2753/2685 2517/2754/2685 2746/2744/2685 2610/2755/2685
f 2517/2754/2686 2516/2756/2686 2747/2745/2686 2746/2744/2686
f 2516/2756/2687 2515/2504/2687 2748/2748/2687 2747/2745/2687
f 2515/2504/2688 2489/2757/2688 2605/2758/2688 2748/2748/2688
f 2748/2748/2689 2605/2758/2689 2606/2759/2689 2751/2749/2689
f 2751/2749/2690 2606/2759/2690 2607/2760/2690 2754/2752/2690
f 2754/2752/2691 2607/2760/2691 2501/2734/2691 2590/2761/2691
f 2753/2750/2692 2754/2752/2692 2590/2761/2692 2591/2762/2692
f 2752/2751/2693 2753/2750/2693 2591/2762/2693 2592/2763/2693
f 2608/2764/2694 2752/2751/2694 2592/2763/2694 2499/2765/2694
f 2609/2766/2695 2749/2747/2695 2752/2751/2695 2608/2764/2695
f 2610/2755/2696 2746/2744/2696 2749/2747/2696 2609/2766/2696
f 2755/2767/2697 2756/2768/2697 2759/2769/2697 2758/2770/2697
f 2756/2768/2698 2757/2771/2698 2760/2772/2698 2759/2769/2698
f 2758/2770/2699 2759/2769/2699 2762/2773/2699 2761/2774/2699
f 2759/2769/2700 2760/2772/2700 2763/2775/2700 2762/2773/2700
f 2483/2468/2701 2505/2776/2701 2755/2767/2701 2599/2777/2701
f 2505/2776/2702 2504/2778/2702 2756/2768/2702 2755/2767/2702
f 2504/2778/2703 2503/2779/2703 2757/2771/2703 2756/2768/2703
f 2503/2779/2704 2485/2753/2704 2610/2755/2704 2757/2771/2704
f 2757/2771/2705 2610/2755/2705 2609/2766/2705 2760/2772/2705
f 2760/2772/2706 2609/2766/2706 2608/2764/2706 2763/2775/2706
f 2763/2775/2707 2608/2764/2707 2499/2765/2707 2587/2780/2707
f 2762/2773/2708 2763/2775/2708 2587/2780/2708 2588/2781/2708
f 2761/2774/2709 2762/2773/2709 2588/2781/2709 2589/2782/2709
f 2601/2777/2710 2761/2774/2710 2589/2782/2710 2500/2783/2710
f 2600/2777/2711 2758/2770/2711 2761/2774/2711 2601/2777/2711
f 2599/2777/2712 2755/2767/2712 2758/2770/2712 2600/2777/2712
f 2764/2784/2713 2765/2785/2713 2768/2786/2713 2767/2787/2713
f 2765/2785/2714 2766/2788/2714 2769/2789/2714 2768/2786/2714
f 2767/2787/2715 2768/2786/2715 2771/2790/2715 2770/2791/2715
f 2768/2786/2716 2769/2789/2716 2772/2792/2716 2771/2790/2716
f 2489/2757/2717 2526/2793/2717 2764/2784/2717 2605/2758/2717
f 2526/2793/2718 2525/2794/2718 2765/2785/2718 2764/2784/2718
f 2525/2794/2719 2524/2795/2719 2766/2788/2719 2765/2785/2719
f 2524/2795/2720 2487/2561/2720 2604/2562/2720 2766/2788/2720
f 2766/2788/2721 2604/2562/2721 2603/2572/2721 2769/2789/2721
f 2769/2789/2722 2603/2572/2722 2602/2570/2722 2772/2792/2722
f 2772/2792/2723 2602/2570/2723 2502/2571/2723 2593/2737/2723
f 2771/2790/2724 2772/2792/2724 2593/2737/2724 2594/2736/2724
f 2770/2791/2725 2771/2790/2725 2594/2736/2725 2595/2735/2725
f 2607/2760/2726 2770/2791/2726 2595/2735/2726 2501/2734/2726
f 2606/2759/2727 2767/2787/2727 2770/2791/2727 2607/2760/2727
f 2605/2758/2728 2764/2784/2728 2767/2787/2728 2606/2759/2728
o Ear.R
v 0.218231 1.273422 -0.225594
v 0.261483 1.248450 -0.220675
v 0.303073 1.224438 -0.206107
v 0.341403 1.202309 -0.182450
v 0.374999 1.182912 -0.150613
v 0.402570 1.166994 -0.111820
v 0.423058 1.155165 -0.067561
v 0.435674 1.147882 -0.019537
v 0.439934 1.145422 0.030406
v 0.435674 1.147882 0.080349
v 0.423058 1.155165 0.128373
v 0.402570 1.166994 0.172632
v 0.374999 1.182912 0.211426
v 0.341403 1.202309 0.243262
v 0.303073 1.224438 0.266919
v 0.261483 1.248450 0.281487
v 0.218231 1.273422 0.286406
v 0.174979 1.298393 0.281487
v 0.133390 1.322405 0.266919
v 0.095060 1.344535 0.243262
v 0.061464 1.363932 0.211426
v 0.033893 1.379850 0.172632
v 0.013405 1.391678 0.128373
v 0.000789 1.398962 0.080349
v -0.003471 1.401422 0.030406
v 0.000789 1.398962 -0.019537
v 0.013405 1.391678 -0.067561
v 0.033893 1.379850 -0.111820
v 0.061464 1.363932 -0.150613
v 0.095060 1.344535 -0.182450
v 0.133390 1.322405 -0.206107
v 0.174979 1.298393 -0.220675
v 0.574569 1.890616 0.030406
vn 0.2482 0.2454 -0.9371
vn 0.4050 0.1548 -0.9011
vn 0.5527 0.0696 -0.8305
vn 0.6856 -0.0072 -0.7279
vn 0.7987 -0.0724 -0.5974
vn 0.8875 -0.1237 -0.4439
vn 0.9487 -0.1590 -0.2733
vn 0.9799 -0.1770 -0.0923
vn 0.9799 -0.1770 0.0923
vn 0.9487 -0.1590 0.2733
vn 0.8875 -0.1237 0.4439
vn 0.7987 -0.0724 0.5974
vn 0.6856 -0.0072 0.7279
vn 0.5527 0.0696 0.8305
vn 0.4050 0.1548 0.9011
vn 0.2482 0.2454 0.9371
vn 0.0884 0.3377 0.9371
vn -0.0684 0.4282 0.9011
vn -0.2161 0.5135 0.8305
vn -0.3490 0.5902 0.7279
vn -0.4621 0.6555 0.5974
vn -0.5509 0.7067 0.4439
vn -0.6121 0.7421 0.2733
vn -0.6432 0.7601 0.0923
vn -0.6432 0.7601 -0.0923
vn -0.6121 0.7421 -0.2733
vn -0.5509 0.7067 -0.4439
vn -0.4621 0.6555 -0.5974
vn -0.3490 0.5902 -0.7279
vn -0.2161 0.5135 -0.8305
vn -0.5000 -0.8660 -0.0000
vn -0.0684 0.4282 -0.9011
vn 0.0884 0.3377 -0.9371
vt 0.250000 0.490000
vt 0.250000 0.250000
vt 0.296822 0.485388
vt 0.341844 0.471731
vt 0.383337 0.449553
vt 0.419706 0.419706
vt 0.449553 0.383337
vt 0.471731 0.341844
vt 0.485388 0.296822
vt 0.490000 0.250000
vt 0.485388 0.203178
vt 0.471731 0.158156
vt 0.449553 0.116663
vt 0.419706 0.080294
vt 0.383337 0.050447
vt 0.341844 0.028269
vt 0.296822 0.014612
vt 0.250000 0.010000
vt 0.203178 0.014612
vt 0.158156 0.028269
vt 0.116663 0.050447
vt 0.080294 0.080294
vt 0.050447 0.116663
vt 0.028269 0.158156
vt 0.014612 0.203178
vt 0.010000 0.250000
vt 0.014612 0.296822
vt 0.028269 0.341844
vt 0.050447 0.383337
vt 0.080294 0.419706
vt 0.116663 0.449553
vt 0.158156 0.471731
vt 0.750000 0.490000
vt 0.796822 0.485388
vt 0.841844 0.471731
vt 0.883337 0.449553
vt 0.919706 0.419706
vt 0.949553 0.383337
vt 0.971731 0.341844
vt 0.985388 0.296822
vt 0.990000 0.250000
vt 0.985388 0.203178
vt 0.971731 0.158156
vt 0.949553 0.116663
vt 0.919706 0.080294
vt 0.883337 0.050447
vt 0.841844 0.028269
vt 0.796822 0.014612
vt 0.750000 0.010000
vt 0.703178 0.014612
vt 0.658156 0.028269
vt 0.616663 0.050447
vt 0.580294 0.080294
vt 0.550447 0.116663
vt 0.528269 0.158156
vt 0.514612 0.203178
vt 0.510000 0.250000
vt 0.514612 0.296822
vt 0.528269 0.341844
vt 0.550447 0.383337
vt 0.580294 0.419706
vt 0.616663 0.449553
vt 0.658156 0.471731
vt 0.703178 0.485388
vt 0.203178 0.485388
s 0
f 2773/2796/2729 2805/2797/2729 2774/2798/2729
f 2774/2798/2730 2805/2797/2730 2775/2799/2730
f 2775/2799/2731 2805/2797/2731 2776/2800/2731
f 2776/2800/2732 2805/2797/2732 2777/2801/2732
f 2777/2801/2733 2805/2797/2733 2778/2802/2733
f 2778/2802/2734 2805/2797/2734 2779/2803/2734
f 2779/2803/2735 2805/2797/2735 2780/2804/2735
f 2780/2804/2736 2805/2797/2736 2781/2805/2736
f 2781/2805/2737 2805/2797/2737 2782/2806/2737
f 2782/2806/2738 2805/2797/2738 2783/2807/2738
f 2783/2807/2739 2805/2797/2739 2784/2808/2739
f 2784/2808/2740 2805/2797/2740 2785/2809/2740
f 2785/2809/2741 2805/2797/2741 2786/2810/2741
f 2786/2810/2742 2805/2797/2742 2787/2811/2742
f 2787/2811/2743 2805/2797/2743 2788/2812/2743
f 2788/2812/2744 2805/2797/2744 2789/2813/2744
f 2789/2813/2745 2805/2797/2745 2790/2814/2745
f 2790/2814/2746 2805/2797/2746 2791/2815/2746
f 2791/2815/2747 2805/2797/2747 2792/2816/2747
f 2792/2816/2748 2805/2797/2748 2793/2817/2748
f 2793/2817/2749 2805/2797/2749 2794/2818/2749
f 2794/2818/2750 2805/2797/2750 2795/2819/2750
f 2795/2819/2751 2805/2797/2751 2796/2820/2751
f 2796/2820/2752 2805/2797/2752 2797/2821/2752
f 2797/2821/2753 2805/2797/2753 2798/2822/2753
f 2798/2822/2754 2805/2797/2754 2799/2823/2754
f 2799/2823/2755 2805/2797/2755 2800/2824/2755
f 2800/2824/2756 2805/2797/2756 2801/2825/2756
f 2801/2825/2757 2805/2797/2757 2802/2826/2757
f 2802/2826/2758 2805/2797/2758 2803/2827/2758
f 2773/2828/2759 2774/2829/2759 2775/2830/2759 2776/2831/2759 2777/2832/2759 2778/2833/2759 2779/2834/2759 2780/2835/2759 2781/2836/2759 2782/2837/2759 2783/2838/2759 2784/2839/2759 2785/2840/2759 2786/2841/2759 2787/2842/2759 2788/2843/2759 2789/2844/2759 2790/2845/2759 2791/2846/2759 2792/2847/2759 2793/2848/2759 2794/2849/2759 2795/2850/2759 2796/2851/2759 2797/2852/2759 2798/2853/2759 2799/2854/2759 2800/2855/2759 2801/2856/2759 2802/2857/2759 2803/2858/2759 2804/2859/2759
f 2803/2827/2760 2805/2797/2760 2804/2860/2760
f 2804/2860/2761 2805/2797/2761 2773/2796/2761
o Ear.L
v -0.218783 1.273422 -0.225594
v -0.175531 1.298394 -0.220675
v -0.133941 1.322406 -0.206107
v -0.095612 1.344535 -0.182450
v -0.062016 1.363932 -0.150613
v -0.034444 1.379851 -0.111820
v -0.013957 1.391679 -0.067561
v -0.001340 1.398963 -0.019537
v 0.002920 1.401422 0.030406
v -0.001340 1.398963 0.080349
v -0.013957 1.391679 0.128373
v -0.034444 1.379851 0.172632
v -0.062016 1.363932 0.211426
v -0.095612 1.344535 0.243263
v -0.133941 1.322406 0.266919
v -0.175531 1.298394 0.281487
v -0.218783 1.273422 0.286406
v -0.262035 1.248451 0.281487
v -0.303625 1.224439 0.266919
v -0.341954 1.202309 0.243263
v -0.375550 1.182913 0.211426
v -0.403122 1.166994 0.172632
v -0.423609 1.155166 0.128373
v -0.436225 1.147882 0.080349
v -0.440485 1.145422 0.030406
v -0.436225 1.147882 -0.019537
v -0.423609 1.155166 -0.067561
v -0.403122 1.166994 -0.111820
v -0.375550 1.182913 -0.150613
v -0.341954 1.202309 -0.182450
v -0.303625 1.224439 -0.206107
v -0.262035 1.248451 -0.220675
v -0.575120 1.890617 0.030406
vn -0.0884 0.3377 -0.9371
vn 0.0684 0.4282 -0.9011
vn 0.2161 0.5135 -0.8305
vn 0.3490 0.5902 -0.7279
vn 0.4621 0.6555 -0.5974
vn 0.5509 0.7067 -0.4439
vn 0.6121 0.7421 -0.2733
vn 0.6432 0.7601 -0.0923
vn 0.6432 0.7601 0.0923
vn 0.6121 0.7421 0.2733
vn 0.5509 0.7067 0.4439
vn 0.4621 0.6555 0.5974
vn 0.3490 0.5902 0.7279
vn 0.2161 0.5135 0.8305
vn 0.0684 0.4282 0.9011
vn -0.0884 0.3377 0.9371
vn -0.2482 0.2454 0.9371
vn -0.4050 0.1548 0.9011
vn -0.5527 0.0696 0.8305
vn -0.6856 -0.0072 0.7279
vn -0.7987 -0.0724 0.5974
vn -0.8875 -0.1237 0.4439
vn -0.9487 -0.1590 0.2733
vn -0.9799 -0.1770 0.0923
vn -0.9799 -0.1770 -0.0923
vn -0.9487 -0.1590 -0.2733
vn -0.8875 -0.1237 -0.4439
vn -0.7987 -0.0724 -0.5974
vn -0.6856 -0.0072 -0.7279
vn -0.5527 0.0696 -0.8305
vn 0.5000 -0.8660 -0.0000
vn -0.4050 0.1548 -0.9011
vn -0.2482 0.2454 -0.9371
vt 0.250000 0.490000
vt 0.250000 0.250000
vt 0.296822 0.485388
vt 0.341844 0.471731
vt 0.383337 0.449553
vt 0.419706 0.419706
vt 0.449553 0.383337
vt 0.471731 0.341844
vt 0.485388 0.296822
vt 0.490000 0.250000
vt 0.485388 0.203178
vt 0.471731 0.158156
vt 0.449553 0.116663
vt 0.419706 0.080294
vt 0.383337 0.050447
vt 0.341844 0.028269
vt 0.296822 0.014612
vt 0.250000 0.010000
vt 0.203178 0.014612
vt 0.158156 0.028269
vt 0.116663 0.050447
vt 0.080294 0.080294
vt 0.050447 0.116663
vt 0.028269 0.158156
vt 0.014612 0.203178
vt 0.010000 0.250000
vt 0.014612 0.296822
vt 0.028269 0.341844
vt 0.050447 0.383337
vt 0.080294 0.419706
vt 0.116663 0.449553
vt 0.158156 0.471731
vt 0.750000 0.490000
vt 0.796822 0.485388
vt 0.841844 0.471731
vt 0.883337 0.449553
vt 0.919706 0.419706
vt 0.949553 0.383337
vt 0.971731 0.341844
vt 0.985388 0.296822
vt 0.990000 0.250000
vt 0.985388 0.203178
vt 0.971731 0.158156
vt 0.949553 0.116663
vt 0.919706 0.080294
vt 0.883337 0.050447
vt 0.841844 0.028269
vt 0.796822 0.014612
vt 0.750000 0.010000
vt 0.703178 0.014612
vt 0.658156 0.028269
vt 0.616663 0.050447
vt 0.580294 0.080294
vt 0.550447 0.116663
vt 0.528269 0.158156
vt 0.514612 0.203178
vt 0.510000 0.250000
vt 0.514612 0.296822
vt 0.528269 0.341844
vt 0.550447 0.383337
vt 0.580294 0.419706
vt 0.616663 0.449553
vt 0.658156 0.471731
vt 0.703178 0.485388
vt 0.203178 0.485388
s 0
usemtl 
f 2806/2861/2762 2838/2862/2762 2807/2863/2762
f 2807/2863/2763 2838/2862/2763 2808/2864/2763
f 2808/2864/2764 2838/2862/2764 2809/2865/2764
f 2809/2865/2765 2838/2862/2765 2810/2866/2765
f 2810/2866/2766 2838/2862/2766 2811/2867/2766
f 2811/2867/2767 2838/2862/2767 2812/2868/2767
f 2812/2868/2768 2838/2862/2768 2813/2869/2768
f 2813/2869/2769 2838/2862/2769 2814/2870/2769
f 2814/2870/2770 2838/2862/2770 2815/2871/2770
f 2815/2871/2771 2838/2862/2771 2816/2872/2771
f 2816/2872/2772 2838/2862/2772 2817/2873/2772
f 2817/2873/2773 2838/2862/2773 2818/2874/2773
f 2818/2874/2774 2838/2862/2774 2819/2875/2774
f 2819/2875/2775 2838/2862/2775 2820/2876/2775
f 2820/2876/2776 2838/2862/2776 2821/2877/2776
f 2821/2877/2777 2838/2862/2777 2822/2878/2777
f 2822/2878/2778 2838/2862/2778 2823/2879/2778
f 2823/2879/2779 2838/2862/2779 2824/2880/2779
f 2824/2880/2780 2838/2862/2780 2825/2881/2780
f 2825/2881/2781 2838/2862/2781 2826/2882/2781
f 2826/2882/2782 2838/2862/2782 2827/2883/2782
f 2827/2883/2783 2838/2862/2783 2828/2884/2783
f 2828/2884/2784 2838/2862/2784 2829/2885/2784
f 2829/2885/2785 2838/2862/2785 2830/2886/2785
f 2830/2886/2786 2838/2862/2786 2831/2887/2786
f 2831/2887/2787 2838/2862/2787 2832/2888/2787
f 2832/2888/2788 2838/2862/2788 2833/2889/2788
f 2833/2889/2789 2838/2862/2789 2834/2890/2789
f 2834/2890/2790 2838/2862/2790 2835/2891/2790
f 2835/2891/2791 2838/2862/2791 2836/2892/2791
f 2806/2893/2792 2807/2894/2792 2808/2895/2792 2809/2896/2792 2810/2897/2792 2811/2898/2792 2812/2899/2792 2813/2900/2792 2814/2901/2792 2815/2902/2792 2816/2903/2792 2817/2904/2792 2818/2905/2792 2819/2906/2792 2820/2907/2792 2821/2908/2792 2822/2909/2792 2823/2910/2792 2824/2911/2792 2825/2912/2792 2826/2913/2792 2827/2914/2792 2828/2915/2792 2829/2916/2792 2830/2917/2792 2831/2918/2792 2832/2919/2792 2833/2920/2792 2834/2921/2792 2835/2922/2792 2836/2923/2792 2837/2924/2792
f 2836/2892/2793 2838/2862/2793 2837/2925/2793
f 2837/2925/2794 2838/2862/2794 2806/2861/2794
